arch_hash,architecture,n_layers,n_neurons_total,n_params,tanh_only
c700f0d1742e,"[[""tanh"", ""tanh"", ""tanh"", ""tanh"", ""tanh"", ""tanh"", ""tanh"", ""tanh"", ""tanh""]]",1,9,37,True
b98b112b2887,"[[""tanh"", ""tanh"", ""tanh"", ""tanh"", ""tanh"", ""tanh"", ""swish"", ""swish"", ""swish""]]",1,9,37,False
0c0a24762eb1,"[[""tanh"", ""tanh"", ""tanh"", ""tanh"", ""tanh"", ""tanh"", ""swish"", ""swish"", ""linear""]]",1,9,37,False
34d82b50437f,"[[""tanh"", ""tanh"", ""tanh"", ""tanh"", ""tanh"", ""tanh"", ""tanh"", ""tanh"", ""tanh"", ""tanh""]]",1,10,41,True
fe6ac7ec2a86,"[[""tanh"", ""tanh"", ""tanh"", ""tanh"", ""tanh"", ""tanh"", ""swish"", ""swish"", ""swish"", ""linear""]]",1,10,41,False
f8ca0426a716,"[[""tanh"", ""tanh"", ""tanh"", ""tanh"", ""tanh"", ""tanh"", ""swish"", ""swish"", ""linear"", ""linear""]]",1,10,41,False
8219418cf274,"[[""tanh"", ""tanh"", ""tanh"", ""tanh"", ""tanh"", ""tanh"", ""tanh"", ""tanh"", ""tanh"", ""tanh"", ""tanh""]]",1,11,45,True
0ccea393a49e,"[[""tanh"", ""tanh"", ""tanh"", ""tanh"", ""tanh"", ""tanh"", ""tanh"", ""swish"", ""swish"", ""swish"", ""linear""]]",1,11,45,False
04d4cc0f6970,"[[""tanh"", ""tanh"", ""tanh"", ""tanh"", ""tanh"", ""tanh"", ""tanh"", ""swish"", ""swish"", ""linear"", ""linear""]]",1,11,45,False
04bd7b1a3f17,"[[""tanh"", ""tanh"", ""tanh"", ""tanh"", ""tanh"", ""tanh"", ""tanh"", ""tanh"", ""tanh"", ""tanh"", ""tanh"", ""tanh""]]",1,12,49,True
9e97453395dc,"[[""tanh"", ""tanh"", ""tanh"", ""tanh"", ""tanh"", ""tanh"", ""tanh"", ""tanh"", ""swish"", ""swish"", ""swish"", ""linear""]]",1,12,49,False
9d937e79f6a9,"[[""tanh"", ""tanh"", ""tanh"", ""tanh"", ""tanh"", ""tanh"", ""tanh"", ""tanh"", ""swish"", ""swish"", ""linear"", ""linear""]]",1,12,49,False
274eb7e16336,"[[""tanh"", ""tanh"", ""tanh"", ""tanh"", ""tanh"", ""tanh"", ""tanh"", ""tanh"", ""tanh"", ""tanh"", ""tanh"", ""tanh"", ""tanh""]]",1,13,53,True
b3d64303f341,"[[""tanh"", ""tanh"", ""tanh"", ""tanh"", ""tanh"", ""tanh"", ""tanh"", ""tanh"", ""swish"", ""swish"", ""swish"", ""swish"", ""linear""]]",1,13,53,False
0a3a19d0376a,"[[""tanh"", ""tanh"", ""tanh"", ""tanh"", ""tanh"", ""tanh"", ""tanh"", ""tanh"", ""swish"", ""swish"", ""swish"", ""linear"", ""linear""]]",1,13,53,False
0a2d7dbd60ee,"[[""tanh"", ""tanh"", ""tanh"", ""tanh"", ""tanh"", ""tanh"", ""tanh"", ""tanh"", ""tanh"", ""tanh"", ""tanh"", ""tanh"", ""tanh"", ""tanh""]]",1,14,57,True
3c37bc0f2f70,"[[""tanh"", ""tanh"", ""tanh"", ""tanh"", ""tanh"", ""tanh"", ""tanh"", ""tanh"", ""tanh"", ""swish"", ""swish"", ""swish"", ""swish"", ""linear""]]",1,14,57,False
1988e3220b8d,"[[""tanh"", ""tanh"", ""tanh"", ""tanh"", ""tanh"", ""tanh"", ""tanh"", ""tanh"", ""tanh"", ""swish"", ""swish"", ""swish"", ""linear"", ""linear""]]",1,14,57,False
82399d83e529,"[[""tanh"", ""tanh"", ""tanh"", ""tanh"", ""tanh"", ""tanh"", ""tanh"", ""tanh"", ""tanh"", ""tanh"", ""tanh"", ""tanh"", ""tanh"", ""tanh"", ""tanh""]]",1,15,61,True
ef1129954954,"[[""tanh"", ""tanh"", ""tanh"", ""tanh"", ""tanh"", ""tanh"", ""tanh"", ""tanh"", ""tanh"", ""tanh"", ""swish"", ""swish"", ""swish"", ""swish"", ""linear""]]",1,15,61,False
9c297e225ae1,"[[""tanh"", ""tanh"", ""tanh"", ""tanh"", ""tanh"", ""tanh"", ""tanh"", ""tanh"", ""tanh"", ""swish"", ""swish"", ""swish"", ""linear"", ""linear"", ""linear""]]",1,15,61,False
ef91ac773637,"[[""tanh"", ""tanh"", ""tanh"", ""tanh"", ""tanh"", ""tanh"", ""tanh"", ""tanh"", ""tanh"", ""tanh"", ""tanh"", ""tanh"", ""tanh"", ""tanh"", ""tanh"", ""tanh""]]",1,16,65,True
1bba5a9ef633,"[[""tanh"", ""tanh"", ""tanh"", ""tanh"", ""tanh"", ""tanh"", ""tanh"", ""tanh"", ""tanh"", ""tanh"", ""swish"", ""swish"", ""swish"", ""swish"", ""swish"", ""linear""]]",1,16,65,False
387b49ab3b99,"[[""tanh"", ""tanh"", ""tanh"", ""tanh"", ""tanh"", ""tanh"", ""tanh"", ""tanh"", ""tanh"", ""tanh"", ""swish"", ""swish"", ""swish"", ""linear"", ""linear"", ""linear""]]",1,16,65,False
5cf3b268c908,"[[""tanh"", ""tanh""], [""tanh"", ""tanh"", ""tanh"", ""tanh"", ""tanh"", ""tanh"", ""tanh""]]",2,9,35,True
228b7eef39e5,"[[""tanh"", ""tanh""], [""tanh"", ""tanh"", ""tanh"", ""tanh"", ""tanh"", ""swish"", ""swish""]]",2,9,35,False
05254292a2ed,"[[""tanh"", ""tanh""], [""tanh"", ""tanh"", ""tanh"", ""tanh"", ""tanh"", ""swish"", ""linear""]]",2,9,35,False
affad4b642a0,"[[""tanh"", ""tanh""], [""tanh"", ""tanh"", ""tanh"", ""tanh"", ""tanh"", ""tanh"", ""tanh"", ""tanh""]]",2,10,39,True
8f0184247886,"[[""tanh"", ""tanh""], [""tanh"", ""tanh"", ""tanh"", ""tanh"", ""tanh"", ""swish"", ""swish"", ""swish""]]",2,10,39,False
bc8c95216ff4,"[[""tanh"", ""tanh""], [""tanh"", ""tanh"", ""tanh"", ""tanh"", ""tanh"", ""swish"", ""swish"", ""linear""]]",2,10,39,False
e8e25eea5555,"[[""tanh"", ""tanh""], [""tanh"", ""tanh"", ""tanh"", ""tanh"", ""tanh"", ""tanh"", ""tanh"", ""tanh"", ""tanh""]]",2,11,43,True
3fffbfeb09a0,"[[""tanh"", ""tanh""], [""tanh"", ""tanh"", ""tanh"", ""tanh"", ""tanh"", ""tanh"", ""swish"", ""swish"", ""swish""]]",2,11,43,False
f23ff0091d4c,"[[""tanh"", ""tanh""], [""tanh"", ""tanh"", ""tanh"", ""tanh"", ""tanh"", ""tanh"", ""swish"", ""swish"", ""linear""]]",2,11,43,False
212a7dfa284d,"[[""tanh"", ""tanh""], [""tanh"", ""tanh"", ""tanh"", ""tanh"", ""tanh"", ""tanh"", ""tanh"", ""tanh"", ""tanh"", ""tanh""]]",2,12,47,True
716c648d1b92,"[[""tanh"", ""tanh""], [""tanh"", ""tanh"", ""tanh"", ""tanh"", ""tanh"", ""tanh"", ""swish"", ""swish"", ""swish"", ""linear""]]",2,12,47,False
89bae8d24bec,"[[""tanh"", ""tanh""], [""tanh"", ""tanh"", ""tanh"", ""tanh"", ""tanh"", ""tanh"", ""swish"", ""swish"", ""linear"", ""linear""]]",2,12,47,False
b95027969962,"[[""tanh"", ""tanh""], [""tanh"", ""tanh"", ""tanh"", ""tanh"", ""tanh"", ""tanh"", ""tanh"", ""tanh"", ""tanh"", ""tanh"", ""tanh""]]",2,13,51,True
5a4ab50ffa19,"[[""tanh"", ""tanh""], [""tanh"", ""tanh"", ""tanh"", ""tanh"", ""tanh"", ""tanh"", ""tanh"", ""swish"", ""swish"", ""swish"", ""linear""]]",2,13,51,False
92ba0479644e,"[[""tanh"", ""tanh""], [""tanh"", ""tanh"", ""tanh"", ""tanh"", ""tanh"", ""tanh"", ""tanh"", ""swish"", ""swish"", ""linear"", ""linear""]]",2,13,51,False
08a3328cf36f,"[[""tanh"", ""tanh""], [""tanh"", ""tanh"", ""tanh"", ""tanh"", ""tanh"", ""tanh"", ""tanh"", ""tanh"", ""tanh"", ""tanh"", ""tanh"", ""tanh""]]",2,14,55,True
469217079d59,"[[""tanh"", ""tanh""], [""tanh"", ""tanh"", ""tanh"", ""tanh"", ""tanh"", ""tanh"", ""tanh"", ""tanh"", ""swish"", ""swish"", ""swish"", ""linear""]]",2,14,55,False
0312153a5c1d,"[[""tanh"", ""tanh""], [""tanh"", ""tanh"", ""tanh"", ""tanh"", ""tanh"", ""tanh"", ""tanh"", ""tanh"", ""swish"", ""swish"", ""linear"", ""linear""]]",2,14,55,False
de80876a1356,"[[""tanh"", ""tanh""], [""tanh"", ""tanh"", ""tanh"", ""tanh"", ""tanh"", ""tanh"", ""tanh"", ""tanh"", ""tanh"", ""tanh"", ""tanh"", ""tanh"", ""tanh""]]",2,15,59,True
481e9ac3d293,"[[""tanh"", ""tanh""], [""tanh"", ""tanh"", ""tanh"", ""tanh"", ""tanh"", ""tanh"", ""tanh"", ""tanh"", ""swish"", ""swish"", ""swish"", ""swish"", ""linear""]]",2,15,59,False
998d0f73a0fe,"[[""tanh"", ""tanh""], [""tanh"", ""tanh"", ""tanh"", ""tanh"", ""tanh"", ""tanh"", ""tanh"", ""tanh"", ""swish"", ""swish"", ""swish"", ""linear"", ""linear""]]",2,15,59,False
e0fda82ebbf8,"[[""tanh"", ""tanh""], [""tanh"", ""tanh"", ""tanh"", ""tanh"", ""tanh"", ""tanh"", ""tanh"", ""tanh"", ""tanh"", ""tanh"", ""tanh"", ""tanh"", ""tanh"", ""tanh""]]",2,16,63,True
e6765224daee,"[[""tanh"", ""tanh""], [""tanh"", ""tanh"", ""tanh"", ""tanh"", ""tanh"", ""tanh"", ""tanh"", ""tanh"", ""tanh"", ""swish"", ""swish"", ""swish"", ""swish"", ""linear""]]",2,16,63,False
e47980330e41,"[[""tanh"", ""tanh""], [""tanh"", ""tanh"", ""tanh"", ""tanh"", ""tanh"", ""tanh"", ""tanh"", ""tanh"", ""tanh"", ""swish"", ""swish"", ""swish"", ""linear"", ""linear""]]",2,16,63,False
edeb99aa6321,"[[""tanh"", ""tanh"", ""tanh""], [""tanh"", ""tanh"", ""tanh"", ""tanh"", ""tanh"", ""tanh""]]",2,9,40,True
0a38ceb97bf6,"[[""tanh"", ""tanh"", ""swish""], [""tanh"", ""tanh"", ""tanh"", ""tanh"", ""swish"", ""swish""]]",2,9,40,False
9b2c288e48bc,"[[""tanh"", ""tanh"", ""swish""], [""tanh"", ""tanh"", ""tanh"", ""tanh"", ""swish"", ""linear""]]",2,9,40,False
b07a6a571f17,"[[""tanh"", ""tanh"", ""tanh""], [""tanh"", ""tanh"", ""tanh"", ""tanh"", ""tanh"", ""tanh"", ""tanh""]]",2,10,45,True
04e834da63cd,"[[""tanh"", ""tanh"", ""swish""], [""tanh"", ""tanh"", ""tanh"", ""tanh"", ""tanh"", ""swish"", ""swish""]]",2,10,45,False
16ad13f7c05c,"[[""tanh"", ""tanh"", ""swish""], [""tanh"", ""tanh"", ""tanh"", ""tanh"", ""tanh"", ""swish"", ""linear""]]",2,10,45,False
53d7e67b7ff7,"[[""tanh"", ""tanh"", ""tanh""], [""tanh"", ""tanh"", ""tanh"", ""tanh"", ""tanh"", ""tanh"", ""tanh"", ""tanh""]]",2,11,50,True
016435bf68d8,"[[""tanh"", ""tanh"", ""swish""], [""tanh"", ""tanh"", ""tanh"", ""tanh"", ""tanh"", ""swish"", ""swish"", ""swish""]]",2,11,50,False
680b0a56dba3,"[[""tanh"", ""tanh"", ""swish""], [""tanh"", ""tanh"", ""tanh"", ""tanh"", ""tanh"", ""swish"", ""swish"", ""linear""]]",2,11,50,False
f1a7a85c3d19,"[[""tanh"", ""tanh"", ""tanh""], [""tanh"", ""tanh"", ""tanh"", ""tanh"", ""tanh"", ""tanh"", ""tanh"", ""tanh"", ""tanh""]]",2,12,55,True
41f964b488f6,"[[""tanh"", ""tanh"", ""swish""], [""tanh"", ""tanh"", ""tanh"", ""tanh"", ""tanh"", ""tanh"", ""swish"", ""swish"", ""swish""]]",2,12,55,False
d38aeae85dc5,"[[""tanh"", ""tanh"", ""swish""], [""tanh"", ""tanh"", ""tanh"", ""tanh"", ""tanh"", ""tanh"", ""swish"", ""swish"", ""linear""]]",2,12,55,False
7b9893491237,"[[""tanh"", ""tanh"", ""tanh""], [""tanh"", ""tanh"", ""tanh"", ""tanh"", ""tanh"", ""tanh"", ""tanh"", ""tanh"", ""tanh"", ""tanh""]]",2,13,60,True
745952066d94,"[[""tanh"", ""tanh"", ""swish""], [""tanh"", ""tanh"", ""tanh"", ""tanh"", ""tanh"", ""tanh"", ""swish"", ""swish"", ""swish"", ""linear""]]",2,13,60,False
a400a7966ac9,"[[""tanh"", ""tanh"", ""swish""], [""tanh"", ""tanh"", ""tanh"", ""tanh"", ""tanh"", ""tanh"", ""swish"", ""swish"", ""linear"", ""linear""]]",2,13,60,False
d5343d4660df,"[[""tanh"", ""tanh"", ""tanh""], [""tanh"", ""tanh"", ""tanh"", ""tanh"", ""tanh"", ""tanh"", ""tanh"", ""tanh"", ""tanh"", ""tanh"", ""tanh""]]",2,14,65,True
48603f8cbf29,"[[""tanh"", ""tanh"", ""swish""], [""tanh"", ""tanh"", ""tanh"", ""tanh"", ""tanh"", ""tanh"", ""tanh"", ""swish"", ""swish"", ""swish"", ""linear""]]",2,14,65,False
608efeef84ce,"[[""tanh"", ""tanh"", ""swish""], [""tanh"", ""tanh"", ""tanh"", ""tanh"", ""tanh"", ""tanh"", ""tanh"", ""swish"", ""swish"", ""linear"", ""linear""]]",2,14,65,False
2a07c6ea1197,"[[""tanh"", ""tanh"", ""tanh""], [""tanh"", ""tanh"", ""tanh"", ""tanh"", ""tanh"", ""tanh"", ""tanh"", ""tanh"", ""tanh"", ""tanh"", ""tanh"", ""tanh""]]",2,15,70,True
6b5b20779608,"[[""tanh"", ""tanh"", ""swish""], [""tanh"", ""tanh"", ""tanh"", ""tanh"", ""tanh"", ""tanh"", ""tanh"", ""tanh"", ""swish"", ""swish"", ""swish"", ""linear""]]",2,15,70,False
b96fe2012521,"[[""tanh"", ""tanh"", ""swish""], [""tanh"", ""tanh"", ""tanh"", ""tanh"", ""tanh"", ""tanh"", ""tanh"", ""tanh"", ""swish"", ""swish"", ""linear"", ""linear""]]",2,15,70,False
d5d083979e09,"[[""tanh"", ""tanh"", ""tanh""], [""tanh"", ""tanh"", ""tanh"", ""tanh"", ""tanh"", ""tanh"", ""tanh"", ""tanh"", ""tanh"", ""tanh"", ""tanh"", ""tanh"", ""tanh""]]",2,16,75,True
9e60c6e1d7a3,"[[""tanh"", ""tanh"", ""swish""], [""tanh"", ""tanh"", ""tanh"", ""tanh"", ""tanh"", ""tanh"", ""tanh"", ""tanh"", ""swish"", ""swish"", ""swish"", ""swish"", ""linear""]]",2,16,75,False
526e1b7cbe56,"[[""tanh"", ""tanh"", ""swish""], [""tanh"", ""tanh"", ""tanh"", ""tanh"", ""tanh"", ""tanh"", ""tanh"", ""tanh"", ""swish"", ""swish"", ""swish"", ""linear"", ""linear""]]",2,16,75,False
222c0e05afca,"[[""tanh"", ""tanh"", ""tanh"", ""tanh""], [""tanh"", ""tanh"", ""tanh"", ""tanh"", ""tanh""]]",2,9,43,True
64c3ed052ddb,"[[""tanh"", ""tanh"", ""tanh"", ""swish""], [""tanh"", ""tanh"", ""tanh"", ""tanh"", ""swish""]]",2,9,43,False
8fab8fc4c831,"[[""tanh"", ""tanh"", ""tanh"", ""swish""], [""tanh"", ""tanh"", ""tanh"", ""swish"", ""linear""]]",2,9,43,False
f1ef1fe15e75,"[[""tanh"", ""tanh"", ""tanh"", ""tanh""], [""tanh"", ""tanh"", ""tanh"", ""tanh"", ""tanh"", ""tanh""]]",2,10,49,True
f4811adb72b4,"[[""tanh"", ""tanh"", ""tanh"", ""swish""], [""tanh"", ""tanh"", ""tanh"", ""tanh"", ""swish"", ""swish""]]",2,10,49,False
cc1cdbb4b29f,"[[""tanh"", ""tanh"", ""tanh"", ""swish""], [""tanh"", ""tanh"", ""tanh"", ""tanh"", ""swish"", ""linear""]]",2,10,49,False
a9b8753650c8,"[[""tanh"", ""tanh"", ""tanh"", ""tanh""], [""tanh"", ""tanh"", ""tanh"", ""tanh"", ""tanh"", ""tanh"", ""tanh""]]",2,11,55,True
5272500164e2,"[[""tanh"", ""tanh"", ""tanh"", ""swish""], [""tanh"", ""tanh"", ""tanh"", ""tanh"", ""tanh"", ""swish"", ""swish""]]",2,11,55,False
f0eee49a3fd2,"[[""tanh"", ""tanh"", ""tanh"", ""swish""], [""tanh"", ""tanh"", ""tanh"", ""tanh"", ""tanh"", ""swish"", ""linear""]]",2,11,55,False
bfc4e78d09ec,"[[""tanh"", ""tanh"", ""tanh"", ""tanh""], [""tanh"", ""tanh"", ""tanh"", ""tanh"", ""tanh"", ""tanh"", ""tanh"", ""tanh""]]",2,12,61,True
49fcb54562e4,"[[""tanh"", ""tanh"", ""tanh"", ""swish""], [""tanh"", ""tanh"", ""tanh"", ""tanh"", ""tanh"", ""swish"", ""swish"", ""swish""]]",2,12,61,False
2e7506b0377a,"[[""tanh"", ""tanh"", ""tanh"", ""swish""], [""tanh"", ""tanh"", ""tanh"", ""tanh"", ""tanh"", ""swish"", ""swish"", ""linear""]]",2,12,61,False
8174b525604e,"[[""tanh"", ""tanh"", ""tanh"", ""tanh""], [""tanh"", ""tanh"", ""tanh"", ""tanh"", ""tanh"", ""tanh"", ""tanh"", ""tanh"", ""tanh""]]",2,13,67,True
bca74cf7e578,"[[""tanh"", ""tanh"", ""tanh"", ""swish""], [""tanh"", ""tanh"", ""tanh"", ""tanh"", ""tanh"", ""tanh"", ""swish"", ""swish"", ""swish""]]",2,13,67,False
fe3e3a40a879,"[[""tanh"", ""tanh"", ""tanh"", ""swish""], [""tanh"", ""tanh"", ""tanh"", ""tanh"", ""tanh"", ""tanh"", ""swish"", ""swish"", ""linear""]]",2,13,67,False
81d7b30f1572,"[[""tanh"", ""tanh"", ""tanh"", ""tanh""], [""tanh"", ""tanh"", ""tanh"", ""tanh"", ""tanh"", ""tanh"", ""tanh"", ""tanh"", ""tanh"", ""tanh""]]",2,14,73,True
15980ec748ab,"[[""tanh"", ""tanh"", ""tanh"", ""swish""], [""tanh"", ""tanh"", ""tanh"", ""tanh"", ""tanh"", ""tanh"", ""swish"", ""swish"", ""swish"", ""linear""]]",2,14,73,False
755547801f3e,"[[""tanh"", ""tanh"", ""tanh"", ""swish""], [""tanh"", ""tanh"", ""tanh"", ""tanh"", ""tanh"", ""tanh"", ""swish"", ""swish"", ""linear"", ""linear""]]",2,14,73,False
c8e99041f732,"[[""tanh"", ""tanh"", ""tanh"", ""tanh""], [""tanh"", ""tanh"", ""tanh"", ""tanh"", ""tanh"", ""tanh"", ""tanh"", ""tanh"", ""tanh"", ""tanh"", ""tanh""]]",2,15,79,True
e4082b290e94,"[[""tanh"", ""tanh"", ""tanh"", ""swish""], [""tanh"", ""tanh"", ""tanh"", ""tanh"", ""tanh"", ""tanh"", ""tanh"", ""swish"", ""swish"", ""swish"", ""linear""]]",2,15,79,False
b6f87293c4c2,"[[""tanh"", ""tanh"", ""tanh"", ""swish""], [""tanh"", ""tanh"", ""tanh"", ""tanh"", ""tanh"", ""tanh"", ""tanh"", ""swish"", ""swish"", ""linear"", ""linear""]]",2,15,79,False
01d30f18bc96,"[[""tanh"", ""tanh"", ""tanh"", ""tanh""], [""tanh"", ""tanh"", ""tanh"", ""tanh"", ""tanh"", ""tanh"", ""tanh"", ""tanh"", ""tanh"", ""tanh"", ""tanh"", ""tanh""]]",2,16,85,True
05456994a669,"[[""tanh"", ""tanh"", ""tanh"", ""swish""], [""tanh"", ""tanh"", ""tanh"", ""tanh"", ""tanh"", ""tanh"", ""tanh"", ""tanh"", ""swish"", ""swish"", ""swish"", ""linear""]]",2,16,85,False
34ba7b3820ce,"[[""tanh"", ""tanh"", ""tanh"", ""swish""], [""tanh"", ""tanh"", ""tanh"", ""tanh"", ""tanh"", ""tanh"", ""tanh"", ""tanh"", ""swish"", ""swish"", ""linear"", ""linear""]]",2,16,85,False
0312181c37f7,"[[""tanh"", ""tanh"", ""tanh"", ""tanh"", ""tanh""], [""tanh"", ""tanh"", ""tanh"", ""tanh""]]",2,9,44,True
db24ce137075,"[[""tanh"", ""tanh"", ""tanh"", ""tanh"", ""swish""], [""tanh"", ""tanh"", ""tanh"", ""swish""]]",2,9,44,False
2dded26a32b2,"[[""tanh"", ""tanh"", ""tanh"", ""swish"", ""linear""], [""tanh"", ""tanh"", ""tanh"", ""swish""]]",2,9,44,False
2c0da24ecc98,"[[""tanh"", ""tanh"", ""tanh"", ""tanh"", ""tanh""], [""tanh"", ""tanh"", ""tanh"", ""tanh"", ""tanh""]]",2,10,51,True
f303de96ebea,"[[""tanh"", ""tanh"", ""tanh"", ""tanh"", ""swish""], [""tanh"", ""tanh"", ""tanh"", ""tanh"", ""swish""]]",2,10,51,False
201e82981e3e,"[[""tanh"", ""tanh"", ""tanh"", ""swish"", ""linear""], [""tanh"", ""tanh"", ""tanh"", ""swish"", ""linear""]]",2,10,51,False
86058723eeee,"[[""tanh"", ""tanh"", ""tanh"", ""tanh"", ""tanh""], [""tanh"", ""tanh"", ""tanh"", ""tanh"", ""tanh"", ""tanh""]]",2,11,58,True
615d3009f8b2,"[[""tanh"", ""tanh"", ""tanh"", ""tanh"", ""swish""], [""tanh"", ""tanh"", ""tanh"", ""tanh"", ""swish"", ""swish""]]",2,11,58,False
221e7209133f,"[[""tanh"", ""tanh"", ""tanh"", ""swish"", ""linear""], [""tanh"", ""tanh"", ""tanh"", ""tanh"", ""swish"", ""linear""]]",2,11,58,False
66c73b8fec99,"[[""tanh"", ""tanh"", ""tanh"", ""tanh"", ""tanh""], [""tanh"", ""tanh"", ""tanh"", ""tanh"", ""tanh"", ""tanh"", ""tanh""]]",2,12,65,True
1387d8537417,"[[""tanh"", ""tanh"", ""tanh"", ""tanh"", ""swish""], [""tanh"", ""tanh"", ""tanh"", ""tanh"", ""tanh"", ""swish"", ""swish""]]",2,12,65,False
630f0e22f931,"[[""tanh"", ""tanh"", ""tanh"", ""swish"", ""linear""], [""tanh"", ""tanh"", ""tanh"", ""tanh"", ""tanh"", ""swish"", ""linear""]]",2,12,65,False
dc9d032f8d13,"[[""tanh"", ""tanh"", ""tanh"", ""tanh"", ""tanh""], [""tanh"", ""tanh"", ""tanh"", ""tanh"", ""tanh"", ""tanh"", ""tanh"", ""tanh""]]",2,13,72,True
a2c72a2b5f5d,"[[""tanh"", ""tanh"", ""tanh"", ""tanh"", ""swish""], [""tanh"", ""tanh"", ""tanh"", ""tanh"", ""tanh"", ""swish"", ""swish"", ""swish""]]",2,13,72,False
6d6e5e059295,"[[""tanh"", ""tanh"", ""tanh"", ""swish"", ""linear""], [""tanh"", ""tanh"", ""tanh"", ""tanh"", ""tanh"", ""swish"", ""swish"", ""linear""]]",2,13,72,False
51ea219f47c5,"[[""tanh"", ""tanh"", ""tanh"", ""tanh"", ""tanh""], [""tanh"", ""tanh"", ""tanh"", ""tanh"", ""tanh"", ""tanh"", ""tanh"", ""tanh"", ""tanh""]]",2,14,79,True
d4fd9da037b3,"[[""tanh"", ""tanh"", ""tanh"", ""tanh"", ""swish""], [""tanh"", ""tanh"", ""tanh"", ""tanh"", ""tanh"", ""tanh"", ""swish"", ""swish"", ""swish""]]",2,14,79,False
3300f60c972f,"[[""tanh"", ""tanh"", ""tanh"", ""swish"", ""linear""], [""tanh"", ""tanh"", ""tanh"", ""tanh"", ""tanh"", ""tanh"", ""swish"", ""swish"", ""linear""]]",2,14,79,False
c875bc3c873f,"[[""tanh"", ""tanh"", ""tanh"", ""tanh"", ""tanh""], [""tanh"", ""tanh"", ""tanh"", ""tanh"", ""tanh"", ""tanh"", ""tanh"", ""tanh"", ""tanh"", ""tanh""]]",2,15,86,True
37e913cf1bc5,"[[""tanh"", ""tanh"", ""tanh"", ""tanh"", ""swish""], [""tanh"", ""tanh"", ""tanh"", ""tanh"", ""tanh"", ""tanh"", ""swish"", ""swish"", ""swish"", ""linear""]]",2,15,86,False
a1074343b460,"[[""tanh"", ""tanh"", ""tanh"", ""swish"", ""linear""], [""tanh"", ""tanh"", ""tanh"", ""tanh"", ""tanh"", ""tanh"", ""swish"", ""swish"", ""linear"", ""linear""]]",2,15,86,False
cf7dcc9868f4,"[[""tanh"", ""tanh"", ""tanh"", ""tanh"", ""tanh""], [""tanh"", ""tanh"", ""tanh"", ""tanh"", ""tanh"", ""tanh"", ""tanh"", ""tanh"", ""tanh"", ""tanh"", ""tanh""]]",2,16,93,True
9ef4342c209e,"[[""tanh"", ""tanh"", ""tanh"", ""tanh"", ""swish""], [""tanh"", ""tanh"", ""tanh"", ""tanh"", ""tanh"", ""tanh"", ""tanh"", ""swish"", ""swish"", ""swish"", ""linear""]]",2,16,93,False
6faeb31960af,"[[""tanh"", ""tanh"", ""tanh"", ""swish"", ""linear""], [""tanh"", ""tanh"", ""tanh"", ""tanh"", ""tanh"", ""tanh"", ""tanh"", ""swish"", ""swish"", ""linear"", ""linear""]]",2,16,93,False
eb37836190f9,"[[""tanh"", ""tanh"", ""tanh"", ""tanh"", ""tanh"", ""tanh""], [""tanh"", ""tanh"", ""tanh""]]",2,9,43,True
ea5538380569,"[[""tanh"", ""tanh"", ""tanh"", ""tanh"", ""swish"", ""swish""], [""tanh"", ""tanh"", ""swish""]]",2,9,43,False
a549919606d8,"[[""tanh"", ""tanh"", ""tanh"", ""tanh"", ""swish"", ""linear""], [""tanh"", ""tanh"", ""swish""]]",2,9,43,False
38ed0afd4833,"[[""tanh"", ""tanh"", ""tanh"", ""tanh"", ""tanh"", ""tanh""], [""tanh"", ""tanh"", ""tanh"", ""tanh""]]",2,10,51,True
df5ca2d359ee,"[[""tanh"", ""tanh"", ""tanh"", ""tanh"", ""swish"", ""swish""], [""tanh"", ""tanh"", ""tanh"", ""swish""]]",2,10,51,False
995c2ff1fdbf,"[[""tanh"", ""tanh"", ""tanh"", ""tanh"", ""swish"", ""linear""], [""tanh"", ""tanh"", ""tanh"", ""swish""]]",2,10,51,False
da2f251dcaeb,"[[""tanh"", ""tanh"", ""tanh"", ""tanh"", ""tanh"", ""tanh""], [""tanh"", ""tanh"", ""tanh"", ""tanh"", ""tanh""]]",2,11,59,True
0f59f68c9c7a,"[[""tanh"", ""tanh"", ""tanh"", ""tanh"", ""swish"", ""swish""], [""tanh"", ""tanh"", ""tanh"", ""tanh"", ""swish""]]",2,11,59,False
ef3ce278804a,"[[""tanh"", ""tanh"", ""tanh"", ""tanh"", ""swish"", ""linear""], [""tanh"", ""tanh"", ""tanh"", ""swish"", ""linear""]]",2,11,59,False
74673dc34444,"[[""tanh"", ""tanh"", ""tanh"", ""tanh"", ""tanh"", ""tanh""], [""tanh"", ""tanh"", ""tanh"", ""tanh"", ""tanh"", ""tanh""]]",2,12,67,True
08c21391ce12,"[[""tanh"", ""tanh"", ""tanh"", ""tanh"", ""swish"", ""swish""], [""tanh"", ""tanh"", ""tanh"", ""tanh"", ""swish"", ""swish""]]",2,12,67,False
f8e5a539e17d,"[[""tanh"", ""tanh"", ""tanh"", ""tanh"", ""swish"", ""linear""], [""tanh"", ""tanh"", ""tanh"", ""tanh"", ""swish"", ""linear""]]",2,12,67,False
84ec1a6b7d53,"[[""tanh"", ""tanh"", ""tanh"", ""tanh"", ""tanh"", ""tanh""], [""tanh"", ""tanh"", ""tanh"", ""tanh"", ""tanh"", ""tanh"", ""tanh""]]",2,13,75,True
1f53e77ac345,"[[""tanh"", ""tanh"", ""tanh"", ""tanh"", ""swish"", ""swish""], [""tanh"", ""tanh"", ""tanh"", ""tanh"", ""tanh"", ""swish"", ""swish""]]",2,13,75,False
c3475b9fe09a,"[[""tanh"", ""tanh"", ""tanh"", ""tanh"", ""swish"", ""linear""], [""tanh"", ""tanh"", ""tanh"", ""tanh"", ""tanh"", ""swish"", ""linear""]]",2,13,75,False
e01ddd815f13,"[[""tanh"", ""tanh"", ""tanh"", ""tanh"", ""tanh"", ""tanh""], [""tanh"", ""tanh"", ""tanh"", ""tanh"", ""tanh"", ""tanh"", ""tanh"", ""tanh""]]",2,14,83,True
ce23d1411e52,"[[""tanh"", ""tanh"", ""tanh"", ""tanh"", ""swish"", ""swish""], [""tanh"", ""tanh"", ""tanh"", ""tanh"", ""tanh"", ""swish"", ""swish"", ""swish""]]",2,14,83,False
8d3b5956f546,"[[""tanh"", ""tanh"", ""tanh"", ""tanh"", ""swish"", ""linear""], [""tanh"", ""tanh"", ""tanh"", ""tanh"", ""tanh"", ""swish"", ""swish"", ""linear""]]",2,14,83,False
8f5e8e70ee6d,"[[""tanh"", ""tanh"", ""tanh"", ""tanh"", ""tanh"", ""tanh""], [""tanh"", ""tanh"", ""tanh"", ""tanh"", ""tanh"", ""tanh"", ""tanh"", ""tanh"", ""tanh""]]",2,15,91,True
abef9ac84965,"[[""tanh"", ""tanh"", ""tanh"", ""tanh"", ""swish"", ""swish""], [""tanh"", ""tanh"", ""tanh"", ""tanh"", ""tanh"", ""tanh"", ""swish"", ""swish"", ""swish""]]",2,15,91,False
e087493d2944,"[[""tanh"", ""tanh"", ""tanh"", ""tanh"", ""swish"", ""linear""], [""tanh"", ""tanh"", ""tanh"", ""tanh"", ""tanh"", ""tanh"", ""swish"", ""swish"", ""linear""]]",2,15,91,False
8bfe2fd8cbdf,"[[""tanh"", ""tanh"", ""tanh"", ""tanh"", ""tanh"", ""tanh""], [""tanh"", ""tanh"", ""tanh"", ""tanh"", ""tanh"", ""tanh"", ""tanh"", ""tanh"", ""tanh"", ""tanh""]]",2,16,99,True
cf271074f368,"[[""tanh"", ""tanh"", ""tanh"", ""tanh"", ""swish"", ""swish""], [""tanh"", ""tanh"", ""tanh"", ""tanh"", ""tanh"", ""tanh"", ""swish"", ""swish"", ""swish"", ""linear""]]",2,16,99,False
8c3d1fced6d3,"[[""tanh"", ""tanh"", ""tanh"", ""tanh"", ""swish"", ""linear""], [""tanh"", ""tanh"", ""tanh"", ""tanh"", ""tanh"", ""tanh"", ""swish"", ""swish"", ""linear"", ""linear""]]",2,16,99,False
58321944b597,"[[""tanh"", ""tanh"", ""tanh"", ""tanh"", ""tanh"", ""tanh"", ""tanh""], [""tanh"", ""tanh""]]",2,9,40,True
2b5d7ce524db,"[[""tanh"", ""tanh"", ""tanh"", ""tanh"", ""tanh"", ""swish"", ""swish""], [""tanh"", ""tanh""]]",2,9,40,False
2a897aa358db,"[[""tanh"", ""tanh"", ""tanh"", ""tanh"", ""tanh"", ""swish"", ""linear""], [""tanh"", ""tanh""]]",2,9,40,False
fb22cda21f95,"[[""tanh"", ""tanh"", ""tanh"", ""tanh"", ""tanh"", ""tanh"", ""tanh""], [""tanh"", ""tanh"", ""tanh""]]",2,10,49,True
c8c0d689edf9,"[[""tanh"", ""tanh"", ""tanh"", ""tanh"", ""tanh"", ""swish"", ""swish""], [""tanh"", ""tanh"", ""swish""]]",2,10,49,False
572c7e527e9d,"[[""tanh"", ""tanh"", ""tanh"", ""tanh"", ""tanh"", ""swish"", ""linear""], [""tanh"", ""tanh"", ""swish""]]",2,10,49,False
deb5b0d4f4ba,"[[""tanh"", ""tanh"", ""tanh"", ""tanh"", ""tanh"", ""tanh"", ""tanh""], [""tanh"", ""tanh"", ""tanh"", ""tanh""]]",2,11,58,True
ae9277a82dd6,"[[""tanh"", ""tanh"", ""tanh"", ""tanh"", ""tanh"", ""swish"", ""swish""], [""tanh"", ""tanh"", ""tanh"", ""swish""]]",2,11,58,False
0635ccb90527,"[[""tanh"", ""tanh"", ""tanh"", ""tanh"", ""tanh"", ""swish"", ""linear""], [""tanh"", ""tanh"", ""tanh"", ""swish""]]",2,11,58,False
c645d021b4b8,"[[""tanh"", ""tanh"", ""tanh"", ""tanh"", ""tanh"", ""tanh"", ""tanh""], [""tanh"", ""tanh"", ""tanh"", ""tanh"", ""tanh""]]",2,12,67,True
036497a46998,"[[""tanh"", ""tanh"", ""tanh"", ""tanh"", ""tanh"", ""swish"", ""swish""], [""tanh"", ""tanh"", ""tanh"", ""tanh"", ""swish""]]",2,12,67,False
47c9cd5a78cf,"[[""tanh"", ""tanh"", ""tanh"", ""tanh"", ""tanh"", ""swish"", ""linear""], [""tanh"", ""tanh"", ""tanh"", ""swish"", ""linear""]]",2,12,67,False
768fd5f062dd,"[[""tanh"", ""tanh"", ""tanh"", ""tanh"", ""tanh"", ""tanh"", ""tanh""], [""tanh"", ""tanh"", ""tanh"", ""tanh"", ""tanh"", ""tanh""]]",2,13,76,True
b617d7fc3e83,"[[""tanh"", ""tanh"", ""tanh"", ""tanh"", ""tanh"", ""swish"", ""swish""], [""tanh"", ""tanh"", ""tanh"", ""tanh"", ""swish"", ""swish""]]",2,13,76,False
bf973d85f7ea,"[[""tanh"", ""tanh"", ""tanh"", ""tanh"", ""tanh"", ""swish"", ""linear""], [""tanh"", ""tanh"", ""tanh"", ""tanh"", ""swish"", ""linear""]]",2,13,76,False
1f4ae738c214,"[[""tanh"", ""tanh"", ""tanh"", ""tanh"", ""tanh"", ""tanh"", ""tanh""], [""tanh"", ""tanh"", ""tanh"", ""tanh"", ""tanh"", ""tanh"", ""tanh""]]",2,14,85,True
82e331ac3490,"[[""tanh"", ""tanh"", ""tanh"", ""tanh"", ""tanh"", ""swish"", ""swish""], [""tanh"", ""tanh"", ""tanh"", ""tanh"", ""tanh"", ""swish"", ""swish""]]",2,14,85,False
6b6a51b6e812,"[[""tanh"", ""tanh"", ""tanh"", ""tanh"", ""tanh"", ""swish"", ""linear""], [""tanh"", ""tanh"", ""tanh"", ""tanh"", ""tanh"", ""swish"", ""linear""]]",2,14,85,False
70c74bc74c80,"[[""tanh"", ""tanh"", ""tanh"", ""tanh"", ""tanh"", ""tanh"", ""tanh""], [""tanh"", ""tanh"", ""tanh"", ""tanh"", ""tanh"", ""tanh"", ""tanh"", ""tanh""]]",2,15,94,True
d2c3e16038f9,"[[""tanh"", ""tanh"", ""tanh"", ""tanh"", ""tanh"", ""swish"", ""swish""], [""tanh"", ""tanh"", ""tanh"", ""tanh"", ""tanh"", ""swish"", ""swish"", ""swish""]]",2,15,94,False
9717d652f74f,"[[""tanh"", ""tanh"", ""tanh"", ""tanh"", ""tanh"", ""swish"", ""linear""], [""tanh"", ""tanh"", ""tanh"", ""tanh"", ""tanh"", ""swish"", ""swish"", ""linear""]]",2,15,94,False
e0233a715113,"[[""tanh"", ""tanh"", ""tanh"", ""tanh"", ""tanh"", ""tanh"", ""tanh""], [""tanh"", ""tanh"", ""tanh"", ""tanh"", ""tanh"", ""tanh"", ""tanh"", ""tanh"", ""tanh""]]",2,16,103,True
8208cae636f7,"[[""tanh"", ""tanh"", ""tanh"", ""tanh"", ""tanh"", ""swish"", ""swish""], [""tanh"", ""tanh"", ""tanh"", ""tanh"", ""tanh"", ""tanh"", ""swish"", ""swish"", ""swish""]]",2,16,103,False
dd5296d27c63,"[[""tanh"", ""tanh"", ""tanh"", ""tanh"", ""tanh"", ""swish"", ""linear""], [""tanh"", ""tanh"", ""tanh"", ""tanh"", ""tanh"", ""tanh"", ""swish"", ""swish"", ""linear""]]",2,16,103,False
06d92afece8f,"[[""tanh"", ""tanh"", ""tanh"", ""tanh"", ""tanh"", ""tanh"", ""tanh"", ""tanh""], [""tanh"", ""tanh""]]",2,10,45,True
6ebc868993f6,"[[""tanh"", ""tanh"", ""tanh"", ""tanh"", ""tanh"", ""swish"", ""swish"", ""swish""], [""tanh"", ""tanh""]]",2,10,45,False
3b088ed4769e,"[[""tanh"", ""tanh"", ""tanh"", ""tanh"", ""tanh"", ""swish"", ""swish"", ""linear""], [""tanh"", ""tanh""]]",2,10,45,False
7e472f749bfa,"[[""tanh"", ""tanh"", ""tanh"", ""tanh"", ""tanh"", ""tanh"", ""tanh"", ""tanh""], [""tanh"", ""tanh"", ""tanh""]]",2,11,55,True
a7121f378edc,"[[""tanh"", ""tanh"", ""tanh"", ""tanh"", ""tanh"", ""swish"", ""swish"", ""swish""], [""tanh"", ""tanh"", ""swish""]]",2,11,55,False
2eb75f207e23,"[[""tanh"", ""tanh"", ""tanh"", ""tanh"", ""tanh"", ""swish"", ""swish"", ""linear""], [""tanh"", ""tanh"", ""swish""]]",2,11,55,False
d95d2b629fdb,"[[""tanh"", ""tanh"", ""tanh"", ""tanh"", ""tanh"", ""tanh"", ""tanh"", ""tanh""], [""tanh"", ""tanh"", ""tanh"", ""tanh""]]",2,12,65,True
e6713fb26037,"[[""tanh"", ""tanh"", ""tanh"", ""tanh"", ""tanh"", ""swish"", ""swish"", ""swish""], [""tanh"", ""tanh"", ""tanh"", ""swish""]]",2,12,65,False
9c1bb4b6d4ba,"[[""tanh"", ""tanh"", ""tanh"", ""tanh"", ""tanh"", ""swish"", ""swish"", ""linear""], [""tanh"", ""tanh"", ""tanh"", ""swish""]]",2,12,65,False
e86c4d08de0d,"[[""tanh"", ""tanh"", ""tanh"", ""tanh"", ""tanh"", ""tanh"", ""tanh"", ""tanh""], [""tanh"", ""tanh"", ""tanh"", ""tanh"", ""tanh""]]",2,13,75,True
f7a54a0e43a1,"[[""tanh"", ""tanh"", ""tanh"", ""tanh"", ""tanh"", ""swish"", ""swish"", ""swish""], [""tanh"", ""tanh"", ""tanh"", ""tanh"", ""swish""]]",2,13,75,False
9e14b69ceeea,"[[""tanh"", ""tanh"", ""tanh"", ""tanh"", ""tanh"", ""swish"", ""swish"", ""linear""], [""tanh"", ""tanh"", ""tanh"", ""swish"", ""linear""]]",2,13,75,False
8a9f25448d12,"[[""tanh"", ""tanh"", ""tanh"", ""tanh"", ""tanh"", ""tanh"", ""tanh"", ""tanh""], [""tanh"", ""tanh"", ""tanh"", ""tanh"", ""tanh"", ""tanh""]]",2,14,85,True
6a9850cbf87a,"[[""tanh"", ""tanh"", ""tanh"", ""tanh"", ""tanh"", ""swish"", ""swish"", ""swish""], [""tanh"", ""tanh"", ""tanh"", ""tanh"", ""swish"", ""swish""]]",2,14,85,False
9b65558a68fd,"[[""tanh"", ""tanh"", ""tanh"", ""tanh"", ""tanh"", ""swish"", ""swish"", ""linear""], [""tanh"", ""tanh"", ""tanh"", ""tanh"", ""swish"", ""linear""]]",2,14,85,False
1c4127fc0178,"[[""tanh"", ""tanh"", ""tanh"", ""tanh"", ""tanh"", ""tanh"", ""tanh"", ""tanh""], [""tanh"", ""tanh"", ""tanh"", ""tanh"", ""tanh"", ""tanh"", ""tanh""]]",2,15,95,True
48a878866ca4,"[[""tanh"", ""tanh"", ""tanh"", ""tanh"", ""tanh"", ""swish"", ""swish"", ""swish""], [""tanh"", ""tanh"", ""tanh"", ""tanh"", ""tanh"", ""swish"", ""swish""]]",2,15,95,False
b2f88f6b18a8,"[[""tanh"", ""tanh"", ""tanh"", ""tanh"", ""tanh"", ""swish"", ""swish"", ""linear""], [""tanh"", ""tanh"", ""tanh"", ""tanh"", ""tanh"", ""swish"", ""linear""]]",2,15,95,False
09c2cc1ae747,"[[""tanh"", ""tanh"", ""tanh"", ""tanh"", ""tanh"", ""tanh"", ""tanh"", ""tanh""], [""tanh"", ""tanh"", ""tanh"", ""tanh"", ""tanh"", ""tanh"", ""tanh"", ""tanh""]]",2,16,105,True
3bec56726e24,"[[""tanh"", ""tanh"", ""tanh"", ""tanh"", ""tanh"", ""swish"", ""swish"", ""swish""], [""tanh"", ""tanh"", ""tanh"", ""tanh"", ""tanh"", ""swish"", ""swish"", ""swish""]]",2,16,105,False
8432e9f5d3e6,"[[""tanh"", ""tanh"", ""tanh"", ""tanh"", ""tanh"", ""swish"", ""swish"", ""linear""], [""tanh"", ""tanh"", ""tanh"", ""tanh"", ""tanh"", ""swish"", ""swish"", ""linear""]]",2,16,105,False
c9c12d20f2ed,"[[""tanh"", ""tanh"", ""tanh"", ""tanh"", ""tanh"", ""tanh"", ""tanh"", ""tanh"", ""tanh""], [""tanh"", ""tanh""]]",2,11,50,True
f5c262689692,"[[""tanh"", ""tanh"", ""tanh"", ""tanh"", ""tanh"", ""tanh"", ""swish"", ""swish"", ""swish""], [""tanh"", ""tanh""]]",2,11,50,False
4f2892712c26,"[[""tanh"", ""tanh"", ""tanh"", ""tanh"", ""tanh"", ""tanh"", ""swish"", ""swish"", ""linear""], [""tanh"", ""tanh""]]",2,11,50,False
f4b6d212f3ef,"[[""tanh"", ""tanh"", ""tanh"", ""tanh"", ""tanh"", ""tanh"", ""tanh"", ""tanh"", ""tanh""], [""tanh"", ""tanh"", ""tanh""]]",2,12,61,True
d8d761e3d085,"[[""tanh"", ""tanh"", ""tanh"", ""tanh"", ""tanh"", ""tanh"", ""swish"", ""swish"", ""swish""], [""tanh"", ""tanh"", ""swish""]]",2,12,61,False
c937c87aa6f4,"[[""tanh"", ""tanh"", ""tanh"", ""tanh"", ""tanh"", ""tanh"", ""swish"", ""swish"", ""linear""], [""tanh"", ""tanh"", ""swish""]]",2,12,61,False
b5014b6a3189,"[[""tanh"", ""tanh"", ""tanh"", ""tanh"", ""tanh"", ""tanh"", ""tanh"", ""tanh"", ""tanh""], [""tanh"", ""tanh"", ""tanh"", ""tanh""]]",2,13,72,True
18c3d21f62fe,"[[""tanh"", ""tanh"", ""tanh"", ""tanh"", ""tanh"", ""tanh"", ""swish"", ""swish"", ""swish""], [""tanh"", ""tanh"", ""tanh"", ""swish""]]",2,13,72,False
e85110ecdb7e,"[[""tanh"", ""tanh"", ""tanh"", ""tanh"", ""tanh"", ""tanh"", ""swish"", ""swish"", ""linear""], [""tanh"", ""tanh"", ""tanh"", ""swish""]]",2,13,72,False
6b47cde8efe3,"[[""tanh"", ""tanh"", ""tanh"", ""tanh"", ""tanh"", ""tanh"", ""tanh"", ""tanh"", ""tanh""], [""tanh"", ""tanh"", ""tanh"", ""tanh"", ""tanh""]]",2,14,83,True
ecf5484e8582,"[[""tanh"", ""tanh"", ""tanh"", ""tanh"", ""tanh"", ""tanh"", ""swish"", ""swish"", ""swish""], [""tanh"", ""tanh"", ""tanh"", ""tanh"", ""swish""]]",2,14,83,False
66427bf627fb,"[[""tanh"", ""tanh"", ""tanh"", ""tanh"", ""tanh"", ""tanh"", ""swish"", ""swish"", ""linear""], [""tanh"", ""tanh"", ""tanh"", ""swish"", ""linear""]]",2,14,83,False
b07ba2f4ce1b,"[[""tanh"", ""tanh"", ""tanh"", ""tanh"", ""tanh"", ""tanh"", ""tanh"", ""tanh"", ""tanh""], [""tanh"", ""tanh"", ""tanh"", ""tanh"", ""tanh"", ""tanh""]]",2,15,94,True
378fd44b5701,"[[""tanh"", ""tanh"", ""tanh"", ""tanh"", ""tanh"", ""tanh"", ""swish"", ""swish"", ""swish""], [""tanh"", ""tanh"", ""tanh"", ""tanh"", ""swish"", ""swish""]]",2,15,94,False
03648be12644,"[[""tanh"", ""tanh"", ""tanh"", ""tanh"", ""tanh"", ""tanh"", ""swish"", ""swish"", ""linear""], [""tanh"", ""tanh"", ""tanh"", ""tanh"", ""swish"", ""linear""]]",2,15,94,False
74e05fa75edc,"[[""tanh"", ""tanh"", ""tanh"", ""tanh"", ""tanh"", ""tanh"", ""tanh"", ""tanh"", ""tanh""], [""tanh"", ""tanh"", ""tanh"", ""tanh"", ""tanh"", ""tanh"", ""tanh""]]",2,16,105,True
55235422ea51,"[[""tanh"", ""tanh"", ""tanh"", ""tanh"", ""tanh"", ""tanh"", ""swish"", ""swish"", ""swish""], [""tanh"", ""tanh"", ""tanh"", ""tanh"", ""tanh"", ""swish"", ""swish""]]",2,16,105,False
f8dfe87948d8,"[[""tanh"", ""tanh"", ""tanh"", ""tanh"", ""tanh"", ""tanh"", ""swish"", ""swish"", ""linear""], [""tanh"", ""tanh"", ""tanh"", ""tanh"", ""tanh"", ""swish"", ""linear""]]",2,16,105,False
71c402904900,"[[""tanh"", ""tanh"", ""tanh"", ""tanh"", ""tanh"", ""tanh"", ""tanh"", ""tanh"", ""tanh"", ""tanh""], [""tanh"", ""tanh""]]",2,12,55,True
f4e04f650531,"[[""tanh"", ""tanh"", ""tanh"", ""tanh"", ""tanh"", ""tanh"", ""swish"", ""swish"", ""swish"", ""linear""], [""tanh"", ""tanh""]]",2,12,55,False
1f507c700ec3,"[[""tanh"", ""tanh"", ""tanh"", ""tanh"", ""tanh"", ""tanh"", ""swish"", ""swish"", ""linear"", ""linear""], [""tanh"", ""tanh""]]",2,12,55,False
1b3bdfe0cf45,"[[""tanh"", ""tanh"", ""tanh"", ""tanh"", ""tanh"", ""tanh"", ""tanh"", ""tanh"", ""tanh"", ""tanh""], [""tanh"", ""tanh"", ""tanh""]]",2,13,67,True
bc89c16f1191,"[[""tanh"", ""tanh"", ""tanh"", ""tanh"", ""tanh"", ""tanh"", ""swish"", ""swish"", ""swish"", ""linear""], [""tanh"", ""tanh"", ""swish""]]",2,13,67,False
d32256d5e5de,"[[""tanh"", ""tanh"", ""tanh"", ""tanh"", ""tanh"", ""tanh"", ""swish"", ""swish"", ""linear"", ""linear""], [""tanh"", ""tanh"", ""swish""]]",2,13,67,False
031b7b3c602d,"[[""tanh"", ""tanh"", ""tanh"", ""tanh"", ""tanh"", ""tanh"", ""tanh"", ""tanh"", ""tanh"", ""tanh""], [""tanh"", ""tanh"", ""tanh"", ""tanh""]]",2,14,79,True
f966081c604f,"[[""tanh"", ""tanh"", ""tanh"", ""tanh"", ""tanh"", ""tanh"", ""swish"", ""swish"", ""swish"", ""linear""], [""tanh"", ""tanh"", ""tanh"", ""swish""]]",2,14,79,False
6478e9342979,"[[""tanh"", ""tanh"", ""tanh"", ""tanh"", ""tanh"", ""tanh"", ""swish"", ""swish"", ""linear"", ""linear""], [""tanh"", ""tanh"", ""tanh"", ""swish""]]",2,14,79,False
2cec6d069193,"[[""tanh"", ""tanh"", ""tanh"", ""tanh"", ""tanh"", ""tanh"", ""tanh"", ""tanh"", ""tanh"", ""tanh""], [""tanh"", ""tanh"", ""tanh"", ""tanh"", ""tanh""]]",2,15,91,True
081424538b88,"[[""tanh"", ""tanh"", ""tanh"", ""tanh"", ""tanh"", ""tanh"", ""swish"", ""swish"", ""swish"", ""linear""], [""tanh"", ""tanh"", ""tanh"", ""tanh"", ""swish""]]",2,15,91,False
9ca97f25512a,"[[""tanh"", ""tanh"", ""tanh"", ""tanh"", ""tanh"", ""tanh"", ""swish"", ""swish"", ""linear"", ""linear""], [""tanh"", ""tanh"", ""tanh"", ""swish"", ""linear""]]",2,15,91,False
d15bbe83cf29,"[[""tanh"", ""tanh"", ""tanh"", ""tanh"", ""tanh"", ""tanh"", ""tanh"", ""tanh"", ""tanh"", ""tanh""], [""tanh"", ""tanh"", ""tanh"", ""tanh"", ""tanh"", ""tanh""]]",2,16,103,True
d85a145e1f51,"[[""tanh"", ""tanh"", ""tanh"", ""tanh"", ""tanh"", ""tanh"", ""swish"", ""swish"", ""swish"", ""linear""], [""tanh"", ""tanh"", ""tanh"", ""tanh"", ""swish"", ""swish""]]",2,16,103,False
7577624b96b8,"[[""tanh"", ""tanh"", ""tanh"", ""tanh"", ""tanh"", ""tanh"", ""swish"", ""swish"", ""linear"", ""linear""], [""tanh"", ""tanh"", ""tanh"", ""tanh"", ""swish"", ""linear""]]",2,16,103,False
461094f700e5,"[[""tanh"", ""tanh"", ""tanh"", ""tanh"", ""tanh"", ""tanh"", ""tanh"", ""tanh"", ""tanh"", ""tanh"", ""tanh""], [""tanh"", ""tanh""]]",2,13,60,True
c444af6b4224,"[[""tanh"", ""tanh"", ""tanh"", ""tanh"", ""tanh"", ""tanh"", ""tanh"", ""swish"", ""swish"", ""swish"", ""linear""], [""tanh"", ""tanh""]]",2,13,60,False
8659c7d83cb2,"[[""tanh"", ""tanh"", ""tanh"", ""tanh"", ""tanh"", ""tanh"", ""tanh"", ""swish"", ""swish"", ""linear"", ""linear""], [""tanh"", ""tanh""]]",2,13,60,False
1490e1faa5f9,"[[""tanh"", ""tanh"", ""tanh"", ""tanh"", ""tanh"", ""tanh"", ""tanh"", ""tanh"", ""tanh"", ""tanh"", ""tanh""], [""tanh"", ""tanh"", ""tanh""]]",2,14,73,True
67ecc0cb5c3c,"[[""tanh"", ""tanh"", ""tanh"", ""tanh"", ""tanh"", ""tanh"", ""tanh"", ""swish"", ""swish"", ""swish"", ""linear""], [""tanh"", ""tanh"", ""swish""]]",2,14,73,False
60b4e5b6cc1d,"[[""tanh"", ""tanh"", ""tanh"", ""tanh"", ""tanh"", ""tanh"", ""tanh"", ""swish"", ""swish"", ""linear"", ""linear""], [""tanh"", ""tanh"", ""swish""]]",2,14,73,False
d87e9791dad3,"[[""tanh"", ""tanh"", ""tanh"", ""tanh"", ""tanh"", ""tanh"", ""tanh"", ""tanh"", ""tanh"", ""tanh"", ""tanh""], [""tanh"", ""tanh"", ""tanh"", ""tanh""]]",2,15,86,True
f53242d117ab,"[[""tanh"", ""tanh"", ""tanh"", ""tanh"", ""tanh"", ""tanh"", ""tanh"", ""swish"", ""swish"", ""swish"", ""linear""], [""tanh"", ""tanh"", ""tanh"", ""swish""]]",2,15,86,False
6baf1cd8ec33,"[[""tanh"", ""tanh"", ""tanh"", ""tanh"", ""tanh"", ""tanh"", ""tanh"", ""swish"", ""swish"", ""linear"", ""linear""], [""tanh"", ""tanh"", ""tanh"", ""swish""]]",2,15,86,False
2ede8ce7b242,"[[""tanh"", ""tanh"", ""tanh"", ""tanh"", ""tanh"", ""tanh"", ""tanh"", ""tanh"", ""tanh"", ""tanh"", ""tanh""], [""tanh"", ""tanh"", ""tanh"", ""tanh"", ""tanh""]]",2,16,99,True
0ba1b9313511,"[[""tanh"", ""tanh"", ""tanh"", ""tanh"", ""tanh"", ""tanh"", ""tanh"", ""swish"", ""swish"", ""swish"", ""linear""], [""tanh"", ""tanh"", ""tanh"", ""tanh"", ""swish""]]",2,16,99,False
1438b381f9d6,"[[""tanh"", ""tanh"", ""tanh"", ""tanh"", ""tanh"", ""tanh"", ""tanh"", ""swish"", ""swish"", ""linear"", ""linear""], [""tanh"", ""tanh"", ""tanh"", ""swish"", ""linear""]]",2,16,99,False
0c955bf183ce,"[[""tanh"", ""tanh"", ""tanh"", ""tanh"", ""tanh"", ""tanh"", ""tanh"", ""tanh"", ""tanh"", ""tanh"", ""tanh"", ""tanh""], [""tanh"", ""tanh""]]",2,14,65,True
7756f03e94e7,"[[""tanh"", ""tanh"", ""tanh"", ""tanh"", ""tanh"", ""tanh"", ""tanh"", ""tanh"", ""swish"", ""swish"", ""swish"", ""linear""], [""tanh"", ""tanh""]]",2,14,65,False
ef9ab8cad8bd,"[[""tanh"", ""tanh"", ""tanh"", ""tanh"", ""tanh"", ""tanh"", ""tanh"", ""tanh"", ""swish"", ""swish"", ""linear"", ""linear""], [""tanh"", ""tanh""]]",2,14,65,False
3494ca46201d,"[[""tanh"", ""tanh"", ""tanh"", ""tanh"", ""tanh"", ""tanh"", ""tanh"", ""tanh"", ""tanh"", ""tanh"", ""tanh"", ""tanh""], [""tanh"", ""tanh"", ""tanh""]]",2,15,79,True
e816666229e7,"[[""tanh"", ""tanh"", ""tanh"", ""tanh"", ""tanh"", ""tanh"", ""tanh"", ""tanh"", ""swish"", ""swish"", ""swish"", ""linear""], [""tanh"", ""tanh"", ""swish""]]",2,15,79,False
c9f2931e7654,"[[""tanh"", ""tanh"", ""tanh"", ""tanh"", ""tanh"", ""tanh"", ""tanh"", ""tanh"", ""swish"", ""swish"", ""linear"", ""linear""], [""tanh"", ""tanh"", ""swish""]]",2,15,79,False
64c1758d322e,"[[""tanh"", ""tanh"", ""tanh"", ""tanh"", ""tanh"", ""tanh"", ""tanh"", ""tanh"", ""tanh"", ""tanh"", ""tanh"", ""tanh""], [""tanh"", ""tanh"", ""tanh"", ""tanh""]]",2,16,93,True
8432417b253c,"[[""tanh"", ""tanh"", ""tanh"", ""tanh"", ""tanh"", ""tanh"", ""tanh"", ""tanh"", ""swish"", ""swish"", ""swish"", ""linear""], [""tanh"", ""tanh"", ""tanh"", ""swish""]]",2,16,93,False
f2400c4884a1,"[[""tanh"", ""tanh"", ""tanh"", ""tanh"", ""tanh"", ""tanh"", ""tanh"", ""tanh"", ""swish"", ""swish"", ""linear"", ""linear""], [""tanh"", ""tanh"", ""tanh"", ""swish""]]",2,16,93,False
8861bd5d9930,"[[""tanh"", ""tanh"", ""tanh"", ""tanh"", ""tanh"", ""tanh"", ""tanh"", ""tanh"", ""tanh"", ""tanh"", ""tanh"", ""tanh"", ""tanh""], [""tanh"", ""tanh""]]",2,15,70,True
5beadfc9948a,"[[""tanh"", ""tanh"", ""tanh"", ""tanh"", ""tanh"", ""tanh"", ""tanh"", ""tanh"", ""swish"", ""swish"", ""swish"", ""swish"", ""linear""], [""tanh"", ""tanh""]]",2,15,70,False
96a546e4f024,"[[""tanh"", ""tanh"", ""tanh"", ""tanh"", ""tanh"", ""tanh"", ""tanh"", ""tanh"", ""swish"", ""swish"", ""swish"", ""linear"", ""linear""], [""tanh"", ""tanh""]]",2,15,70,False
cfe2665d2757,"[[""tanh"", ""tanh"", ""tanh"", ""tanh"", ""tanh"", ""tanh"", ""tanh"", ""tanh"", ""tanh"", ""tanh"", ""tanh"", ""tanh"", ""tanh""], [""tanh"", ""tanh"", ""tanh""]]",2,16,85,True
772e34c4ba27,"[[""tanh"", ""tanh"", ""tanh"", ""tanh"", ""tanh"", ""tanh"", ""tanh"", ""tanh"", ""swish"", ""swish"", ""swish"", ""swish"", ""linear""], [""tanh"", ""tanh"", ""swish""]]",2,16,85,False
95c837a64296,"[[""tanh"", ""tanh"", ""tanh"", ""tanh"", ""tanh"", ""tanh"", ""tanh"", ""tanh"", ""swish"", ""swish"", ""swish"", ""linear"", ""linear""], [""tanh"", ""tanh"", ""swish""]]",2,16,85,False
25008a0e9fd2,"[[""tanh"", ""tanh"", ""tanh"", ""tanh"", ""tanh"", ""tanh"", ""tanh"", ""tanh"", ""tanh"", ""tanh"", ""tanh"", ""tanh"", ""tanh"", ""tanh""], [""tanh"", ""tanh""]]",2,16,75,True
4bc3c8153e9d,"[[""tanh"", ""tanh"", ""tanh"", ""tanh"", ""tanh"", ""tanh"", ""tanh"", ""tanh"", ""tanh"", ""swish"", ""swish"", ""swish"", ""swish"", ""linear""], [""tanh"", ""tanh""]]",2,16,75,False
fa5df348cc3c,"[[""tanh"", ""tanh"", ""tanh"", ""tanh"", ""tanh"", ""tanh"", ""tanh"", ""tanh"", ""tanh"", ""swish"", ""swish"", ""swish"", ""linear"", ""linear""], [""tanh"", ""tanh""]]",2,16,75,False
a51e1f7a2efd,"[[""tanh"", ""tanh""], [""tanh"", ""tanh""], [""tanh"", ""tanh"", ""tanh"", ""tanh"", ""tanh""]]",3,9,33,True
872fef5358f2,"[[""tanh"", ""tanh""], [""tanh"", ""tanh""], [""tanh"", ""tanh"", ""tanh"", ""tanh"", ""swish""]]",3,9,33,False
f04374d5a3fd,"[[""tanh"", ""tanh""], [""tanh"", ""tanh""], [""tanh"", ""tanh"", ""tanh"", ""swish"", ""linear""]]",3,9,33,False
97913c2e349e,"[[""tanh"", ""tanh""], [""tanh"", ""tanh""], [""tanh"", ""tanh"", ""tanh"", ""tanh"", ""tanh"", ""tanh""]]",3,10,37,True
7a4f40227777,"[[""tanh"", ""tanh""], [""tanh"", ""tanh""], [""tanh"", ""tanh"", ""tanh"", ""tanh"", ""swish"", ""swish""]]",3,10,37,False
bca368909c3f,"[[""tanh"", ""tanh""], [""tanh"", ""tanh""], [""tanh"", ""tanh"", ""tanh"", ""tanh"", ""swish"", ""linear""]]",3,10,37,False
cdb9f73c602f,"[[""tanh"", ""tanh""], [""tanh"", ""tanh""], [""tanh"", ""tanh"", ""tanh"", ""tanh"", ""tanh"", ""tanh"", ""tanh""]]",3,11,41,True
c097e2bcf0d8,"[[""tanh"", ""tanh""], [""tanh"", ""tanh""], [""tanh"", ""tanh"", ""tanh"", ""tanh"", ""tanh"", ""swish"", ""swish""]]",3,11,41,False
465322b1a78c,"[[""tanh"", ""tanh""], [""tanh"", ""tanh""], [""tanh"", ""tanh"", ""tanh"", ""tanh"", ""tanh"", ""swish"", ""linear""]]",3,11,41,False
d6ecd8753bd1,"[[""tanh"", ""tanh""], [""tanh"", ""tanh""], [""tanh"", ""tanh"", ""tanh"", ""tanh"", ""tanh"", ""tanh"", ""tanh"", ""tanh""]]",3,12,45,True
6b3f4928d8c3,"[[""tanh"", ""tanh""], [""tanh"", ""tanh""], [""tanh"", ""tanh"", ""tanh"", ""tanh"", ""tanh"", ""swish"", ""swish"", ""swish""]]",3,12,45,False
72d108992908,"[[""tanh"", ""tanh""], [""tanh"", ""tanh""], [""tanh"", ""tanh"", ""tanh"", ""tanh"", ""tanh"", ""swish"", ""swish"", ""linear""]]",3,12,45,False
9e7cf2531f15,"[[""tanh"", ""tanh""], [""tanh"", ""tanh""], [""tanh"", ""tanh"", ""tanh"", ""tanh"", ""tanh"", ""tanh"", ""tanh"", ""tanh"", ""tanh""]]",3,13,49,True
052896323a4c,"[[""tanh"", ""tanh""], [""tanh"", ""tanh""], [""tanh"", ""tanh"", ""tanh"", ""tanh"", ""tanh"", ""tanh"", ""swish"", ""swish"", ""swish""]]",3,13,49,False
f6b4c87e1a13,"[[""tanh"", ""tanh""], [""tanh"", ""tanh""], [""tanh"", ""tanh"", ""tanh"", ""tanh"", ""tanh"", ""tanh"", ""swish"", ""swish"", ""linear""]]",3,13,49,False
e7c86c39bb17,"[[""tanh"", ""tanh""], [""tanh"", ""tanh""], [""tanh"", ""tanh"", ""tanh"", ""tanh"", ""tanh"", ""tanh"", ""tanh"", ""tanh"", ""tanh"", ""tanh""]]",3,14,53,True
cb493dc6f18f,"[[""tanh"", ""tanh""], [""tanh"", ""tanh""], [""tanh"", ""tanh"", ""tanh"", ""tanh"", ""tanh"", ""tanh"", ""swish"", ""swish"", ""swish"", ""linear""]]",3,14,53,False
70861ba0a7ad,"[[""tanh"", ""tanh""], [""tanh"", ""tanh""], [""tanh"", ""tanh"", ""tanh"", ""tanh"", ""tanh"", ""tanh"", ""swish"", ""swish"", ""linear"", ""linear""]]",3,14,53,False
65a75f13dc87,"[[""tanh"", ""tanh""], [""tanh"", ""tanh""], [""tanh"", ""tanh"", ""tanh"", ""tanh"", ""tanh"", ""tanh"", ""tanh"", ""tanh"", ""tanh"", ""tanh"", ""tanh""]]",3,15,57,True
a9ff205c6705,"[[""tanh"", ""tanh""], [""tanh"", ""tanh""], [""tanh"", ""tanh"", ""tanh"", ""tanh"", ""tanh"", ""tanh"", ""tanh"", ""swish"", ""swish"", ""swish"", ""linear""]]",3,15,57,False
365a367caa60,"[[""tanh"", ""tanh""], [""tanh"", ""tanh""], [""tanh"", ""tanh"", ""tanh"", ""tanh"", ""tanh"", ""tanh"", ""tanh"", ""swish"", ""swish"", ""linear"", ""linear""]]",3,15,57,False
f32160c8ddec,"[[""tanh"", ""tanh""], [""tanh"", ""tanh""], [""tanh"", ""tanh"", ""tanh"", ""tanh"", ""tanh"", ""tanh"", ""tanh"", ""tanh"", ""tanh"", ""tanh"", ""tanh"", ""tanh""]]",3,16,61,True
e3f10f16cde1,"[[""tanh"", ""tanh""], [""tanh"", ""tanh""], [""tanh"", ""tanh"", ""tanh"", ""tanh"", ""tanh"", ""tanh"", ""tanh"", ""tanh"", ""swish"", ""swish"", ""swish"", ""linear""]]",3,16,61,False
f588f07fc681,"[[""tanh"", ""tanh""], [""tanh"", ""tanh""], [""tanh"", ""tanh"", ""tanh"", ""tanh"", ""tanh"", ""tanh"", ""tanh"", ""tanh"", ""swish"", ""swish"", ""linear"", ""linear""]]",3,16,61,False
8cb65b783776,"[[""tanh"", ""tanh""], [""tanh"", ""tanh"", ""tanh""], [""tanh"", ""tanh"", ""tanh"", ""tanh""]]",3,9,36,True
fb391666007c,"[[""tanh"", ""tanh""], [""tanh"", ""tanh"", ""swish""], [""tanh"", ""tanh"", ""tanh"", ""swish""]]",3,9,36,False
9d22fe24b963,"[[""tanh"", ""tanh""], [""tanh"", ""tanh"", ""tanh""], [""tanh"", ""tanh"", ""tanh"", ""tanh"", ""tanh""]]",3,10,41,True
a19081fbfe27,"[[""tanh"", ""tanh""], [""tanh"", ""tanh"", ""swish""], [""tanh"", ""tanh"", ""tanh"", ""tanh"", ""swish""]]",3,10,41,False
d3d445ee22b0,"[[""tanh"", ""tanh""], [""tanh"", ""tanh"", ""swish""], [""tanh"", ""tanh"", ""tanh"", ""swish"", ""linear""]]",3,10,41,False
2151a523604e,"[[""tanh"", ""tanh""], [""tanh"", ""tanh"", ""tanh""], [""tanh"", ""tanh"", ""tanh"", ""tanh"", ""tanh"", ""tanh""]]",3,11,46,True
f96deff6bbe4,"[[""tanh"", ""tanh""], [""tanh"", ""tanh"", ""swish""], [""tanh"", ""tanh"", ""tanh"", ""tanh"", ""swish"", ""swish""]]",3,11,46,False
1c5ec7516bd9,"[[""tanh"", ""tanh""], [""tanh"", ""tanh"", ""swish""], [""tanh"", ""tanh"", ""tanh"", ""tanh"", ""swish"", ""linear""]]",3,11,46,False
0ea374b0a261,"[[""tanh"", ""tanh""], [""tanh"", ""tanh"", ""tanh""], [""tanh"", ""tanh"", ""tanh"", ""tanh"", ""tanh"", ""tanh"", ""tanh""]]",3,12,51,True
37a7ca0ad586,"[[""tanh"", ""tanh""], [""tanh"", ""tanh"", ""swish""], [""tanh"", ""tanh"", ""tanh"", ""tanh"", ""tanh"", ""swish"", ""swish""]]",3,12,51,False
cb9c14ebcf84,"[[""tanh"", ""tanh""], [""tanh"", ""tanh"", ""swish""], [""tanh"", ""tanh"", ""tanh"", ""tanh"", ""tanh"", ""swish"", ""linear""]]",3,12,51,False
b1b370408781,"[[""tanh"", ""tanh""], [""tanh"", ""tanh"", ""tanh""], [""tanh"", ""tanh"", ""tanh"", ""tanh"", ""tanh"", ""tanh"", ""tanh"", ""tanh""]]",3,13,56,True
8e6b60623e72,"[[""tanh"", ""tanh""], [""tanh"", ""tanh"", ""swish""], [""tanh"", ""tanh"", ""tanh"", ""tanh"", ""tanh"", ""swish"", ""swish"", ""swish""]]",3,13,56,False
d0452a8810f7,"[[""tanh"", ""tanh""], [""tanh"", ""tanh"", ""swish""], [""tanh"", ""tanh"", ""tanh"", ""tanh"", ""tanh"", ""swish"", ""swish"", ""linear""]]",3,13,56,False
b7cb2cf77f1e,"[[""tanh"", ""tanh""], [""tanh"", ""tanh"", ""tanh""], [""tanh"", ""tanh"", ""tanh"", ""tanh"", ""tanh"", ""tanh"", ""tanh"", ""tanh"", ""tanh""]]",3,14,61,True
1b6a7346beeb,"[[""tanh"", ""tanh""], [""tanh"", ""tanh"", ""swish""], [""tanh"", ""tanh"", ""tanh"", ""tanh"", ""tanh"", ""tanh"", ""swish"", ""swish"", ""swish""]]",3,14,61,False
03911013bb7d,"[[""tanh"", ""tanh""], [""tanh"", ""tanh"", ""swish""], [""tanh"", ""tanh"", ""tanh"", ""tanh"", ""tanh"", ""tanh"", ""swish"", ""swish"", ""linear""]]",3,14,61,False
626d8a4850d5,"[[""tanh"", ""tanh""], [""tanh"", ""tanh"", ""tanh""], [""tanh"", ""tanh"", ""tanh"", ""tanh"", ""tanh"", ""tanh"", ""tanh"", ""tanh"", ""tanh"", ""tanh""]]",3,15,66,True
f59ccee37d93,"[[""tanh"", ""tanh""], [""tanh"", ""tanh"", ""swish""], [""tanh"", ""tanh"", ""tanh"", ""tanh"", ""tanh"", ""tanh"", ""swish"", ""swish"", ""swish"", ""linear""]]",3,15,66,False
f4ffcf32c6d3,"[[""tanh"", ""tanh""], [""tanh"", ""tanh"", ""swish""], [""tanh"", ""tanh"", ""tanh"", ""tanh"", ""tanh"", ""tanh"", ""swish"", ""swish"", ""linear"", ""linear""]]",3,15,66,False
f5c920155075,"[[""tanh"", ""tanh""], [""tanh"", ""tanh"", ""tanh""], [""tanh"", ""tanh"", ""tanh"", ""tanh"", ""tanh"", ""tanh"", ""tanh"", ""tanh"", ""tanh"", ""tanh"", ""tanh""]]",3,16,71,True
55739cd5128f,"[[""tanh"", ""tanh""], [""tanh"", ""tanh"", ""swish""], [""tanh"", ""tanh"", ""tanh"", ""tanh"", ""tanh"", ""tanh"", ""tanh"", ""swish"", ""swish"", ""swish"", ""linear""]]",3,16,71,False
f8b41416c7ba,"[[""tanh"", ""tanh""], [""tanh"", ""tanh"", ""swish""], [""tanh"", ""tanh"", ""tanh"", ""tanh"", ""tanh"", ""tanh"", ""tanh"", ""swish"", ""swish"", ""linear"", ""linear""]]",3,16,71,False
eaef3294f5e8,"[[""tanh"", ""tanh""], [""tanh"", ""tanh"", ""tanh"", ""tanh""], [""tanh"", ""tanh"", ""tanh""]]",3,9,37,True
05bfc8683e8a,"[[""tanh"", ""tanh""], [""tanh"", ""tanh"", ""tanh"", ""swish""], [""tanh"", ""tanh"", ""swish""]]",3,9,37,False
5cbb984d991c,"[[""tanh"", ""tanh""], [""tanh"", ""tanh"", ""tanh"", ""tanh""], [""tanh"", ""tanh"", ""tanh"", ""tanh""]]",3,10,43,True
3604a9cdf662,"[[""tanh"", ""tanh""], [""tanh"", ""tanh"", ""tanh"", ""swish""], [""tanh"", ""tanh"", ""tanh"", ""swish""]]",3,10,43,False
b1c013799bb8,"[[""tanh"", ""tanh""], [""tanh"", ""tanh"", ""tanh"", ""tanh""], [""tanh"", ""tanh"", ""tanh"", ""tanh"", ""tanh""]]",3,11,49,True
d93e77761d0c,"[[""tanh"", ""tanh""], [""tanh"", ""tanh"", ""tanh"", ""swish""], [""tanh"", ""tanh"", ""tanh"", ""tanh"", ""swish""]]",3,11,49,False
838db5d87a47,"[[""tanh"", ""tanh""], [""tanh"", ""tanh"", ""tanh"", ""swish""], [""tanh"", ""tanh"", ""tanh"", ""swish"", ""linear""]]",3,11,49,False
b3823b0f07f2,"[[""tanh"", ""tanh""], [""tanh"", ""tanh"", ""tanh"", ""tanh""], [""tanh"", ""tanh"", ""tanh"", ""tanh"", ""tanh"", ""tanh""]]",3,12,55,True
42ea5b5ee505,"[[""tanh"", ""tanh""], [""tanh"", ""tanh"", ""tanh"", ""swish""], [""tanh"", ""tanh"", ""tanh"", ""tanh"", ""swish"", ""swish""]]",3,12,55,False
fe888aa82635,"[[""tanh"", ""tanh""], [""tanh"", ""tanh"", ""tanh"", ""swish""], [""tanh"", ""tanh"", ""tanh"", ""tanh"", ""swish"", ""linear""]]",3,12,55,False
29516ae8f403,"[[""tanh"", ""tanh""], [""tanh"", ""tanh"", ""tanh"", ""tanh""], [""tanh"", ""tanh"", ""tanh"", ""tanh"", ""tanh"", ""tanh"", ""tanh""]]",3,13,61,True
74be0bd7797f,"[[""tanh"", ""tanh""], [""tanh"", ""tanh"", ""tanh"", ""swish""], [""tanh"", ""tanh"", ""tanh"", ""tanh"", ""tanh"", ""swish"", ""swish""]]",3,13,61,False
d6e6403439d8,"[[""tanh"", ""tanh""], [""tanh"", ""tanh"", ""tanh"", ""swish""], [""tanh"", ""tanh"", ""tanh"", ""tanh"", ""tanh"", ""swish"", ""linear""]]",3,13,61,False
70f553573c5e,"[[""tanh"", ""tanh""], [""tanh"", ""tanh"", ""tanh"", ""tanh""], [""tanh"", ""tanh"", ""tanh"", ""tanh"", ""tanh"", ""tanh"", ""tanh"", ""tanh""]]",3,14,67,True
f2b98283aa90,"[[""tanh"", ""tanh""], [""tanh"", ""tanh"", ""tanh"", ""swish""], [""tanh"", ""tanh"", ""tanh"", ""tanh"", ""tanh"", ""swish"", ""swish"", ""swish""]]",3,14,67,False
d48825d8d62d,"[[""tanh"", ""tanh""], [""tanh"", ""tanh"", ""tanh"", ""swish""], [""tanh"", ""tanh"", ""tanh"", ""tanh"", ""tanh"", ""swish"", ""swish"", ""linear""]]",3,14,67,False
589f3bb4220d,"[[""tanh"", ""tanh""], [""tanh"", ""tanh"", ""tanh"", ""tanh""], [""tanh"", ""tanh"", ""tanh"", ""tanh"", ""tanh"", ""tanh"", ""tanh"", ""tanh"", ""tanh""]]",3,15,73,True
e958381247d6,"[[""tanh"", ""tanh""], [""tanh"", ""tanh"", ""tanh"", ""swish""], [""tanh"", ""tanh"", ""tanh"", ""tanh"", ""tanh"", ""tanh"", ""swish"", ""swish"", ""swish""]]",3,15,73,False
d39921bf80f4,"[[""tanh"", ""tanh""], [""tanh"", ""tanh"", ""tanh"", ""swish""], [""tanh"", ""tanh"", ""tanh"", ""tanh"", ""tanh"", ""tanh"", ""swish"", ""swish"", ""linear""]]",3,15,73,False
377edbecaad1,"[[""tanh"", ""tanh""], [""tanh"", ""tanh"", ""tanh"", ""tanh""], [""tanh"", ""tanh"", ""tanh"", ""tanh"", ""tanh"", ""tanh"", ""tanh"", ""tanh"", ""tanh"", ""tanh""]]",3,16,79,True
7aaee7229f9e,"[[""tanh"", ""tanh""], [""tanh"", ""tanh"", ""tanh"", ""swish""], [""tanh"", ""tanh"", ""tanh"", ""tanh"", ""tanh"", ""tanh"", ""swish"", ""swish"", ""swish"", ""linear""]]",3,16,79,False
f7e71b920234,"[[""tanh"", ""tanh""], [""tanh"", ""tanh"", ""tanh"", ""swish""], [""tanh"", ""tanh"", ""tanh"", ""tanh"", ""tanh"", ""tanh"", ""swish"", ""swish"", ""linear"", ""linear""]]",3,16,79,False
e2a507e1a3d0,"[[""tanh"", ""tanh""], [""tanh"", ""tanh"", ""tanh"", ""tanh"", ""tanh""], [""tanh"", ""tanh""]]",3,9,36,True
c4e71e95b498,"[[""tanh"", ""tanh""], [""tanh"", ""tanh"", ""tanh"", ""tanh"", ""swish""], [""tanh"", ""tanh""]]",3,9,36,False
c49496e6b0fd,"[[""tanh"", ""tanh""], [""tanh"", ""tanh"", ""tanh"", ""swish"", ""linear""], [""tanh"", ""tanh""]]",3,9,36,False
4d2f6fa9c1b0,"[[""tanh"", ""tanh""], [""tanh"", ""tanh"", ""tanh"", ""tanh"", ""tanh""], [""tanh"", ""tanh"", ""tanh""]]",3,10,43,True
ed5e398177f4,"[[""tanh"", ""tanh""], [""tanh"", ""tanh"", ""tanh"", ""tanh"", ""swish""], [""tanh"", ""tanh"", ""swish""]]",3,10,43,False
59cb8ba969d7,"[[""tanh"", ""tanh""], [""tanh"", ""tanh"", ""tanh"", ""swish"", ""linear""], [""tanh"", ""tanh"", ""swish""]]",3,10,43,False
2bffe6d5a121,"[[""tanh"", ""tanh""], [""tanh"", ""tanh"", ""tanh"", ""tanh"", ""tanh""], [""tanh"", ""tanh"", ""tanh"", ""tanh""]]",3,11,50,True
8c827b0384fb,"[[""tanh"", ""tanh""], [""tanh"", ""tanh"", ""tanh"", ""tanh"", ""swish""], [""tanh"", ""tanh"", ""tanh"", ""swish""]]",3,11,50,False
058cdf5e64c3,"[[""tanh"", ""tanh""], [""tanh"", ""tanh"", ""tanh"", ""swish"", ""linear""], [""tanh"", ""tanh"", ""tanh"", ""swish""]]",3,11,50,False
2760ee17e9d7,"[[""tanh"", ""tanh""], [""tanh"", ""tanh"", ""tanh"", ""tanh"", ""tanh""], [""tanh"", ""tanh"", ""tanh"", ""tanh"", ""tanh""]]",3,12,57,True
80e1cd5dc210,"[[""tanh"", ""tanh""], [""tanh"", ""tanh"", ""tanh"", ""tanh"", ""swish""], [""tanh"", ""tanh"", ""tanh"", ""tanh"", ""swish""]]",3,12,57,False
05387c768a71,"[[""tanh"", ""tanh""], [""tanh"", ""tanh"", ""tanh"", ""swish"", ""linear""], [""tanh"", ""tanh"", ""tanh"", ""swish"", ""linear""]]",3,12,57,False
8d0a006dc274,"[[""tanh"", ""tanh""], [""tanh"", ""tanh"", ""tanh"", ""tanh"", ""tanh""], [""tanh"", ""tanh"", ""tanh"", ""tanh"", ""tanh"", ""tanh""]]",3,13,64,True
20942fa3b104,"[[""tanh"", ""tanh""], [""tanh"", ""tanh"", ""tanh"", ""tanh"", ""swish""], [""tanh"", ""tanh"", ""tanh"", ""tanh"", ""swish"", ""swish""]]",3,13,64,False
6cc4592fb2cf,"[[""tanh"", ""tanh""], [""tanh"", ""tanh"", ""tanh"", ""swish"", ""linear""], [""tanh"", ""tanh"", ""tanh"", ""tanh"", ""swish"", ""linear""]]",3,13,64,False
b21a5c5e0d2f,"[[""tanh"", ""tanh""], [""tanh"", ""tanh"", ""tanh"", ""tanh"", ""tanh""], [""tanh"", ""tanh"", ""tanh"", ""tanh"", ""tanh"", ""tanh"", ""tanh""]]",3,14,71,True
58b331fbc8fe,"[[""tanh"", ""tanh""], [""tanh"", ""tanh"", ""tanh"", ""tanh"", ""swish""], [""tanh"", ""tanh"", ""tanh"", ""tanh"", ""tanh"", ""swish"", ""swish""]]",3,14,71,False
3d99d11a2277,"[[""tanh"", ""tanh""], [""tanh"", ""tanh"", ""tanh"", ""swish"", ""linear""], [""tanh"", ""tanh"", ""tanh"", ""tanh"", ""tanh"", ""swish"", ""linear""]]",3,14,71,False
d369ddd5d45c,"[[""tanh"", ""tanh""], [""tanh"", ""tanh"", ""tanh"", ""tanh"", ""tanh""], [""tanh"", ""tanh"", ""tanh"", ""tanh"", ""tanh"", ""tanh"", ""tanh"", ""tanh""]]",3,15,78,True
ffee80c95462,"[[""tanh"", ""tanh""], [""tanh"", ""tanh"", ""tanh"", ""tanh"", ""swish""], [""tanh"", ""tanh"", ""tanh"", ""tanh"", ""tanh"", ""swish"", ""swish"", ""swish""]]",3,15,78,False
74c6ce72119f,"[[""tanh"", ""tanh""], [""tanh"", ""tanh"", ""tanh"", ""swish"", ""linear""], [""tanh"", ""tanh"", ""tanh"", ""tanh"", ""tanh"", ""swish"", ""swish"", ""linear""]]",3,15,78,False
f05d74190b81,"[[""tanh"", ""tanh""], [""tanh"", ""tanh"", ""tanh"", ""tanh"", ""tanh""], [""tanh"", ""tanh"", ""tanh"", ""tanh"", ""tanh"", ""tanh"", ""tanh"", ""tanh"", ""tanh""]]",3,16,85,True
322808ef96b4,"[[""tanh"", ""tanh""], [""tanh"", ""tanh"", ""tanh"", ""tanh"", ""swish""], [""tanh"", ""tanh"", ""tanh"", ""tanh"", ""tanh"", ""tanh"", ""swish"", ""swish"", ""swish""]]",3,16,85,False
a9a91dbd255f,"[[""tanh"", ""tanh""], [""tanh"", ""tanh"", ""tanh"", ""swish"", ""linear""], [""tanh"", ""tanh"", ""tanh"", ""tanh"", ""tanh"", ""tanh"", ""swish"", ""swish"", ""linear""]]",3,16,85,False
22cd94ace61d,"[[""tanh"", ""tanh""], [""tanh"", ""tanh"", ""tanh"", ""tanh"", ""tanh"", ""tanh""], [""tanh"", ""tanh""]]",3,10,41,True
bf751faa09c6,"[[""tanh"", ""tanh""], [""tanh"", ""tanh"", ""tanh"", ""tanh"", ""swish"", ""swish""], [""tanh"", ""tanh""]]",3,10,41,False
02d913504d7c,"[[""tanh"", ""tanh""], [""tanh"", ""tanh"", ""tanh"", ""tanh"", ""swish"", ""linear""], [""tanh"", ""tanh""]]",3,10,41,False
fe56b2da3305,"[[""tanh"", ""tanh""], [""tanh"", ""tanh"", ""tanh"", ""tanh"", ""tanh"", ""tanh""], [""tanh"", ""tanh"", ""tanh""]]",3,11,49,True
15d181d2ec05,"[[""tanh"", ""tanh""], [""tanh"", ""tanh"", ""tanh"", ""tanh"", ""swish"", ""swish""], [""tanh"", ""tanh"", ""swish""]]",3,11,49,False
6764e992b5bb,"[[""tanh"", ""tanh""], [""tanh"", ""tanh"", ""tanh"", ""tanh"", ""swish"", ""linear""], [""tanh"", ""tanh"", ""swish""]]",3,11,49,False
16ee0c60fe76,"[[""tanh"", ""tanh""], [""tanh"", ""tanh"", ""tanh"", ""tanh"", ""tanh"", ""tanh""], [""tanh"", ""tanh"", ""tanh"", ""tanh""]]",3,12,57,True
88b7d752f8f0,"[[""tanh"", ""tanh""], [""tanh"", ""tanh"", ""tanh"", ""tanh"", ""swish"", ""swish""], [""tanh"", ""tanh"", ""tanh"", ""swish""]]",3,12,57,False
f0c09d9b361f,"[[""tanh"", ""tanh""], [""tanh"", ""tanh"", ""tanh"", ""tanh"", ""swish"", ""linear""], [""tanh"", ""tanh"", ""tanh"", ""swish""]]",3,12,57,False
a2a7de3bcd95,"[[""tanh"", ""tanh""], [""tanh"", ""tanh"", ""tanh"", ""tanh"", ""tanh"", ""tanh""], [""tanh"", ""tanh"", ""tanh"", ""tanh"", ""tanh""]]",3,13,65,True
8590028ad880,"[[""tanh"", ""tanh""], [""tanh"", ""tanh"", ""tanh"", ""tanh"", ""swish"", ""swish""], [""tanh"", ""tanh"", ""tanh"", ""tanh"", ""swish""]]",3,13,65,False
df32f4244d41,"[[""tanh"", ""tanh""], [""tanh"", ""tanh"", ""tanh"", ""tanh"", ""swish"", ""linear""], [""tanh"", ""tanh"", ""tanh"", ""swish"", ""linear""]]",3,13,65,False
c1caebad7ce5,"[[""tanh"", ""tanh""], [""tanh"", ""tanh"", ""tanh"", ""tanh"", ""tanh"", ""tanh""], [""tanh"", ""tanh"", ""tanh"", ""tanh"", ""tanh"", ""tanh""]]",3,14,73,True
a27f4ec797cc,"[[""tanh"", ""tanh""], [""tanh"", ""tanh"", ""tanh"", ""tanh"", ""swish"", ""swish""], [""tanh"", ""tanh"", ""tanh"", ""tanh"", ""swish"", ""swish""]]",3,14,73,False
17a99548ce97,"[[""tanh"", ""tanh""], [""tanh"", ""tanh"", ""tanh"", ""tanh"", ""swish"", ""linear""], [""tanh"", ""tanh"", ""tanh"", ""tanh"", ""swish"", ""linear""]]",3,14,73,False
e8b67990c86c,"[[""tanh"", ""tanh""], [""tanh"", ""tanh"", ""tanh"", ""tanh"", ""tanh"", ""tanh""], [""tanh"", ""tanh"", ""tanh"", ""tanh"", ""tanh"", ""tanh"", ""tanh""]]",3,15,81,True
759ff29c8dd0,"[[""tanh"", ""tanh""], [""tanh"", ""tanh"", ""tanh"", ""tanh"", ""swish"", ""swish""], [""tanh"", ""tanh"", ""tanh"", ""tanh"", ""tanh"", ""swish"", ""swish""]]",3,15,81,False
800bc6520f69,"[[""tanh"", ""tanh""], [""tanh"", ""tanh"", ""tanh"", ""tanh"", ""swish"", ""linear""], [""tanh"", ""tanh"", ""tanh"", ""tanh"", ""tanh"", ""swish"", ""linear""]]",3,15,81,False
cf51d7f60f40,"[[""tanh"", ""tanh""], [""tanh"", ""tanh"", ""tanh"", ""tanh"", ""tanh"", ""tanh""], [""tanh"", ""tanh"", ""tanh"", ""tanh"", ""tanh"", ""tanh"", ""tanh"", ""tanh""]]",3,16,89,True
cb4cc211c743,"[[""tanh"", ""tanh""], [""tanh"", ""tanh"", ""tanh"", ""tanh"", ""swish"", ""swish""], [""tanh"", ""tanh"", ""tanh"", ""tanh"", ""tanh"", ""swish"", ""swish"", ""swish""]]",3,16,89,False
1fde839b1215,"[[""tanh"", ""tanh""], [""tanh"", ""tanh"", ""tanh"", ""tanh"", ""swish"", ""linear""], [""tanh"", ""tanh"", ""tanh"", ""tanh"", ""tanh"", ""swish"", ""swish"", ""linear""]]",3,16,89,False
37f53a6a8fcd,"[[""tanh"", ""tanh""], [""tanh"", ""tanh"", ""tanh"", ""tanh"", ""tanh"", ""tanh"", ""tanh""], [""tanh"", ""tanh""]]",3,11,46,True
032da148af50,"[[""tanh"", ""tanh""], [""tanh"", ""tanh"", ""tanh"", ""tanh"", ""tanh"", ""swish"", ""swish""], [""tanh"", ""tanh""]]",3,11,46,False
6d4aee3e8061,"[[""tanh"", ""tanh""], [""tanh"", ""tanh"", ""tanh"", ""tanh"", ""tanh"", ""swish"", ""linear""], [""tanh"", ""tanh""]]",3,11,46,False
c6b5bf7b98e3,"[[""tanh"", ""tanh""], [""tanh"", ""tanh"", ""tanh"", ""tanh"", ""tanh"", ""tanh"", ""tanh""], [""tanh"", ""tanh"", ""tanh""]]",3,12,55,True
478eff183000,"[[""tanh"", ""tanh""], [""tanh"", ""tanh"", ""tanh"", ""tanh"", ""tanh"", ""swish"", ""swish""], [""tanh"", ""tanh"", ""swish""]]",3,12,55,False
d46311b046c3,"[[""tanh"", ""tanh""], [""tanh"", ""tanh"", ""tanh"", ""tanh"", ""tanh"", ""swish"", ""linear""], [""tanh"", ""tanh"", ""swish""]]",3,12,55,False
a146ddce284c,"[[""tanh"", ""tanh""], [""tanh"", ""tanh"", ""tanh"", ""tanh"", ""tanh"", ""tanh"", ""tanh""], [""tanh"", ""tanh"", ""tanh"", ""tanh""]]",3,13,64,True
08f5a4065e65,"[[""tanh"", ""tanh""], [""tanh"", ""tanh"", ""tanh"", ""tanh"", ""tanh"", ""swish"", ""swish""], [""tanh"", ""tanh"", ""tanh"", ""swish""]]",3,13,64,False
88b2388c8f45,"[[""tanh"", ""tanh""], [""tanh"", ""tanh"", ""tanh"", ""tanh"", ""tanh"", ""swish"", ""linear""], [""tanh"", ""tanh"", ""tanh"", ""swish""]]",3,13,64,False
de3587cce562,"[[""tanh"", ""tanh""], [""tanh"", ""tanh"", ""tanh"", ""tanh"", ""tanh"", ""tanh"", ""tanh""], [""tanh"", ""tanh"", ""tanh"", ""tanh"", ""tanh""]]",3,14,73,True
d5d63e575165,"[[""tanh"", ""tanh""], [""tanh"", ""tanh"", ""tanh"", ""tanh"", ""tanh"", ""swish"", ""swish""], [""tanh"", ""tanh"", ""tanh"", ""tanh"", ""swish""]]",3,14,73,False
2808e6c3cfeb,"[[""tanh"", ""tanh""], [""tanh"", ""tanh"", ""tanh"", ""tanh"", ""tanh"", ""swish"", ""linear""], [""tanh"", ""tanh"", ""tanh"", ""swish"", ""linear""]]",3,14,73,False
b8a0ae1e9d37,"[[""tanh"", ""tanh""], [""tanh"", ""tanh"", ""tanh"", ""tanh"", ""tanh"", ""tanh"", ""tanh""], [""tanh"", ""tanh"", ""tanh"", ""tanh"", ""tanh"", ""tanh""]]",3,15,82,True
28cded8b766a,"[[""tanh"", ""tanh""], [""tanh"", ""tanh"", ""tanh"", ""tanh"", ""tanh"", ""swish"", ""swish""], [""tanh"", ""tanh"", ""tanh"", ""tanh"", ""swish"", ""swish""]]",3,15,82,False
03807b048e49,"[[""tanh"", ""tanh""], [""tanh"", ""tanh"", ""tanh"", ""tanh"", ""tanh"", ""swish"", ""linear""], [""tanh"", ""tanh"", ""tanh"", ""tanh"", ""swish"", ""linear""]]",3,15,82,False
05effa7de2de,"[[""tanh"", ""tanh""], [""tanh"", ""tanh"", ""tanh"", ""tanh"", ""tanh"", ""tanh"", ""tanh""], [""tanh"", ""tanh"", ""tanh"", ""tanh"", ""tanh"", ""tanh"", ""tanh""]]",3,16,91,True
85eeb3a34fbf,"[[""tanh"", ""tanh""], [""tanh"", ""tanh"", ""tanh"", ""tanh"", ""tanh"", ""swish"", ""swish""], [""tanh"", ""tanh"", ""tanh"", ""tanh"", ""tanh"", ""swish"", ""swish""]]",3,16,91,False
f223c6f8436a,"[[""tanh"", ""tanh""], [""tanh"", ""tanh"", ""tanh"", ""tanh"", ""tanh"", ""swish"", ""linear""], [""tanh"", ""tanh"", ""tanh"", ""tanh"", ""tanh"", ""swish"", ""linear""]]",3,16,91,False
f978148ef8a1,"[[""tanh"", ""tanh""], [""tanh"", ""tanh"", ""tanh"", ""tanh"", ""tanh"", ""tanh"", ""tanh"", ""tanh""], [""tanh"", ""tanh""]]",3,12,51,True
56f7c25766bb,"[[""tanh"", ""tanh""], [""tanh"", ""tanh"", ""tanh"", ""tanh"", ""tanh"", ""swish"", ""swish"", ""swish""], [""tanh"", ""tanh""]]",3,12,51,False
2d7fe90907ed,"[[""tanh"", ""tanh""], [""tanh"", ""tanh"", ""tanh"", ""tanh"", ""tanh"", ""swish"", ""swish"", ""linear""], [""tanh"", ""tanh""]]",3,12,51,False
47487a97b72e,"[[""tanh"", ""tanh""], [""tanh"", ""tanh"", ""tanh"", ""tanh"", ""tanh"", ""tanh"", ""tanh"", ""tanh""], [""tanh"", ""tanh"", ""tanh""]]",3,13,61,True
a47181210dc8,"[[""tanh"", ""tanh""], [""tanh"", ""tanh"", ""tanh"", ""tanh"", ""tanh"", ""swish"", ""swish"", ""swish""], [""tanh"", ""tanh"", ""swish""]]",3,13,61,False
0dd036c4dfd7,"[[""tanh"", ""tanh""], [""tanh"", ""tanh"", ""tanh"", ""tanh"", ""tanh"", ""swish"", ""swish"", ""linear""], [""tanh"", ""tanh"", ""swish""]]",3,13,61,False
1dea81ad1a0e,"[[""tanh"", ""tanh""], [""tanh"", ""tanh"", ""tanh"", ""tanh"", ""tanh"", ""tanh"", ""tanh"", ""tanh""], [""tanh"", ""tanh"", ""tanh"", ""tanh""]]",3,14,71,True
e2e0872aef5b,"[[""tanh"", ""tanh""], [""tanh"", ""tanh"", ""tanh"", ""tanh"", ""tanh"", ""swish"", ""swish"", ""swish""], [""tanh"", ""tanh"", ""tanh"", ""swish""]]",3,14,71,False
ee8831e0330a,"[[""tanh"", ""tanh""], [""tanh"", ""tanh"", ""tanh"", ""tanh"", ""tanh"", ""swish"", ""swish"", ""linear""], [""tanh"", ""tanh"", ""tanh"", ""swish""]]",3,14,71,False
495441ee4e34,"[[""tanh"", ""tanh""], [""tanh"", ""tanh"", ""tanh"", ""tanh"", ""tanh"", ""tanh"", ""tanh"", ""tanh""], [""tanh"", ""tanh"", ""tanh"", ""tanh"", ""tanh""]]",3,15,81,True
adaab6449c73,"[[""tanh"", ""tanh""], [""tanh"", ""tanh"", ""tanh"", ""tanh"", ""tanh"", ""swish"", ""swish"", ""swish""], [""tanh"", ""tanh"", ""tanh"", ""tanh"", ""swish""]]",3,15,81,False
efad1a506c09,"[[""tanh"", ""tanh""], [""tanh"", ""tanh"", ""tanh"", ""tanh"", ""tanh"", ""swish"", ""swish"", ""linear""], [""tanh"", ""tanh"", ""tanh"", ""swish"", ""linear""]]",3,15,81,False
d39ae4ad67d4,"[[""tanh"", ""tanh""], [""tanh"", ""tanh"", ""tanh"", ""tanh"", ""tanh"", ""tanh"", ""tanh"", ""tanh""], [""tanh"", ""tanh"", ""tanh"", ""tanh"", ""tanh"", ""tanh""]]",3,16,91,True
bcec7f95e2a9,"[[""tanh"", ""tanh""], [""tanh"", ""tanh"", ""tanh"", ""tanh"", ""tanh"", ""swish"", ""swish"", ""swish""], [""tanh"", ""tanh"", ""tanh"", ""tanh"", ""swish"", ""swish""]]",3,16,91,False
7343bfa6224b,"[[""tanh"", ""tanh""], [""tanh"", ""tanh"", ""tanh"", ""tanh"", ""tanh"", ""swish"", ""swish"", ""linear""], [""tanh"", ""tanh"", ""tanh"", ""tanh"", ""swish"", ""linear""]]",3,16,91,False
a6b96ca32f43,"[[""tanh"", ""tanh""], [""tanh"", ""tanh"", ""tanh"", ""tanh"", ""tanh"", ""tanh"", ""tanh"", ""tanh"", ""tanh""], [""tanh"", ""tanh""]]",3,13,56,True
32b94695c4a4,"[[""tanh"", ""tanh""], [""tanh"", ""tanh"", ""tanh"", ""tanh"", ""tanh"", ""tanh"", ""swish"", ""swish"", ""swish""], [""tanh"", ""tanh""]]",3,13,56,False
2d9aceaed127,"[[""tanh"", ""tanh""], [""tanh"", ""tanh"", ""tanh"", ""tanh"", ""tanh"", ""tanh"", ""swish"", ""swish"", ""linear""], [""tanh"", ""tanh""]]",3,13,56,False
8fc8ee81cb0c,"[[""tanh"", ""tanh""], [""tanh"", ""tanh"", ""tanh"", ""tanh"", ""tanh"", ""tanh"", ""tanh"", ""tanh"", ""tanh""], [""tanh"", ""tanh"", ""tanh""]]",3,14,67,True
edc1657b3bb1,"[[""tanh"", ""tanh""], [""tanh"", ""tanh"", ""tanh"", ""tanh"", ""tanh"", ""tanh"", ""swish"", ""swish"", ""swish""], [""tanh"", ""tanh"", ""swish""]]",3,14,67,False
0bed9f414be3,"[[""tanh"", ""tanh""], [""tanh"", ""tanh"", ""tanh"", ""tanh"", ""tanh"", ""tanh"", ""swish"", ""swish"", ""linear""], [""tanh"", ""tanh"", ""swish""]]",3,14,67,False
d8addb1b87ec,"[[""tanh"", ""tanh""], [""tanh"", ""tanh"", ""tanh"", ""tanh"", ""tanh"", ""tanh"", ""tanh"", ""tanh"", ""tanh""], [""tanh"", ""tanh"", ""tanh"", ""tanh""]]",3,15,78,True
78e020f60a0c,"[[""tanh"", ""tanh""], [""tanh"", ""tanh"", ""tanh"", ""tanh"", ""tanh"", ""tanh"", ""swish"", ""swish"", ""swish""], [""tanh"", ""tanh"", ""tanh"", ""swish""]]",3,15,78,False
f77fdbdcda63,"[[""tanh"", ""tanh""], [""tanh"", ""tanh"", ""tanh"", ""tanh"", ""tanh"", ""tanh"", ""swish"", ""swish"", ""linear""], [""tanh"", ""tanh"", ""tanh"", ""swish""]]",3,15,78,False
b3465c17ad0a,"[[""tanh"", ""tanh""], [""tanh"", ""tanh"", ""tanh"", ""tanh"", ""tanh"", ""tanh"", ""tanh"", ""tanh"", ""tanh""], [""tanh"", ""tanh"", ""tanh"", ""tanh"", ""tanh""]]",3,16,89,True
7c02ebe31d5d,"[[""tanh"", ""tanh""], [""tanh"", ""tanh"", ""tanh"", ""tanh"", ""tanh"", ""tanh"", ""swish"", ""swish"", ""swish""], [""tanh"", ""tanh"", ""tanh"", ""tanh"", ""swish""]]",3,16,89,False
cba76e90a632,"[[""tanh"", ""tanh""], [""tanh"", ""tanh"", ""tanh"", ""tanh"", ""tanh"", ""tanh"", ""swish"", ""swish"", ""linear""], [""tanh"", ""tanh"", ""tanh"", ""swish"", ""linear""]]",3,16,89,False
a8beb75d9fda,"[[""tanh"", ""tanh""], [""tanh"", ""tanh"", ""tanh"", ""tanh"", ""tanh"", ""tanh"", ""tanh"", ""tanh"", ""tanh"", ""tanh""], [""tanh"", ""tanh""]]",3,14,61,True
fdd0edd2aecd,"[[""tanh"", ""tanh""], [""tanh"", ""tanh"", ""tanh"", ""tanh"", ""tanh"", ""tanh"", ""swish"", ""swish"", ""swish"", ""linear""], [""tanh"", ""tanh""]]",3,14,61,False
cbf503aefd3a,"[[""tanh"", ""tanh""], [""tanh"", ""tanh"", ""tanh"", ""tanh"", ""tanh"", ""tanh"", ""swish"", ""swish"", ""linear"", ""linear""], [""tanh"", ""tanh""]]",3,14,61,False
719b71e6d43d,"[[""tanh"", ""tanh""], [""tanh"", ""tanh"", ""tanh"", ""tanh"", ""tanh"", ""tanh"", ""tanh"", ""tanh"", ""tanh"", ""tanh""], [""tanh"", ""tanh"", ""tanh""]]",3,15,73,True
2108bcdac03c,"[[""tanh"", ""tanh""], [""tanh"", ""tanh"", ""tanh"", ""tanh"", ""tanh"", ""tanh"", ""swish"", ""swish"", ""swish"", ""linear""], [""tanh"", ""tanh"", ""swish""]]",3,15,73,False
7caab6698156,"[[""tanh"", ""tanh""], [""tanh"", ""tanh"", ""tanh"", ""tanh"", ""tanh"", ""tanh"", ""swish"", ""swish"", ""linear"", ""linear""], [""tanh"", ""tanh"", ""swish""]]",3,15,73,False
757c0fff61dc,"[[""tanh"", ""tanh""], [""tanh"", ""tanh"", ""tanh"", ""tanh"", ""tanh"", ""tanh"", ""tanh"", ""tanh"", ""tanh"", ""tanh""], [""tanh"", ""tanh"", ""tanh"", ""tanh""]]",3,16,85,True
7ae78da9e5a9,"[[""tanh"", ""tanh""], [""tanh"", ""tanh"", ""tanh"", ""tanh"", ""tanh"", ""tanh"", ""swish"", ""swish"", ""swish"", ""linear""], [""tanh"", ""tanh"", ""tanh"", ""swish""]]",3,16,85,False
a46b4f73fed2,"[[""tanh"", ""tanh""], [""tanh"", ""tanh"", ""tanh"", ""tanh"", ""tanh"", ""tanh"", ""swish"", ""swish"", ""linear"", ""linear""], [""tanh"", ""tanh"", ""tanh"", ""swish""]]",3,16,85,False
bc01d22ebaf1,"[[""tanh"", ""tanh""], [""tanh"", ""tanh"", ""tanh"", ""tanh"", ""tanh"", ""tanh"", ""tanh"", ""tanh"", ""tanh"", ""tanh"", ""tanh""], [""tanh"", ""tanh""]]",3,15,66,True
95e230cae305,"[[""tanh"", ""tanh""], [""tanh"", ""tanh"", ""tanh"", ""tanh"", ""tanh"", ""tanh"", ""tanh"", ""swish"", ""swish"", ""swish"", ""linear""], [""tanh"", ""tanh""]]",3,15,66,False
2f04a6847177,"[[""tanh"", ""tanh""], [""tanh"", ""tanh"", ""tanh"", ""tanh"", ""tanh"", ""tanh"", ""tanh"", ""swish"", ""swish"", ""linear"", ""linear""], [""tanh"", ""tanh""]]",3,15,66,False
cd87858b62c4,"[[""tanh"", ""tanh""], [""tanh"", ""tanh"", ""tanh"", ""tanh"", ""tanh"", ""tanh"", ""tanh"", ""tanh"", ""tanh"", ""tanh"", ""tanh""], [""tanh"", ""tanh"", ""tanh""]]",3,16,79,True
5c812160b68b,"[[""tanh"", ""tanh""], [""tanh"", ""tanh"", ""tanh"", ""tanh"", ""tanh"", ""tanh"", ""tanh"", ""swish"", ""swish"", ""swish"", ""linear""], [""tanh"", ""tanh"", ""swish""]]",3,16,79,False
01014c32c8fb,"[[""tanh"", ""tanh""], [""tanh"", ""tanh"", ""tanh"", ""tanh"", ""tanh"", ""tanh"", ""tanh"", ""swish"", ""swish"", ""linear"", ""linear""], [""tanh"", ""tanh"", ""swish""]]",3,16,79,False
2e3283267b8d,"[[""tanh"", ""tanh""], [""tanh"", ""tanh"", ""tanh"", ""tanh"", ""tanh"", ""tanh"", ""tanh"", ""tanh"", ""tanh"", ""tanh"", ""tanh"", ""tanh""], [""tanh"", ""tanh""]]",3,16,71,True
98685f2cd6d3,"[[""tanh"", ""tanh""], [""tanh"", ""tanh"", ""tanh"", ""tanh"", ""tanh"", ""tanh"", ""tanh"", ""tanh"", ""swish"", ""swish"", ""swish"", ""linear""], [""tanh"", ""tanh""]]",3,16,71,False
b6b936483959,"[[""tanh"", ""tanh""], [""tanh"", ""tanh"", ""tanh"", ""tanh"", ""tanh"", ""tanh"", ""tanh"", ""tanh"", ""swish"", ""swish"", ""linear"", ""linear""], [""tanh"", ""tanh""]]",3,16,71,False
aad40450285a,"[[""tanh"", ""tanh"", ""tanh""], [""tanh"", ""tanh""], [""tanh"", ""tanh"", ""tanh"", ""tanh""]]",3,9,34,True
d2ce363d8a21,"[[""tanh"", ""tanh"", ""swish""], [""tanh"", ""tanh""], [""tanh"", ""tanh"", ""tanh"", ""swish""]]",3,9,34,False
4c88ffb9541c,"[[""tanh"", ""tanh"", ""tanh""], [""tanh"", ""tanh""], [""tanh"", ""tanh"", ""tanh"", ""tanh"", ""tanh""]]",3,10,38,True
fedbc9e50e1f,"[[""tanh"", ""tanh"", ""swish""], [""tanh"", ""tanh""], [""tanh"", ""tanh"", ""tanh"", ""tanh"", ""swish""]]",3,10,38,False
997821a8bb4c,"[[""tanh"", ""tanh"", ""swish""], [""tanh"", ""tanh""], [""tanh"", ""tanh"", ""tanh"", ""swish"", ""linear""]]",3,10,38,False
6502ac8c86d5,"[[""tanh"", ""tanh"", ""tanh""], [""tanh"", ""tanh""], [""tanh"", ""tanh"", ""tanh"", ""tanh"", ""tanh"", ""tanh""]]",3,11,42,True
4e3937cf1a72,"[[""tanh"", ""tanh"", ""swish""], [""tanh"", ""tanh""], [""tanh"", ""tanh"", ""tanh"", ""tanh"", ""swish"", ""swish""]]",3,11,42,False
443e8f7a1a1d,"[[""tanh"", ""tanh"", ""swish""], [""tanh"", ""tanh""], [""tanh"", ""tanh"", ""tanh"", ""tanh"", ""swish"", ""linear""]]",3,11,42,False
f1fddfe4c8a1,"[[""tanh"", ""tanh"", ""tanh""], [""tanh"", ""tanh""], [""tanh"", ""tanh"", ""tanh"", ""tanh"", ""tanh"", ""tanh"", ""tanh""]]",3,12,46,True
1de8da94f698,"[[""tanh"", ""tanh"", ""swish""], [""tanh"", ""tanh""], [""tanh"", ""tanh"", ""tanh"", ""tanh"", ""tanh"", ""swish"", ""swish""]]",3,12,46,False
c70a5ab6d6a1,"[[""tanh"", ""tanh"", ""swish""], [""tanh"", ""tanh""], [""tanh"", ""tanh"", ""tanh"", ""tanh"", ""tanh"", ""swish"", ""linear""]]",3,12,46,False
015bc3aeff45,"[[""tanh"", ""tanh"", ""tanh""], [""tanh"", ""tanh""], [""tanh"", ""tanh"", ""tanh"", ""tanh"", ""tanh"", ""tanh"", ""tanh"", ""tanh""]]",3,13,50,True
14c6309a28f2,"[[""tanh"", ""tanh"", ""swish""], [""tanh"", ""tanh""], [""tanh"", ""tanh"", ""tanh"", ""tanh"", ""tanh"", ""swish"", ""swish"", ""swish""]]",3,13,50,False
37a7e12babbe,"[[""tanh"", ""tanh"", ""swish""], [""tanh"", ""tanh""], [""tanh"", ""tanh"", ""tanh"", ""tanh"", ""tanh"", ""swish"", ""swish"", ""linear""]]",3,13,50,False
4ae60476a2a9,"[[""tanh"", ""tanh"", ""tanh""], [""tanh"", ""tanh""], [""tanh"", ""tanh"", ""tanh"", ""tanh"", ""tanh"", ""tanh"", ""tanh"", ""tanh"", ""tanh""]]",3,14,54,True
ad0ab863935f,"[[""tanh"", ""tanh"", ""swish""], [""tanh"", ""tanh""], [""tanh"", ""tanh"", ""tanh"", ""tanh"", ""tanh"", ""tanh"", ""swish"", ""swish"", ""swish""]]",3,14,54,False
bbc380ec1989,"[[""tanh"", ""tanh"", ""swish""], [""tanh"", ""tanh""], [""tanh"", ""tanh"", ""tanh"", ""tanh"", ""tanh"", ""tanh"", ""swish"", ""swish"", ""linear""]]",3,14,54,False
87015fd92997,"[[""tanh"", ""tanh"", ""tanh""], [""tanh"", ""tanh""], [""tanh"", ""tanh"", ""tanh"", ""tanh"", ""tanh"", ""tanh"", ""tanh"", ""tanh"", ""tanh"", ""tanh""]]",3,15,58,True
24e466473b3a,"[[""tanh"", ""tanh"", ""swish""], [""tanh"", ""tanh""], [""tanh"", ""tanh"", ""tanh"", ""tanh"", ""tanh"", ""tanh"", ""swish"", ""swish"", ""swish"", ""linear""]]",3,15,58,False
45fee3150cf3,"[[""tanh"", ""tanh"", ""swish""], [""tanh"", ""tanh""], [""tanh"", ""tanh"", ""tanh"", ""tanh"", ""tanh"", ""tanh"", ""swish"", ""swish"", ""linear"", ""linear""]]",3,15,58,False
5b220b44f93b,"[[""tanh"", ""tanh"", ""tanh""], [""tanh"", ""tanh""], [""tanh"", ""tanh"", ""tanh"", ""tanh"", ""tanh"", ""tanh"", ""tanh"", ""tanh"", ""tanh"", ""tanh"", ""tanh""]]",3,16,62,True
f299e88dbce0,"[[""tanh"", ""tanh"", ""swish""], [""tanh"", ""tanh""], [""tanh"", ""tanh"", ""tanh"", ""tanh"", ""tanh"", ""tanh"", ""tanh"", ""swish"", ""swish"", ""swish"", ""linear""]]",3,16,62,False
83d39579b7cf,"[[""tanh"", ""tanh"", ""swish""], [""tanh"", ""tanh""], [""tanh"", ""tanh"", ""tanh"", ""tanh"", ""tanh"", ""tanh"", ""tanh"", ""swish"", ""swish"", ""linear"", ""linear""]]",3,16,62,False
d50dba1734ea,"[[""tanh"", ""tanh"", ""tanh""], [""tanh"", ""tanh"", ""tanh""], [""tanh"", ""tanh"", ""tanh""]]",3,9,37,True
076c539c6a85,"[[""tanh"", ""tanh"", ""swish""], [""tanh"", ""tanh"", ""swish""], [""tanh"", ""tanh"", ""swish""]]",3,9,37,False
e93a3a1e6730,"[[""tanh"", ""tanh"", ""tanh""], [""tanh"", ""tanh"", ""tanh""], [""tanh"", ""tanh"", ""tanh"", ""tanh""]]",3,10,42,True
bfa5bb7040b2,"[[""tanh"", ""tanh"", ""swish""], [""tanh"", ""tanh"", ""swish""], [""tanh"", ""tanh"", ""tanh"", ""swish""]]",3,10,42,False
32a74d58a8b4,"[[""tanh"", ""tanh"", ""tanh""], [""tanh"", ""tanh"", ""tanh""], [""tanh"", ""tanh"", ""tanh"", ""tanh"", ""tanh""]]",3,11,47,True
278f146268fc,"[[""tanh"", ""tanh"", ""swish""], [""tanh"", ""tanh"", ""swish""], [""tanh"", ""tanh"", ""tanh"", ""tanh"", ""swish""]]",3,11,47,False
4ca6eed81ab1,"[[""tanh"", ""tanh"", ""swish""], [""tanh"", ""tanh"", ""swish""], [""tanh"", ""tanh"", ""tanh"", ""swish"", ""linear""]]",3,11,47,False
a4bda233d48a,"[[""tanh"", ""tanh"", ""tanh""], [""tanh"", ""tanh"", ""tanh""], [""tanh"", ""tanh"", ""tanh"", ""tanh"", ""tanh"", ""tanh""]]",3,12,52,True
752bfc66bf8d,"[[""tanh"", ""tanh"", ""swish""], [""tanh"", ""tanh"", ""swish""], [""tanh"", ""tanh"", ""tanh"", ""tanh"", ""swish"", ""swish""]]",3,12,52,False
408e09c652e6,"[[""tanh"", ""tanh"", ""swish""], [""tanh"", ""tanh"", ""swish""], [""tanh"", ""tanh"", ""tanh"", ""tanh"", ""swish"", ""linear""]]",3,12,52,False
f83867786200,"[[""tanh"", ""tanh"", ""tanh""], [""tanh"", ""tanh"", ""tanh""], [""tanh"", ""tanh"", ""tanh"", ""tanh"", ""tanh"", ""tanh"", ""tanh""]]",3,13,57,True
8e39c0e67f4f,"[[""tanh"", ""tanh"", ""swish""], [""tanh"", ""tanh"", ""swish""], [""tanh"", ""tanh"", ""tanh"", ""tanh"", ""tanh"", ""swish"", ""swish""]]",3,13,57,False
443a451914f2,"[[""tanh"", ""tanh"", ""swish""], [""tanh"", ""tanh"", ""swish""], [""tanh"", ""tanh"", ""tanh"", ""tanh"", ""tanh"", ""swish"", ""linear""]]",3,13,57,False
5778d26a9329,"[[""tanh"", ""tanh"", ""tanh""], [""tanh"", ""tanh"", ""tanh""], [""tanh"", ""tanh"", ""tanh"", ""tanh"", ""tanh"", ""tanh"", ""tanh"", ""tanh""]]",3,14,62,True
0ef8bfb78794,"[[""tanh"", ""tanh"", ""swish""], [""tanh"", ""tanh"", ""swish""], [""tanh"", ""tanh"", ""tanh"", ""tanh"", ""tanh"", ""swish"", ""swish"", ""swish""]]",3,14,62,False
d834aebc589a,"[[""tanh"", ""tanh"", ""swish""], [""tanh"", ""tanh"", ""swish""], [""tanh"", ""tanh"", ""tanh"", ""tanh"", ""tanh"", ""swish"", ""swish"", ""linear""]]",3,14,62,False
2e99defbb089,"[[""tanh"", ""tanh"", ""tanh""], [""tanh"", ""tanh"", ""tanh""], [""tanh"", ""tanh"", ""tanh"", ""tanh"", ""tanh"", ""tanh"", ""tanh"", ""tanh"", ""tanh""]]",3,15,67,True
e7ba457475d7,"[[""tanh"", ""tanh"", ""swish""], [""tanh"", ""tanh"", ""swish""], [""tanh"", ""tanh"", ""tanh"", ""tanh"", ""tanh"", ""tanh"", ""swish"", ""swish"", ""swish""]]",3,15,67,False
9a9247df4539,"[[""tanh"", ""tanh"", ""swish""], [""tanh"", ""tanh"", ""swish""], [""tanh"", ""tanh"", ""tanh"", ""tanh"", ""tanh"", ""tanh"", ""swish"", ""swish"", ""linear""]]",3,15,67,False
0155b86793a6,"[[""tanh"", ""tanh"", ""tanh""], [""tanh"", ""tanh"", ""tanh""], [""tanh"", ""tanh"", ""tanh"", ""tanh"", ""tanh"", ""tanh"", ""tanh"", ""tanh"", ""tanh"", ""tanh""]]",3,16,72,True
8320c8229761,"[[""tanh"", ""tanh"", ""swish""], [""tanh"", ""tanh"", ""swish""], [""tanh"", ""tanh"", ""tanh"", ""tanh"", ""tanh"", ""tanh"", ""swish"", ""swish"", ""swish"", ""linear""]]",3,16,72,False
37ec814a4c07,"[[""tanh"", ""tanh"", ""swish""], [""tanh"", ""tanh"", ""swish""], [""tanh"", ""tanh"", ""tanh"", ""tanh"", ""tanh"", ""tanh"", ""swish"", ""swish"", ""linear"", ""linear""]]",3,16,72,False
9b68a9025c2e,"[[""tanh"", ""tanh"", ""tanh""], [""tanh"", ""tanh"", ""tanh"", ""tanh""], [""tanh"", ""tanh""]]",3,9,38,True
a3d83951ae90,"[[""tanh"", ""tanh"", ""swish""], [""tanh"", ""tanh"", ""tanh"", ""swish""], [""tanh"", ""tanh""]]",3,9,38,False
54c5403f882e,"[[""tanh"", ""tanh"", ""tanh""], [""tanh"", ""tanh"", ""tanh"", ""tanh""], [""tanh"", ""tanh"", ""tanh""]]",3,10,44,True
75ea3b4bea37,"[[""tanh"", ""tanh"", ""swish""], [""tanh"", ""tanh"", ""tanh"", ""swish""], [""tanh"", ""tanh"", ""swish""]]",3,10,44,False
1d441bd48b8a,"[[""tanh"", ""tanh"", ""tanh""], [""tanh"", ""tanh"", ""tanh"", ""tanh""], [""tanh"", ""tanh"", ""tanh"", ""tanh""]]",3,11,50,True
2464bafa9380,"[[""tanh"", ""tanh"", ""swish""], [""tanh"", ""tanh"", ""tanh"", ""swish""], [""tanh"", ""tanh"", ""tanh"", ""swish""]]",3,11,50,False
fafe1687fe13,"[[""tanh"", ""tanh"", ""tanh""], [""tanh"", ""tanh"", ""tanh"", ""tanh""], [""tanh"", ""tanh"", ""tanh"", ""tanh"", ""tanh""]]",3,12,56,True
42237c84f654,"[[""tanh"", ""tanh"", ""swish""], [""tanh"", ""tanh"", ""tanh"", ""swish""], [""tanh"", ""tanh"", ""tanh"", ""tanh"", ""swish""]]",3,12,56,False
d76642eba2ec,"[[""tanh"", ""tanh"", ""swish""], [""tanh"", ""tanh"", ""tanh"", ""swish""], [""tanh"", ""tanh"", ""tanh"", ""swish"", ""linear""]]",3,12,56,False
7356f9421d46,"[[""tanh"", ""tanh"", ""tanh""], [""tanh"", ""tanh"", ""tanh"", ""tanh""], [""tanh"", ""tanh"", ""tanh"", ""tanh"", ""tanh"", ""tanh""]]",3,13,62,True
4cd4b2ca1e84,"[[""tanh"", ""tanh"", ""swish""], [""tanh"", ""tanh"", ""tanh"", ""swish""], [""tanh"", ""tanh"", ""tanh"", ""tanh"", ""swish"", ""swish""]]",3,13,62,False
687d9fb2d0d2,"[[""tanh"", ""tanh"", ""swish""], [""tanh"", ""tanh"", ""tanh"", ""swish""], [""tanh"", ""tanh"", ""tanh"", ""tanh"", ""swish"", ""linear""]]",3,13,62,False
89ad76c4d5a6,"[[""tanh"", ""tanh"", ""tanh""], [""tanh"", ""tanh"", ""tanh"", ""tanh""], [""tanh"", ""tanh"", ""tanh"", ""tanh"", ""tanh"", ""tanh"", ""tanh""]]",3,14,68,True
1b0f7e0e72e0,"[[""tanh"", ""tanh"", ""swish""], [""tanh"", ""tanh"", ""tanh"", ""swish""], [""tanh"", ""tanh"", ""tanh"", ""tanh"", ""tanh"", ""swish"", ""swish""]]",3,14,68,False
5ed17b989e73,"[[""tanh"", ""tanh"", ""swish""], [""tanh"", ""tanh"", ""tanh"", ""swish""], [""tanh"", ""tanh"", ""tanh"", ""tanh"", ""tanh"", ""swish"", ""linear""]]",3,14,68,False
aa8f4a29833b,"[[""tanh"", ""tanh"", ""tanh""], [""tanh"", ""tanh"", ""tanh"", ""tanh""], [""tanh"", ""tanh"", ""tanh"", ""tanh"", ""tanh"", ""tanh"", ""tanh"", ""tanh""]]",3,15,74,True
3399daa003f2,"[[""tanh"", ""tanh"", ""swish""], [""tanh"", ""tanh"", ""tanh"", ""swish""], [""tanh"", ""tanh"", ""tanh"", ""tanh"", ""tanh"", ""swish"", ""swish"", ""swish""]]",3,15,74,False
1188d4c8cc55,"[[""tanh"", ""tanh"", ""swish""], [""tanh"", ""tanh"", ""tanh"", ""swish""], [""tanh"", ""tanh"", ""tanh"", ""tanh"", ""tanh"", ""swish"", ""swish"", ""linear""]]",3,15,74,False
444398af6cf5,"[[""tanh"", ""tanh"", ""tanh""], [""tanh"", ""tanh"", ""tanh"", ""tanh""], [""tanh"", ""tanh"", ""tanh"", ""tanh"", ""tanh"", ""tanh"", ""tanh"", ""tanh"", ""tanh""]]",3,16,80,True
dd26a68881eb,"[[""tanh"", ""tanh"", ""swish""], [""tanh"", ""tanh"", ""tanh"", ""swish""], [""tanh"", ""tanh"", ""tanh"", ""tanh"", ""tanh"", ""tanh"", ""swish"", ""swish"", ""swish""]]",3,16,80,False
ff56b25fef35,"[[""tanh"", ""tanh"", ""swish""], [""tanh"", ""tanh"", ""tanh"", ""swish""], [""tanh"", ""tanh"", ""tanh"", ""tanh"", ""tanh"", ""tanh"", ""swish"", ""swish"", ""linear""]]",3,16,80,False
a33a37c95d16,"[[""tanh"", ""tanh"", ""tanh""], [""tanh"", ""tanh"", ""tanh"", ""tanh"", ""tanh""], [""tanh"", ""tanh""]]",3,10,44,True
24453f035278,"[[""tanh"", ""tanh"", ""swish""], [""tanh"", ""tanh"", ""tanh"", ""tanh"", ""swish""], [""tanh"", ""tanh""]]",3,10,44,False
26ebdc54ef3e,"[[""tanh"", ""tanh"", ""swish""], [""tanh"", ""tanh"", ""tanh"", ""swish"", ""linear""], [""tanh"", ""tanh""]]",3,10,44,False
853b53e12409,"[[""tanh"", ""tanh"", ""tanh""], [""tanh"", ""tanh"", ""tanh"", ""tanh"", ""tanh""], [""tanh"", ""tanh"", ""tanh""]]",3,11,51,True
47daaf8b9b9f,"[[""tanh"", ""tanh"", ""swish""], [""tanh"", ""tanh"", ""tanh"", ""tanh"", ""swish""], [""tanh"", ""tanh"", ""swish""]]",3,11,51,False
2cd268adb31c,"[[""tanh"", ""tanh"", ""swish""], [""tanh"", ""tanh"", ""tanh"", ""swish"", ""linear""], [""tanh"", ""tanh"", ""swish""]]",3,11,51,False
ce9ad8db1cd2,"[[""tanh"", ""tanh"", ""tanh""], [""tanh"", ""tanh"", ""tanh"", ""tanh"", ""tanh""], [""tanh"", ""tanh"", ""tanh"", ""tanh""]]",3,12,58,True
bbd84a194f6f,"[[""tanh"", ""tanh"", ""swish""], [""tanh"", ""tanh"", ""tanh"", ""tanh"", ""swish""], [""tanh"", ""tanh"", ""tanh"", ""swish""]]",3,12,58,False
b9d8e78171ab,"[[""tanh"", ""tanh"", ""swish""], [""tanh"", ""tanh"", ""tanh"", ""swish"", ""linear""], [""tanh"", ""tanh"", ""tanh"", ""swish""]]",3,12,58,False
d6c742dd4304,"[[""tanh"", ""tanh"", ""tanh""], [""tanh"", ""tanh"", ""tanh"", ""tanh"", ""tanh""], [""tanh"", ""tanh"", ""tanh"", ""tanh"", ""tanh""]]",3,13,65,True
3f94ce285d58,"[[""tanh"", ""tanh"", ""swish""], [""tanh"", ""tanh"", ""tanh"", ""tanh"", ""swish""], [""tanh"", ""tanh"", ""tanh"", ""tanh"", ""swish""]]",3,13,65,False
0c82f68a3cbd,"[[""tanh"", ""tanh"", ""swish""], [""tanh"", ""tanh"", ""tanh"", ""swish"", ""linear""], [""tanh"", ""tanh"", ""tanh"", ""swish"", ""linear""]]",3,13,65,False
614e784e39fe,"[[""tanh"", ""tanh"", ""tanh""], [""tanh"", ""tanh"", ""tanh"", ""tanh"", ""tanh""], [""tanh"", ""tanh"", ""tanh"", ""tanh"", ""tanh"", ""tanh""]]",3,14,72,True
fa8471f47bd6,"[[""tanh"", ""tanh"", ""swish""], [""tanh"", ""tanh"", ""tanh"", ""tanh"", ""swish""], [""tanh"", ""tanh"", ""tanh"", ""tanh"", ""swish"", ""swish""]]",3,14,72,False
c20b0811b7d4,"[[""tanh"", ""tanh"", ""swish""], [""tanh"", ""tanh"", ""tanh"", ""swish"", ""linear""], [""tanh"", ""tanh"", ""tanh"", ""tanh"", ""swish"", ""linear""]]",3,14,72,False
2ef62ba0a41a,"[[""tanh"", ""tanh"", ""tanh""], [""tanh"", ""tanh"", ""tanh"", ""tanh"", ""tanh""], [""tanh"", ""tanh"", ""tanh"", ""tanh"", ""tanh"", ""tanh"", ""tanh""]]",3,15,79,True
4896ae0446cf,"[[""tanh"", ""tanh"", ""swish""], [""tanh"", ""tanh"", ""tanh"", ""tanh"", ""swish""], [""tanh"", ""tanh"", ""tanh"", ""tanh"", ""tanh"", ""swish"", ""swish""]]",3,15,79,False
622abe995d86,"[[""tanh"", ""tanh"", ""swish""], [""tanh"", ""tanh"", ""tanh"", ""swish"", ""linear""], [""tanh"", ""tanh"", ""tanh"", ""tanh"", ""tanh"", ""swish"", ""linear""]]",3,15,79,False
d640a0327d76,"[[""tanh"", ""tanh"", ""tanh""], [""tanh"", ""tanh"", ""tanh"", ""tanh"", ""tanh""], [""tanh"", ""tanh"", ""tanh"", ""tanh"", ""tanh"", ""tanh"", ""tanh"", ""tanh""]]",3,16,86,True
5cff03783df2,"[[""tanh"", ""tanh"", ""swish""], [""tanh"", ""tanh"", ""tanh"", ""tanh"", ""swish""], [""tanh"", ""tanh"", ""tanh"", ""tanh"", ""tanh"", ""swish"", ""swish"", ""swish""]]",3,16,86,False
6d2b561b3ce0,"[[""tanh"", ""tanh"", ""swish""], [""tanh"", ""tanh"", ""tanh"", ""swish"", ""linear""], [""tanh"", ""tanh"", ""tanh"", ""tanh"", ""tanh"", ""swish"", ""swish"", ""linear""]]",3,16,86,False
eaa1d111ff1d,"[[""tanh"", ""tanh"", ""tanh""], [""tanh"", ""tanh"", ""tanh"", ""tanh"", ""tanh"", ""tanh""], [""tanh"", ""tanh""]]",3,11,50,True
e0ef30cdb906,"[[""tanh"", ""tanh"", ""swish""], [""tanh"", ""tanh"", ""tanh"", ""tanh"", ""swish"", ""swish""], [""tanh"", ""tanh""]]",3,11,50,False
0853fb5d5414,"[[""tanh"", ""tanh"", ""swish""], [""tanh"", ""tanh"", ""tanh"", ""tanh"", ""swish"", ""linear""], [""tanh"", ""tanh""]]",3,11,50,False
313084827c23,"[[""tanh"", ""tanh"", ""tanh""], [""tanh"", ""tanh"", ""tanh"", ""tanh"", ""tanh"", ""tanh""], [""tanh"", ""tanh"", ""tanh""]]",3,12,58,True
23169164bee6,"[[""tanh"", ""tanh"", ""swish""], [""tanh"", ""tanh"", ""tanh"", ""tanh"", ""swish"", ""swish""], [""tanh"", ""tanh"", ""swish""]]",3,12,58,False
924038e5d2da,"[[""tanh"", ""tanh"", ""swish""], [""tanh"", ""tanh"", ""tanh"", ""tanh"", ""swish"", ""linear""], [""tanh"", ""tanh"", ""swish""]]",3,12,58,False
0413159ceb3c,"[[""tanh"", ""tanh"", ""tanh""], [""tanh"", ""tanh"", ""tanh"", ""tanh"", ""tanh"", ""tanh""], [""tanh"", ""tanh"", ""tanh"", ""tanh""]]",3,13,66,True
d380b1427642,"[[""tanh"", ""tanh"", ""swish""], [""tanh"", ""tanh"", ""tanh"", ""tanh"", ""swish"", ""swish""], [""tanh"", ""tanh"", ""tanh"", ""swish""]]",3,13,66,False
2a7c0d7fecd5,"[[""tanh"", ""tanh"", ""swish""], [""tanh"", ""tanh"", ""tanh"", ""tanh"", ""swish"", ""linear""], [""tanh"", ""tanh"", ""tanh"", ""swish""]]",3,13,66,False
d5e7faa85a31,"[[""tanh"", ""tanh"", ""tanh""], [""tanh"", ""tanh"", ""tanh"", ""tanh"", ""tanh"", ""tanh""], [""tanh"", ""tanh"", ""tanh"", ""tanh"", ""tanh""]]",3,14,74,True
ae012b52ae12,"[[""tanh"", ""tanh"", ""swish""], [""tanh"", ""tanh"", ""tanh"", ""tanh"", ""swish"", ""swish""], [""tanh"", ""tanh"", ""tanh"", ""tanh"", ""swish""]]",3,14,74,False
73c99bcae949,"[[""tanh"", ""tanh"", ""swish""], [""tanh"", ""tanh"", ""tanh"", ""tanh"", ""swish"", ""linear""], [""tanh"", ""tanh"", ""tanh"", ""swish"", ""linear""]]",3,14,74,False
dddd3315a5f0,"[[""tanh"", ""tanh"", ""tanh""], [""tanh"", ""tanh"", ""tanh"", ""tanh"", ""tanh"", ""tanh""], [""tanh"", ""tanh"", ""tanh"", ""tanh"", ""tanh"", ""tanh""]]",3,15,82,True
848b6ca71e1f,"[[""tanh"", ""tanh"", ""swish""], [""tanh"", ""tanh"", ""tanh"", ""tanh"", ""swish"", ""swish""], [""tanh"", ""tanh"", ""tanh"", ""tanh"", ""swish"", ""swish""]]",3,15,82,False
42d45d751d43,"[[""tanh"", ""tanh"", ""swish""], [""tanh"", ""tanh"", ""tanh"", ""tanh"", ""swish"", ""linear""], [""tanh"", ""tanh"", ""tanh"", ""tanh"", ""swish"", ""linear""]]",3,15,82,False
155ac2c73407,"[[""tanh"", ""tanh"", ""tanh""], [""tanh"", ""tanh"", ""tanh"", ""tanh"", ""tanh"", ""tanh""], [""tanh"", ""tanh"", ""tanh"", ""tanh"", ""tanh"", ""tanh"", ""tanh""]]",3,16,90,True
048717bc4909,"[[""tanh"", ""tanh"", ""swish""], [""tanh"", ""tanh"", ""tanh"", ""tanh"", ""swish"", ""swish""], [""tanh"", ""tanh"", ""tanh"", ""tanh"", ""tanh"", ""swish"", ""swish""]]",3,16,90,False
6d830e68bffd,"[[""tanh"", ""tanh"", ""swish""], [""tanh"", ""tanh"", ""tanh"", ""tanh"", ""swish"", ""linear""], [""tanh"", ""tanh"", ""tanh"", ""tanh"", ""tanh"", ""swish"", ""linear""]]",3,16,90,False
ee764fa632d4,"[[""tanh"", ""tanh"", ""tanh""], [""tanh"", ""tanh"", ""tanh"", ""tanh"", ""tanh"", ""tanh"", ""tanh""], [""tanh"", ""tanh""]]",3,12,56,True
2919f942a277,"[[""tanh"", ""tanh"", ""swish""], [""tanh"", ""tanh"", ""tanh"", ""tanh"", ""tanh"", ""swish"", ""swish""], [""tanh"", ""tanh""]]",3,12,56,False
0a576be9c153,"[[""tanh"", ""tanh"", ""swish""], [""tanh"", ""tanh"", ""tanh"", ""tanh"", ""tanh"", ""swish"", ""linear""], [""tanh"", ""tanh""]]",3,12,56,False
f8394a69a256,"[[""tanh"", ""tanh"", ""tanh""], [""tanh"", ""tanh"", ""tanh"", ""tanh"", ""tanh"", ""tanh"", ""tanh""], [""tanh"", ""tanh"", ""tanh""]]",3,13,65,True
ccc7cb4f6e47,"[[""tanh"", ""tanh"", ""swish""], [""tanh"", ""tanh"", ""tanh"", ""tanh"", ""tanh"", ""swish"", ""swish""], [""tanh"", ""tanh"", ""swish""]]",3,13,65,False
f7b1b29c0812,"[[""tanh"", ""tanh"", ""swish""], [""tanh"", ""tanh"", ""tanh"", ""tanh"", ""tanh"", ""swish"", ""linear""], [""tanh"", ""tanh"", ""swish""]]",3,13,65,False
627db354b8c0,"[[""tanh"", ""tanh"", ""tanh""], [""tanh"", ""tanh"", ""tanh"", ""tanh"", ""tanh"", ""tanh"", ""tanh""], [""tanh"", ""tanh"", ""tanh"", ""tanh""]]",3,14,74,True
ab9eabba0aaf,"[[""tanh"", ""tanh"", ""swish""], [""tanh"", ""tanh"", ""tanh"", ""tanh"", ""tanh"", ""swish"", ""swish""], [""tanh"", ""tanh"", ""tanh"", ""swish""]]",3,14,74,False
710feb446ed3,"[[""tanh"", ""tanh"", ""swish""], [""tanh"", ""tanh"", ""tanh"", ""tanh"", ""tanh"", ""swish"", ""linear""], [""tanh"", ""tanh"", ""tanh"", ""swish""]]",3,14,74,False
3430b970f0c5,"[[""tanh"", ""tanh"", ""tanh""], [""tanh"", ""tanh"", ""tanh"", ""tanh"", ""tanh"", ""tanh"", ""tanh""], [""tanh"", ""tanh"", ""tanh"", ""tanh"", ""tanh""]]",3,15,83,True
02d979e01bfc,"[[""tanh"", ""tanh"", ""swish""], [""tanh"", ""tanh"", ""tanh"", ""tanh"", ""tanh"", ""swish"", ""swish""], [""tanh"", ""tanh"", ""tanh"", ""tanh"", ""swish""]]",3,15,83,False
a030eb907514,"[[""tanh"", ""tanh"", ""swish""], [""tanh"", ""tanh"", ""tanh"", ""tanh"", ""tanh"", ""swish"", ""linear""], [""tanh"", ""tanh"", ""tanh"", ""swish"", ""linear""]]",3,15,83,False
01629fcfd554,"[[""tanh"", ""tanh"", ""tanh""], [""tanh"", ""tanh"", ""tanh"", ""tanh"", ""tanh"", ""tanh"", ""tanh""], [""tanh"", ""tanh"", ""tanh"", ""tanh"", ""tanh"", ""tanh""]]",3,16,92,True
80540db3462e,"[[""tanh"", ""tanh"", ""swish""], [""tanh"", ""tanh"", ""tanh"", ""tanh"", ""tanh"", ""swish"", ""swish""], [""tanh"", ""tanh"", ""tanh"", ""tanh"", ""swish"", ""swish""]]",3,16,92,False
bb228f40b6fd,"[[""tanh"", ""tanh"", ""swish""], [""tanh"", ""tanh"", ""tanh"", ""tanh"", ""tanh"", ""swish"", ""linear""], [""tanh"", ""tanh"", ""tanh"", ""tanh"", ""swish"", ""linear""]]",3,16,92,False
60f91efcd3df,"[[""tanh"", ""tanh"", ""tanh""], [""tanh"", ""tanh"", ""tanh"", ""tanh"", ""tanh"", ""tanh"", ""tanh"", ""tanh""], [""tanh"", ""tanh""]]",3,13,62,True
3675e4a83329,"[[""tanh"", ""tanh"", ""swish""], [""tanh"", ""tanh"", ""tanh"", ""tanh"", ""tanh"", ""swish"", ""swish"", ""swish""], [""tanh"", ""tanh""]]",3,13,62,False
c852a2931eed,"[[""tanh"", ""tanh"", ""swish""], [""tanh"", ""tanh"", ""tanh"", ""tanh"", ""tanh"", ""swish"", ""swish"", ""linear""], [""tanh"", ""tanh""]]",3,13,62,False
2012104d61bf,"[[""tanh"", ""tanh"", ""tanh""], [""tanh"", ""tanh"", ""tanh"", ""tanh"", ""tanh"", ""tanh"", ""tanh"", ""tanh""], [""tanh"", ""tanh"", ""tanh""]]",3,14,72,True
9fcb26b13800,"[[""tanh"", ""tanh"", ""swish""], [""tanh"", ""tanh"", ""tanh"", ""tanh"", ""tanh"", ""swish"", ""swish"", ""swish""], [""tanh"", ""tanh"", ""swish""]]",3,14,72,False
48ee38b0e5bc,"[[""tanh"", ""tanh"", ""swish""], [""tanh"", ""tanh"", ""tanh"", ""tanh"", ""tanh"", ""swish"", ""swish"", ""linear""], [""tanh"", ""tanh"", ""swish""]]",3,14,72,False
405c2cbc005a,"[[""tanh"", ""tanh"", ""tanh""], [""tanh"", ""tanh"", ""tanh"", ""tanh"", ""tanh"", ""tanh"", ""tanh"", ""tanh""], [""tanh"", ""tanh"", ""tanh"", ""tanh""]]",3,15,82,True
9caab9f9226a,"[[""tanh"", ""tanh"", ""swish""], [""tanh"", ""tanh"", ""tanh"", ""tanh"", ""tanh"", ""swish"", ""swish"", ""swish""], [""tanh"", ""tanh"", ""tanh"", ""swish""]]",3,15,82,False
43023af2746e,"[[""tanh"", ""tanh"", ""swish""], [""tanh"", ""tanh"", ""tanh"", ""tanh"", ""tanh"", ""swish"", ""swish"", ""linear""], [""tanh"", ""tanh"", ""tanh"", ""swish""]]",3,15,82,False
cb47c5add915,"[[""tanh"", ""tanh"", ""tanh""], [""tanh"", ""tanh"", ""tanh"", ""tanh"", ""tanh"", ""tanh"", ""tanh"", ""tanh""], [""tanh"", ""tanh"", ""tanh"", ""tanh"", ""tanh""]]",3,16,92,True
d889c6a2da84,"[[""tanh"", ""tanh"", ""swish""], [""tanh"", ""tanh"", ""tanh"", ""tanh"", ""tanh"", ""swish"", ""swish"", ""swish""], [""tanh"", ""tanh"", ""tanh"", ""tanh"", ""swish""]]",3,16,92,False
14804f0bc80d,"[[""tanh"", ""tanh"", ""swish""], [""tanh"", ""tanh"", ""tanh"", ""tanh"", ""tanh"", ""swish"", ""swish"", ""linear""], [""tanh"", ""tanh"", ""tanh"", ""swish"", ""linear""]]",3,16,92,False
ba46b1943ebf,"[[""tanh"", ""tanh"", ""tanh""], [""tanh"", ""tanh"", ""tanh"", ""tanh"", ""tanh"", ""tanh"", ""tanh"", ""tanh"", ""tanh""], [""tanh"", ""tanh""]]",3,14,68,True
92d6a9ee0463,"[[""tanh"", ""tanh"", ""swish""], [""tanh"", ""tanh"", ""tanh"", ""tanh"", ""tanh"", ""tanh"", ""swish"", ""swish"", ""swish""], [""tanh"", ""tanh""]]",3,14,68,False
b23e40e6572e,"[[""tanh"", ""tanh"", ""swish""], [""tanh"", ""tanh"", ""tanh"", ""tanh"", ""tanh"", ""tanh"", ""swish"", ""swish"", ""linear""], [""tanh"", ""tanh""]]",3,14,68,False
d5025f135750,"[[""tanh"", ""tanh"", ""tanh""], [""tanh"", ""tanh"", ""tanh"", ""tanh"", ""tanh"", ""tanh"", ""tanh"", ""tanh"", ""tanh""], [""tanh"", ""tanh"", ""tanh""]]",3,15,79,True
3aca93084a16,"[[""tanh"", ""tanh"", ""swish""], [""tanh"", ""tanh"", ""tanh"", ""tanh"", ""tanh"", ""tanh"", ""swish"", ""swish"", ""swish""], [""tanh"", ""tanh"", ""swish""]]",3,15,79,False
b19611f83f8f,"[[""tanh"", ""tanh"", ""swish""], [""tanh"", ""tanh"", ""tanh"", ""tanh"", ""tanh"", ""tanh"", ""swish"", ""swish"", ""linear""], [""tanh"", ""tanh"", ""swish""]]",3,15,79,False
a7252506e33d,"[[""tanh"", ""tanh"", ""tanh""], [""tanh"", ""tanh"", ""tanh"", ""tanh"", ""tanh"", ""tanh"", ""tanh"", ""tanh"", ""tanh""], [""tanh"", ""tanh"", ""tanh"", ""tanh""]]",3,16,90,True
e199b860ed84,"[[""tanh"", ""tanh"", ""swish""], [""tanh"", ""tanh"", ""tanh"", ""tanh"", ""tanh"", ""tanh"", ""swish"", ""swish"", ""swish""], [""tanh"", ""tanh"", ""tanh"", ""swish""]]",3,16,90,False
131be7af28e5,"[[""tanh"", ""tanh"", ""swish""], [""tanh"", ""tanh"", ""tanh"", ""tanh"", ""tanh"", ""tanh"", ""swish"", ""swish"", ""linear""], [""tanh"", ""tanh"", ""tanh"", ""swish""]]",3,16,90,False
7ed8076a0257,"[[""tanh"", ""tanh"", ""tanh""], [""tanh"", ""tanh"", ""tanh"", ""tanh"", ""tanh"", ""tanh"", ""tanh"", ""tanh"", ""tanh"", ""tanh""], [""tanh"", ""tanh""]]",3,15,74,True
d2eed2755511,"[[""tanh"", ""tanh"", ""swish""], [""tanh"", ""tanh"", ""tanh"", ""tanh"", ""tanh"", ""tanh"", ""swish"", ""swish"", ""swish"", ""linear""], [""tanh"", ""tanh""]]",3,15,74,False
f64dae89790d,"[[""tanh"", ""tanh"", ""swish""], [""tanh"", ""tanh"", ""tanh"", ""tanh"", ""tanh"", ""tanh"", ""swish"", ""swish"", ""linear"", ""linear""], [""tanh"", ""tanh""]]",3,15,74,False
8d445e705014,"[[""tanh"", ""tanh"", ""tanh""], [""tanh"", ""tanh"", ""tanh"", ""tanh"", ""tanh"", ""tanh"", ""tanh"", ""tanh"", ""tanh"", ""tanh""], [""tanh"", ""tanh"", ""tanh""]]",3,16,86,True
c56035a3716b,"[[""tanh"", ""tanh"", ""swish""], [""tanh"", ""tanh"", ""tanh"", ""tanh"", ""tanh"", ""tanh"", ""swish"", ""swish"", ""swish"", ""linear""], [""tanh"", ""tanh"", ""swish""]]",3,16,86,False
6da7d0cdc88e,"[[""tanh"", ""tanh"", ""swish""], [""tanh"", ""tanh"", ""tanh"", ""tanh"", ""tanh"", ""tanh"", ""swish"", ""swish"", ""linear"", ""linear""], [""tanh"", ""tanh"", ""swish""]]",3,16,86,False
b71e94bfe253,"[[""tanh"", ""tanh"", ""tanh""], [""tanh"", ""tanh"", ""tanh"", ""tanh"", ""tanh"", ""tanh"", ""tanh"", ""tanh"", ""tanh"", ""tanh"", ""tanh""], [""tanh"", ""tanh""]]",3,16,80,True
f7b327bb3f8f,"[[""tanh"", ""tanh"", ""swish""], [""tanh"", ""tanh"", ""tanh"", ""tanh"", ""tanh"", ""tanh"", ""tanh"", ""swish"", ""swish"", ""swish"", ""linear""], [""tanh"", ""tanh""]]",3,16,80,False
ab3034958a40,"[[""tanh"", ""tanh"", ""swish""], [""tanh"", ""tanh"", ""tanh"", ""tanh"", ""tanh"", ""tanh"", ""tanh"", ""swish"", ""swish"", ""linear"", ""linear""], [""tanh"", ""tanh""]]",3,16,80,False
d29fd7720b92,"[[""tanh"", ""tanh"", ""tanh"", ""tanh""], [""tanh"", ""tanh""], [""tanh"", ""tanh"", ""tanh""]]",3,9,35,True
7f8925cb6dbd,"[[""tanh"", ""tanh"", ""tanh"", ""swish""], [""tanh"", ""tanh""], [""tanh"", ""tanh"", ""swish""]]",3,9,35,False
a3564c47281a,"[[""tanh"", ""tanh"", ""tanh"", ""tanh""], [""tanh"", ""tanh""], [""tanh"", ""tanh"", ""tanh"", ""tanh""]]",3,10,39,True
569242d919e4,"[[""tanh"", ""tanh"", ""tanh"", ""swish""], [""tanh"", ""tanh""], [""tanh"", ""tanh"", ""tanh"", ""swish""]]",3,10,39,False
c5596e73f434,"[[""tanh"", ""tanh"", ""tanh"", ""tanh""], [""tanh"", ""tanh""], [""tanh"", ""tanh"", ""tanh"", ""tanh"", ""tanh""]]",3,11,43,True
82b99e7ae846,"[[""tanh"", ""tanh"", ""tanh"", ""swish""], [""tanh"", ""tanh""], [""tanh"", ""tanh"", ""tanh"", ""tanh"", ""swish""]]",3,11,43,False
c578b19b151c,"[[""tanh"", ""tanh"", ""tanh"", ""swish""], [""tanh"", ""tanh""], [""tanh"", ""tanh"", ""tanh"", ""swish"", ""linear""]]",3,11,43,False
4757ec116ab4,"[[""tanh"", ""tanh"", ""tanh"", ""tanh""], [""tanh"", ""tanh""], [""tanh"", ""tanh"", ""tanh"", ""tanh"", ""tanh"", ""tanh""]]",3,12,47,True
5795f0f33b5b,"[[""tanh"", ""tanh"", ""tanh"", ""swish""], [""tanh"", ""tanh""], [""tanh"", ""tanh"", ""tanh"", ""tanh"", ""swish"", ""swish""]]",3,12,47,False
0d97aff8c515,"[[""tanh"", ""tanh"", ""tanh"", ""swish""], [""tanh"", ""tanh""], [""tanh"", ""tanh"", ""tanh"", ""tanh"", ""swish"", ""linear""]]",3,12,47,False
84a374017c19,"[[""tanh"", ""tanh"", ""tanh"", ""tanh""], [""tanh"", ""tanh""], [""tanh"", ""tanh"", ""tanh"", ""tanh"", ""tanh"", ""tanh"", ""tanh""]]",3,13,51,True
999503f41bde,"[[""tanh"", ""tanh"", ""tanh"", ""swish""], [""tanh"", ""tanh""], [""tanh"", ""tanh"", ""tanh"", ""tanh"", ""tanh"", ""swish"", ""swish""]]",3,13,51,False
faf7101fa90e,"[[""tanh"", ""tanh"", ""tanh"", ""swish""], [""tanh"", ""tanh""], [""tanh"", ""tanh"", ""tanh"", ""tanh"", ""tanh"", ""swish"", ""linear""]]",3,13,51,False
f1998b0d222d,"[[""tanh"", ""tanh"", ""tanh"", ""tanh""], [""tanh"", ""tanh""], [""tanh"", ""tanh"", ""tanh"", ""tanh"", ""tanh"", ""tanh"", ""tanh"", ""tanh""]]",3,14,55,True
38158c1973ea,"[[""tanh"", ""tanh"", ""tanh"", ""swish""], [""tanh"", ""tanh""], [""tanh"", ""tanh"", ""tanh"", ""tanh"", ""tanh"", ""swish"", ""swish"", ""swish""]]",3,14,55,False
09127087b886,"[[""tanh"", ""tanh"", ""tanh"", ""swish""], [""tanh"", ""tanh""], [""tanh"", ""tanh"", ""tanh"", ""tanh"", ""tanh"", ""swish"", ""swish"", ""linear""]]",3,14,55,False
939fc8801314,"[[""tanh"", ""tanh"", ""tanh"", ""tanh""], [""tanh"", ""tanh""], [""tanh"", ""tanh"", ""tanh"", ""tanh"", ""tanh"", ""tanh"", ""tanh"", ""tanh"", ""tanh""]]",3,15,59,True
6f3bfe76e113,"[[""tanh"", ""tanh"", ""tanh"", ""swish""], [""tanh"", ""tanh""], [""tanh"", ""tanh"", ""tanh"", ""tanh"", ""tanh"", ""tanh"", ""swish"", ""swish"", ""swish""]]",3,15,59,False
42a5d14ebf77,"[[""tanh"", ""tanh"", ""tanh"", ""swish""], [""tanh"", ""tanh""], [""tanh"", ""tanh"", ""tanh"", ""tanh"", ""tanh"", ""tanh"", ""swish"", ""swish"", ""linear""]]",3,15,59,False
0cc18279a672,"[[""tanh"", ""tanh"", ""tanh"", ""tanh""], [""tanh"", ""tanh""], [""tanh"", ""tanh"", ""tanh"", ""tanh"", ""tanh"", ""tanh"", ""tanh"", ""tanh"", ""tanh"", ""tanh""]]",3,16,63,True
0b0811b9766f,"[[""tanh"", ""tanh"", ""tanh"", ""swish""], [""tanh"", ""tanh""], [""tanh"", ""tanh"", ""tanh"", ""tanh"", ""tanh"", ""tanh"", ""swish"", ""swish"", ""swish"", ""linear""]]",3,16,63,False
8763c9ed0d52,"[[""tanh"", ""tanh"", ""tanh"", ""swish""], [""tanh"", ""tanh""], [""tanh"", ""tanh"", ""tanh"", ""tanh"", ""tanh"", ""tanh"", ""swish"", ""swish"", ""linear"", ""linear""]]",3,16,63,False
ebaaaccfc1d7,"[[""tanh"", ""tanh"", ""tanh"", ""tanh""], [""tanh"", ""tanh"", ""tanh""], [""tanh"", ""tanh""]]",3,9,38,True
58dee088d012,"[[""tanh"", ""tanh"", ""tanh"", ""swish""], [""tanh"", ""tanh"", ""swish""], [""tanh"", ""tanh""]]",3,9,38,False
f9f089f1e69f,"[[""tanh"", ""tanh"", ""tanh"", ""tanh""], [""tanh"", ""tanh"", ""tanh""], [""tanh"", ""tanh"", ""tanh""]]",3,10,43,True
e015197a4e4e,"[[""tanh"", ""tanh"", ""tanh"", ""swish""], [""tanh"", ""tanh"", ""swish""], [""tanh"", ""tanh"", ""swish""]]",3,10,43,False
f4b2b27c8ec3,"[[""tanh"", ""tanh"", ""tanh"", ""tanh""], [""tanh"", ""tanh"", ""tanh""], [""tanh"", ""tanh"", ""tanh"", ""tanh""]]",3,11,48,True
2de6e8c4494c,"[[""tanh"", ""tanh"", ""tanh"", ""swish""], [""tanh"", ""tanh"", ""swish""], [""tanh"", ""tanh"", ""tanh"", ""swish""]]",3,11,48,False
5c081b376997,"[[""tanh"", ""tanh"", ""tanh"", ""tanh""], [""tanh"", ""tanh"", ""tanh""], [""tanh"", ""tanh"", ""tanh"", ""tanh"", ""tanh""]]",3,12,53,True
690826f5b130,"[[""tanh"", ""tanh"", ""tanh"", ""swish""], [""tanh"", ""tanh"", ""swish""], [""tanh"", ""tanh"", ""tanh"", ""tanh"", ""swish""]]",3,12,53,False
119c66f94e71,"[[""tanh"", ""tanh"", ""tanh"", ""swish""], [""tanh"", ""tanh"", ""swish""], [""tanh"", ""tanh"", ""tanh"", ""swish"", ""linear""]]",3,12,53,False
f6e84c421c86,"[[""tanh"", ""tanh"", ""tanh"", ""tanh""], [""tanh"", ""tanh"", ""tanh""], [""tanh"", ""tanh"", ""tanh"", ""tanh"", ""tanh"", ""tanh""]]",3,13,58,True
1b19974276c1,"[[""tanh"", ""tanh"", ""tanh"", ""swish""], [""tanh"", ""tanh"", ""swish""], [""tanh"", ""tanh"", ""tanh"", ""tanh"", ""swish"", ""swish""]]",3,13,58,False
684da524814c,"[[""tanh"", ""tanh"", ""tanh"", ""swish""], [""tanh"", ""tanh"", ""swish""], [""tanh"", ""tanh"", ""tanh"", ""tanh"", ""swish"", ""linear""]]",3,13,58,False
148c302afa7d,"[[""tanh"", ""tanh"", ""tanh"", ""tanh""], [""tanh"", ""tanh"", ""tanh""], [""tanh"", ""tanh"", ""tanh"", ""tanh"", ""tanh"", ""tanh"", ""tanh""]]",3,14,63,True
d7ce24b0f851,"[[""tanh"", ""tanh"", ""tanh"", ""swish""], [""tanh"", ""tanh"", ""swish""], [""tanh"", ""tanh"", ""tanh"", ""tanh"", ""tanh"", ""swish"", ""swish""]]",3,14,63,False
911e16b317d3,"[[""tanh"", ""tanh"", ""tanh"", ""swish""], [""tanh"", ""tanh"", ""swish""], [""tanh"", ""tanh"", ""tanh"", ""tanh"", ""tanh"", ""swish"", ""linear""]]",3,14,63,False
6791a3058b15,"[[""tanh"", ""tanh"", ""tanh"", ""tanh""], [""tanh"", ""tanh"", ""tanh""], [""tanh"", ""tanh"", ""tanh"", ""tanh"", ""tanh"", ""tanh"", ""tanh"", ""tanh""]]",3,15,68,True
1c18661164ca,"[[""tanh"", ""tanh"", ""tanh"", ""swish""], [""tanh"", ""tanh"", ""swish""], [""tanh"", ""tanh"", ""tanh"", ""tanh"", ""tanh"", ""swish"", ""swish"", ""swish""]]",3,15,68,False
c3a53790541a,"[[""tanh"", ""tanh"", ""tanh"", ""swish""], [""tanh"", ""tanh"", ""swish""], [""tanh"", ""tanh"", ""tanh"", ""tanh"", ""tanh"", ""swish"", ""swish"", ""linear""]]",3,15,68,False
9804f25cf9eb,"[[""tanh"", ""tanh"", ""tanh"", ""tanh""], [""tanh"", ""tanh"", ""tanh""], [""tanh"", ""tanh"", ""tanh"", ""tanh"", ""tanh"", ""tanh"", ""tanh"", ""tanh"", ""tanh""]]",3,16,73,True
250c82b83a56,"[[""tanh"", ""tanh"", ""tanh"", ""swish""], [""tanh"", ""tanh"", ""swish""], [""tanh"", ""tanh"", ""tanh"", ""tanh"", ""tanh"", ""tanh"", ""swish"", ""swish"", ""swish""]]",3,16,73,False
30535f9f60b4,"[[""tanh"", ""tanh"", ""tanh"", ""swish""], [""tanh"", ""tanh"", ""swish""], [""tanh"", ""tanh"", ""tanh"", ""tanh"", ""tanh"", ""tanh"", ""swish"", ""swish"", ""linear""]]",3,16,73,False
2c1c44746199,"[[""tanh"", ""tanh"", ""tanh"", ""tanh""], [""tanh"", ""tanh"", ""tanh"", ""tanh""], [""tanh"", ""tanh""]]",3,10,45,True
ccd52d59f55d,"[[""tanh"", ""tanh"", ""tanh"", ""swish""], [""tanh"", ""tanh"", ""tanh"", ""swish""], [""tanh"", ""tanh""]]",3,10,45,False
45685fc772ac,"[[""tanh"", ""tanh"", ""tanh"", ""tanh""], [""tanh"", ""tanh"", ""tanh"", ""tanh""], [""tanh"", ""tanh"", ""tanh""]]",3,11,51,True
28096fead87a,"[[""tanh"", ""tanh"", ""tanh"", ""swish""], [""tanh"", ""tanh"", ""tanh"", ""swish""], [""tanh"", ""tanh"", ""swish""]]",3,11,51,False
39a364151d61,"[[""tanh"", ""tanh"", ""tanh"", ""tanh""], [""tanh"", ""tanh"", ""tanh"", ""tanh""], [""tanh"", ""tanh"", ""tanh"", ""tanh""]]",3,12,57,True
f81bbbe735f0,"[[""tanh"", ""tanh"", ""tanh"", ""swish""], [""tanh"", ""tanh"", ""tanh"", ""swish""], [""tanh"", ""tanh"", ""tanh"", ""swish""]]",3,12,57,False
9ef245de71a7,"[[""tanh"", ""tanh"", ""tanh"", ""tanh""], [""tanh"", ""tanh"", ""tanh"", ""tanh""], [""tanh"", ""tanh"", ""tanh"", ""tanh"", ""tanh""]]",3,13,63,True
7253fb1de69d,"[[""tanh"", ""tanh"", ""tanh"", ""swish""], [""tanh"", ""tanh"", ""tanh"", ""swish""], [""tanh"", ""tanh"", ""tanh"", ""tanh"", ""swish""]]",3,13,63,False
5b31cb70cab7,"[[""tanh"", ""tanh"", ""tanh"", ""swish""], [""tanh"", ""tanh"", ""tanh"", ""swish""], [""tanh"", ""tanh"", ""tanh"", ""swish"", ""linear""]]",3,13,63,False
6969536f3888,"[[""tanh"", ""tanh"", ""tanh"", ""tanh""], [""tanh"", ""tanh"", ""tanh"", ""tanh""], [""tanh"", ""tanh"", ""tanh"", ""tanh"", ""tanh"", ""tanh""]]",3,14,69,True
4eb29bf99607,"[[""tanh"", ""tanh"", ""tanh"", ""swish""], [""tanh"", ""tanh"", ""tanh"", ""swish""], [""tanh"", ""tanh"", ""tanh"", ""tanh"", ""swish"", ""swish""]]",3,14,69,False
ea8b4f3c490d,"[[""tanh"", ""tanh"", ""tanh"", ""swish""], [""tanh"", ""tanh"", ""tanh"", ""swish""], [""tanh"", ""tanh"", ""tanh"", ""tanh"", ""swish"", ""linear""]]",3,14,69,False
1cb9ce64f9d8,"[[""tanh"", ""tanh"", ""tanh"", ""tanh""], [""tanh"", ""tanh"", ""tanh"", ""tanh""], [""tanh"", ""tanh"", ""tanh"", ""tanh"", ""tanh"", ""tanh"", ""tanh""]]",3,15,75,True
8e6de4993232,"[[""tanh"", ""tanh"", ""tanh"", ""swish""], [""tanh"", ""tanh"", ""tanh"", ""swish""], [""tanh"", ""tanh"", ""tanh"", ""tanh"", ""tanh"", ""swish"", ""swish""]]",3,15,75,False
fd8bbe407999,"[[""tanh"", ""tanh"", ""tanh"", ""swish""], [""tanh"", ""tanh"", ""tanh"", ""swish""], [""tanh"", ""tanh"", ""tanh"", ""tanh"", ""tanh"", ""swish"", ""linear""]]",3,15,75,False
b5b4db42e70d,"[[""tanh"", ""tanh"", ""tanh"", ""tanh""], [""tanh"", ""tanh"", ""tanh"", ""tanh""], [""tanh"", ""tanh"", ""tanh"", ""tanh"", ""tanh"", ""tanh"", ""tanh"", ""tanh""]]",3,16,81,True
6cacd43f819d,"[[""tanh"", ""tanh"", ""tanh"", ""swish""], [""tanh"", ""tanh"", ""tanh"", ""swish""], [""tanh"", ""tanh"", ""tanh"", ""tanh"", ""tanh"", ""swish"", ""swish"", ""swish""]]",3,16,81,False
a9766736b923,"[[""tanh"", ""tanh"", ""tanh"", ""swish""], [""tanh"", ""tanh"", ""tanh"", ""swish""], [""tanh"", ""tanh"", ""tanh"", ""tanh"", ""tanh"", ""swish"", ""swish"", ""linear""]]",3,16,81,False
8ec5bcabe4e3,"[[""tanh"", ""tanh"", ""tanh"", ""tanh""], [""tanh"", ""tanh"", ""tanh"", ""tanh"", ""tanh""], [""tanh"", ""tanh""]]",3,11,52,True
ea4880a1f970,"[[""tanh"", ""tanh"", ""tanh"", ""swish""], [""tanh"", ""tanh"", ""tanh"", ""tanh"", ""swish""], [""tanh"", ""tanh""]]",3,11,52,False
f7d66c36cf39,"[[""tanh"", ""tanh"", ""tanh"", ""swish""], [""tanh"", ""tanh"", ""tanh"", ""swish"", ""linear""], [""tanh"", ""tanh""]]",3,11,52,False
2687a6fd9018,"[[""tanh"", ""tanh"", ""tanh"", ""tanh""], [""tanh"", ""tanh"", ""tanh"", ""tanh"", ""tanh""], [""tanh"", ""tanh"", ""tanh""]]",3,12,59,True
f25d9aa9ec83,"[[""tanh"", ""tanh"", ""tanh"", ""swish""], [""tanh"", ""tanh"", ""tanh"", ""tanh"", ""swish""], [""tanh"", ""tanh"", ""swish""]]",3,12,59,False
741cc8076930,"[[""tanh"", ""tanh"", ""tanh"", ""swish""], [""tanh"", ""tanh"", ""tanh"", ""swish"", ""linear""], [""tanh"", ""tanh"", ""swish""]]",3,12,59,False
4da0efdd8bb0,"[[""tanh"", ""tanh"", ""tanh"", ""tanh""], [""tanh"", ""tanh"", ""tanh"", ""tanh"", ""tanh""], [""tanh"", ""tanh"", ""tanh"", ""tanh""]]",3,13,66,True
f880e977c486,"[[""tanh"", ""tanh"", ""tanh"", ""swish""], [""tanh"", ""tanh"", ""tanh"", ""tanh"", ""swish""], [""tanh"", ""tanh"", ""tanh"", ""swish""]]",3,13,66,False
5dd73b03664c,"[[""tanh"", ""tanh"", ""tanh"", ""swish""], [""tanh"", ""tanh"", ""tanh"", ""swish"", ""linear""], [""tanh"", ""tanh"", ""tanh"", ""swish""]]",3,13,66,False
e0f99a3ff9ad,"[[""tanh"", ""tanh"", ""tanh"", ""tanh""], [""tanh"", ""tanh"", ""tanh"", ""tanh"", ""tanh""], [""tanh"", ""tanh"", ""tanh"", ""tanh"", ""tanh""]]",3,14,73,True
fed152878e11,"[[""tanh"", ""tanh"", ""tanh"", ""swish""], [""tanh"", ""tanh"", ""tanh"", ""tanh"", ""swish""], [""tanh"", ""tanh"", ""tanh"", ""tanh"", ""swish""]]",3,14,73,False
3c41bba548d4,"[[""tanh"", ""tanh"", ""tanh"", ""swish""], [""tanh"", ""tanh"", ""tanh"", ""swish"", ""linear""], [""tanh"", ""tanh"", ""tanh"", ""swish"", ""linear""]]",3,14,73,False
59f3ff21c5a1,"[[""tanh"", ""tanh"", ""tanh"", ""tanh""], [""tanh"", ""tanh"", ""tanh"", ""tanh"", ""tanh""], [""tanh"", ""tanh"", ""tanh"", ""tanh"", ""tanh"", ""tanh""]]",3,15,80,True
201575e74118,"[[""tanh"", ""tanh"", ""tanh"", ""swish""], [""tanh"", ""tanh"", ""tanh"", ""tanh"", ""swish""], [""tanh"", ""tanh"", ""tanh"", ""tanh"", ""swish"", ""swish""]]",3,15,80,False
69cbd2e9a05f,"[[""tanh"", ""tanh"", ""tanh"", ""swish""], [""tanh"", ""tanh"", ""tanh"", ""swish"", ""linear""], [""tanh"", ""tanh"", ""tanh"", ""tanh"", ""swish"", ""linear""]]",3,15,80,False
4ce8e22b350d,"[[""tanh"", ""tanh"", ""tanh"", ""tanh""], [""tanh"", ""tanh"", ""tanh"", ""tanh"", ""tanh""], [""tanh"", ""tanh"", ""tanh"", ""tanh"", ""tanh"", ""tanh"", ""tanh""]]",3,16,87,True
7f6ba243431c,"[[""tanh"", ""tanh"", ""tanh"", ""swish""], [""tanh"", ""tanh"", ""tanh"", ""tanh"", ""swish""], [""tanh"", ""tanh"", ""tanh"", ""tanh"", ""tanh"", ""swish"", ""swish""]]",3,16,87,False
375ae06cb284,"[[""tanh"", ""tanh"", ""tanh"", ""swish""], [""tanh"", ""tanh"", ""tanh"", ""swish"", ""linear""], [""tanh"", ""tanh"", ""tanh"", ""tanh"", ""tanh"", ""swish"", ""linear""]]",3,16,87,False
cc9afbdd3252,"[[""tanh"", ""tanh"", ""tanh"", ""tanh""], [""tanh"", ""tanh"", ""tanh"", ""tanh"", ""tanh"", ""tanh""], [""tanh"", ""tanh""]]",3,12,59,True
08b87bc5b883,"[[""tanh"", ""tanh"", ""tanh"", ""swish""], [""tanh"", ""tanh"", ""tanh"", ""tanh"", ""swish"", ""swish""], [""tanh"", ""tanh""]]",3,12,59,False
e976852e9fd4,"[[""tanh"", ""tanh"", ""tanh"", ""swish""], [""tanh"", ""tanh"", ""tanh"", ""tanh"", ""swish"", ""linear""], [""tanh"", ""tanh""]]",3,12,59,False
824f2e122986,"[[""tanh"", ""tanh"", ""tanh"", ""tanh""], [""tanh"", ""tanh"", ""tanh"", ""tanh"", ""tanh"", ""tanh""], [""tanh"", ""tanh"", ""tanh""]]",3,13,67,True
efe1e31a70e7,"[[""tanh"", ""tanh"", ""tanh"", ""swish""], [""tanh"", ""tanh"", ""tanh"", ""tanh"", ""swish"", ""swish""], [""tanh"", ""tanh"", ""swish""]]",3,13,67,False
961a0aeeb191,"[[""tanh"", ""tanh"", ""tanh"", ""swish""], [""tanh"", ""tanh"", ""tanh"", ""tanh"", ""swish"", ""linear""], [""tanh"", ""tanh"", ""swish""]]",3,13,67,False
814f98cde67b,"[[""tanh"", ""tanh"", ""tanh"", ""tanh""], [""tanh"", ""tanh"", ""tanh"", ""tanh"", ""tanh"", ""tanh""], [""tanh"", ""tanh"", ""tanh"", ""tanh""]]",3,14,75,True
340e2e6ee1eb,"[[""tanh"", ""tanh"", ""tanh"", ""swish""], [""tanh"", ""tanh"", ""tanh"", ""tanh"", ""swish"", ""swish""], [""tanh"", ""tanh"", ""tanh"", ""swish""]]",3,14,75,False
223bcb11be3d,"[[""tanh"", ""tanh"", ""tanh"", ""swish""], [""tanh"", ""tanh"", ""tanh"", ""tanh"", ""swish"", ""linear""], [""tanh"", ""tanh"", ""tanh"", ""swish""]]",3,14,75,False
ed38a21bc86c,"[[""tanh"", ""tanh"", ""tanh"", ""tanh""], [""tanh"", ""tanh"", ""tanh"", ""tanh"", ""tanh"", ""tanh""], [""tanh"", ""tanh"", ""tanh"", ""tanh"", ""tanh""]]",3,15,83,True
7eea9066dfee,"[[""tanh"", ""tanh"", ""tanh"", ""swish""], [""tanh"", ""tanh"", ""tanh"", ""tanh"", ""swish"", ""swish""], [""tanh"", ""tanh"", ""tanh"", ""tanh"", ""swish""]]",3,15,83,False
515894c1dfd0,"[[""tanh"", ""tanh"", ""tanh"", ""swish""], [""tanh"", ""tanh"", ""tanh"", ""tanh"", ""swish"", ""linear""], [""tanh"", ""tanh"", ""tanh"", ""swish"", ""linear""]]",3,15,83,False
30baf5394167,"[[""tanh"", ""tanh"", ""tanh"", ""tanh""], [""tanh"", ""tanh"", ""tanh"", ""tanh"", ""tanh"", ""tanh""], [""tanh"", ""tanh"", ""tanh"", ""tanh"", ""tanh"", ""tanh""]]",3,16,91,True
59055fb7ff52,"[[""tanh"", ""tanh"", ""tanh"", ""swish""], [""tanh"", ""tanh"", ""tanh"", ""tanh"", ""swish"", ""swish""], [""tanh"", ""tanh"", ""tanh"", ""tanh"", ""swish"", ""swish""]]",3,16,91,False
4a2eae95ec60,"[[""tanh"", ""tanh"", ""tanh"", ""swish""], [""tanh"", ""tanh"", ""tanh"", ""tanh"", ""swish"", ""linear""], [""tanh"", ""tanh"", ""tanh"", ""tanh"", ""swish"", ""linear""]]",3,16,91,False
f92c3acddee5,"[[""tanh"", ""tanh"", ""tanh"", ""tanh""], [""tanh"", ""tanh"", ""tanh"", ""tanh"", ""tanh"", ""tanh"", ""tanh""], [""tanh"", ""tanh""]]",3,13,66,True
f3ec680444fe,"[[""tanh"", ""tanh"", ""tanh"", ""swish""], [""tanh"", ""tanh"", ""tanh"", ""tanh"", ""tanh"", ""swish"", ""swish""], [""tanh"", ""tanh""]]",3,13,66,False
905f9ed3b4e5,"[[""tanh"", ""tanh"", ""tanh"", ""swish""], [""tanh"", ""tanh"", ""tanh"", ""tanh"", ""tanh"", ""swish"", ""linear""], [""tanh"", ""tanh""]]",3,13,66,False
c617950a2a54,"[[""tanh"", ""tanh"", ""tanh"", ""tanh""], [""tanh"", ""tanh"", ""tanh"", ""tanh"", ""tanh"", ""tanh"", ""tanh""], [""tanh"", ""tanh"", ""tanh""]]",3,14,75,True
74df6c349b91,"[[""tanh"", ""tanh"", ""tanh"", ""swish""], [""tanh"", ""tanh"", ""tanh"", ""tanh"", ""tanh"", ""swish"", ""swish""], [""tanh"", ""tanh"", ""swish""]]",3,14,75,False
f0d04bcdf5b0,"[[""tanh"", ""tanh"", ""tanh"", ""swish""], [""tanh"", ""tanh"", ""tanh"", ""tanh"", ""tanh"", ""swish"", ""linear""], [""tanh"", ""tanh"", ""swish""]]",3,14,75,False
13715d5548ca,"[[""tanh"", ""tanh"", ""tanh"", ""tanh""], [""tanh"", ""tanh"", ""tanh"", ""tanh"", ""tanh"", ""tanh"", ""tanh""], [""tanh"", ""tanh"", ""tanh"", ""tanh""]]",3,15,84,True
cb585cfbebfe,"[[""tanh"", ""tanh"", ""tanh"", ""swish""], [""tanh"", ""tanh"", ""tanh"", ""tanh"", ""tanh"", ""swish"", ""swish""], [""tanh"", ""tanh"", ""tanh"", ""swish""]]",3,15,84,False
5fe4ae592455,"[[""tanh"", ""tanh"", ""tanh"", ""swish""], [""tanh"", ""tanh"", ""tanh"", ""tanh"", ""tanh"", ""swish"", ""linear""], [""tanh"", ""tanh"", ""tanh"", ""swish""]]",3,15,84,False
33b4a2ae6608,"[[""tanh"", ""tanh"", ""tanh"", ""tanh""], [""tanh"", ""tanh"", ""tanh"", ""tanh"", ""tanh"", ""tanh"", ""tanh""], [""tanh"", ""tanh"", ""tanh"", ""tanh"", ""tanh""]]",3,16,93,True
6029e63ccb50,"[[""tanh"", ""tanh"", ""tanh"", ""swish""], [""tanh"", ""tanh"", ""tanh"", ""tanh"", ""tanh"", ""swish"", ""swish""], [""tanh"", ""tanh"", ""tanh"", ""tanh"", ""swish""]]",3,16,93,False
b244c9505db8,"[[""tanh"", ""tanh"", ""tanh"", ""swish""], [""tanh"", ""tanh"", ""tanh"", ""tanh"", ""tanh"", ""swish"", ""linear""], [""tanh"", ""tanh"", ""tanh"", ""swish"", ""linear""]]",3,16,93,False
eb2682a7ff23,"[[""tanh"", ""tanh"", ""tanh"", ""tanh""], [""tanh"", ""tanh"", ""tanh"", ""tanh"", ""tanh"", ""tanh"", ""tanh"", ""tanh""], [""tanh"", ""tanh""]]",3,14,73,True
7dd554c4c9d2,"[[""tanh"", ""tanh"", ""tanh"", ""swish""], [""tanh"", ""tanh"", ""tanh"", ""tanh"", ""tanh"", ""swish"", ""swish"", ""swish""], [""tanh"", ""tanh""]]",3,14,73,False
d1f335e9ae56,"[[""tanh"", ""tanh"", ""tanh"", ""swish""], [""tanh"", ""tanh"", ""tanh"", ""tanh"", ""tanh"", ""swish"", ""swish"", ""linear""], [""tanh"", ""tanh""]]",3,14,73,False
768c8192922a,"[[""tanh"", ""tanh"", ""tanh"", ""tanh""], [""tanh"", ""tanh"", ""tanh"", ""tanh"", ""tanh"", ""tanh"", ""tanh"", ""tanh""], [""tanh"", ""tanh"", ""tanh""]]",3,15,83,True
b63a4c9b81ca,"[[""tanh"", ""tanh"", ""tanh"", ""swish""], [""tanh"", ""tanh"", ""tanh"", ""tanh"", ""tanh"", ""swish"", ""swish"", ""swish""], [""tanh"", ""tanh"", ""swish""]]",3,15,83,False
d2919fe4c007,"[[""tanh"", ""tanh"", ""tanh"", ""swish""], [""tanh"", ""tanh"", ""tanh"", ""tanh"", ""tanh"", ""swish"", ""swish"", ""linear""], [""tanh"", ""tanh"", ""swish""]]",3,15,83,False
0edb55f5d7d3,"[[""tanh"", ""tanh"", ""tanh"", ""tanh""], [""tanh"", ""tanh"", ""tanh"", ""tanh"", ""tanh"", ""tanh"", ""tanh"", ""tanh""], [""tanh"", ""tanh"", ""tanh"", ""tanh""]]",3,16,93,True
0a97e55a4699,"[[""tanh"", ""tanh"", ""tanh"", ""swish""], [""tanh"", ""tanh"", ""tanh"", ""tanh"", ""tanh"", ""swish"", ""swish"", ""swish""], [""tanh"", ""tanh"", ""tanh"", ""swish""]]",3,16,93,False
3ff5d2ddacec,"[[""tanh"", ""tanh"", ""tanh"", ""swish""], [""tanh"", ""tanh"", ""tanh"", ""tanh"", ""tanh"", ""swish"", ""swish"", ""linear""], [""tanh"", ""tanh"", ""tanh"", ""swish""]]",3,16,93,False
c1c414cd12ec,"[[""tanh"", ""tanh"", ""tanh"", ""tanh""], [""tanh"", ""tanh"", ""tanh"", ""tanh"", ""tanh"", ""tanh"", ""tanh"", ""tanh"", ""tanh""], [""tanh"", ""tanh""]]",3,15,80,True
8a9f36c2be76,"[[""tanh"", ""tanh"", ""tanh"", ""swish""], [""tanh"", ""tanh"", ""tanh"", ""tanh"", ""tanh"", ""tanh"", ""swish"", ""swish"", ""swish""], [""tanh"", ""tanh""]]",3,15,80,False
415b6f406af4,"[[""tanh"", ""tanh"", ""tanh"", ""swish""], [""tanh"", ""tanh"", ""tanh"", ""tanh"", ""tanh"", ""tanh"", ""swish"", ""swish"", ""linear""], [""tanh"", ""tanh""]]",3,15,80,False
6a3b9ef08848,"[[""tanh"", ""tanh"", ""tanh"", ""tanh""], [""tanh"", ""tanh"", ""tanh"", ""tanh"", ""tanh"", ""tanh"", ""tanh"", ""tanh"", ""tanh""], [""tanh"", ""tanh"", ""tanh""]]",3,16,91,True
ea4151adb152,"[[""tanh"", ""tanh"", ""tanh"", ""swish""], [""tanh"", ""tanh"", ""tanh"", ""tanh"", ""tanh"", ""tanh"", ""swish"", ""swish"", ""swish""], [""tanh"", ""tanh"", ""swish""]]",3,16,91,False
7e01163e0b25,"[[""tanh"", ""tanh"", ""tanh"", ""swish""], [""tanh"", ""tanh"", ""tanh"", ""tanh"", ""tanh"", ""tanh"", ""swish"", ""swish"", ""linear""], [""tanh"", ""tanh"", ""swish""]]",3,16,91,False
8cc743ea4427,"[[""tanh"", ""tanh"", ""tanh"", ""tanh""], [""tanh"", ""tanh"", ""tanh"", ""tanh"", ""tanh"", ""tanh"", ""tanh"", ""tanh"", ""tanh"", ""tanh""], [""tanh"", ""tanh""]]",3,16,87,True
4147c2535b30,"[[""tanh"", ""tanh"", ""tanh"", ""swish""], [""tanh"", ""tanh"", ""tanh"", ""tanh"", ""tanh"", ""tanh"", ""swish"", ""swish"", ""swish"", ""linear""], [""tanh"", ""tanh""]]",3,16,87,False
6e590d130804,"[[""tanh"", ""tanh"", ""tanh"", ""swish""], [""tanh"", ""tanh"", ""tanh"", ""tanh"", ""tanh"", ""tanh"", ""swish"", ""swish"", ""linear"", ""linear""], [""tanh"", ""tanh""]]",3,16,87,False
5e7d8411cb15,"[[""tanh"", ""tanh"", ""tanh"", ""tanh"", ""tanh""], [""tanh"", ""tanh""], [""tanh"", ""tanh""]]",3,9,36,True
29d8739a9ec0,"[[""tanh"", ""tanh"", ""tanh"", ""tanh"", ""swish""], [""tanh"", ""tanh""], [""tanh"", ""tanh""]]",3,9,36,False
66fb43709aa1,"[[""tanh"", ""tanh"", ""tanh"", ""swish"", ""linear""], [""tanh"", ""tanh""], [""tanh"", ""tanh""]]",3,9,36,False
05abc1296a75,"[[""tanh"", ""tanh"", ""tanh"", ""tanh"", ""tanh""], [""tanh"", ""tanh""], [""tanh"", ""tanh"", ""tanh""]]",3,10,40,True
fff18a4fe94f,"[[""tanh"", ""tanh"", ""tanh"", ""tanh"", ""swish""], [""tanh"", ""tanh""], [""tanh"", ""tanh"", ""swish""]]",3,10,40,False
40f612770a19,"[[""tanh"", ""tanh"", ""tanh"", ""swish"", ""linear""], [""tanh"", ""tanh""], [""tanh"", ""tanh"", ""swish""]]",3,10,40,False
577e8866f486,"[[""tanh"", ""tanh"", ""tanh"", ""tanh"", ""tanh""], [""tanh"", ""tanh""], [""tanh"", ""tanh"", ""tanh"", ""tanh""]]",3,11,44,True
555da405ed20,"[[""tanh"", ""tanh"", ""tanh"", ""tanh"", ""swish""], [""tanh"", ""tanh""], [""tanh"", ""tanh"", ""tanh"", ""swish""]]",3,11,44,False
0056492ace2f,"[[""tanh"", ""tanh"", ""tanh"", ""swish"", ""linear""], [""tanh"", ""tanh""], [""tanh"", ""tanh"", ""tanh"", ""swish""]]",3,11,44,False
dade793c85ee,"[[""tanh"", ""tanh"", ""tanh"", ""tanh"", ""tanh""], [""tanh"", ""tanh""], [""tanh"", ""tanh"", ""tanh"", ""tanh"", ""tanh""]]",3,12,48,True
861aef468373,"[[""tanh"", ""tanh"", ""tanh"", ""tanh"", ""swish""], [""tanh"", ""tanh""], [""tanh"", ""tanh"", ""tanh"", ""tanh"", ""swish""]]",3,12,48,False
ca3454d99c26,"[[""tanh"", ""tanh"", ""tanh"", ""swish"", ""linear""], [""tanh"", ""tanh""], [""tanh"", ""tanh"", ""tanh"", ""swish"", ""linear""]]",3,12,48,False
0009ebb877a5,"[[""tanh"", ""tanh"", ""tanh"", ""tanh"", ""tanh""], [""tanh"", ""tanh""], [""tanh"", ""tanh"", ""tanh"", ""tanh"", ""tanh"", ""tanh""]]",3,13,52,True
b35f1ef1da9f,"[[""tanh"", ""tanh"", ""tanh"", ""tanh"", ""swish""], [""tanh"", ""tanh""], [""tanh"", ""tanh"", ""tanh"", ""tanh"", ""swish"", ""swish""]]",3,13,52,False
1a040afc0933,"[[""tanh"", ""tanh"", ""tanh"", ""swish"", ""linear""], [""tanh"", ""tanh""], [""tanh"", ""tanh"", ""tanh"", ""tanh"", ""swish"", ""linear""]]",3,13,52,False
d86eeec9bbca,"[[""tanh"", ""tanh"", ""tanh"", ""tanh"", ""tanh""], [""tanh"", ""tanh""], [""tanh"", ""tanh"", ""tanh"", ""tanh"", ""tanh"", ""tanh"", ""tanh""]]",3,14,56,True
28417e9b4511,"[[""tanh"", ""tanh"", ""tanh"", ""tanh"", ""swish""], [""tanh"", ""tanh""], [""tanh"", ""tanh"", ""tanh"", ""tanh"", ""tanh"", ""swish"", ""swish""]]",3,14,56,False
89896da1e5c2,"[[""tanh"", ""tanh"", ""tanh"", ""swish"", ""linear""], [""tanh"", ""tanh""], [""tanh"", ""tanh"", ""tanh"", ""tanh"", ""tanh"", ""swish"", ""linear""]]",3,14,56,False
79845719b1c3,"[[""tanh"", ""tanh"", ""tanh"", ""tanh"", ""tanh""], [""tanh"", ""tanh""], [""tanh"", ""tanh"", ""tanh"", ""tanh"", ""tanh"", ""tanh"", ""tanh"", ""tanh""]]",3,15,60,True
9f7a01cca0f3,"[[""tanh"", ""tanh"", ""tanh"", ""tanh"", ""swish""], [""tanh"", ""tanh""], [""tanh"", ""tanh"", ""tanh"", ""tanh"", ""tanh"", ""swish"", ""swish"", ""swish""]]",3,15,60,False
633a772d84ae,"[[""tanh"", ""tanh"", ""tanh"", ""swish"", ""linear""], [""tanh"", ""tanh""], [""tanh"", ""tanh"", ""tanh"", ""tanh"", ""tanh"", ""swish"", ""swish"", ""linear""]]",3,15,60,False
2b466ef78b81,"[[""tanh"", ""tanh"", ""tanh"", ""tanh"", ""tanh""], [""tanh"", ""tanh""], [""tanh"", ""tanh"", ""tanh"", ""tanh"", ""tanh"", ""tanh"", ""tanh"", ""tanh"", ""tanh""]]",3,16,64,True
87b709bcdc1d,"[[""tanh"", ""tanh"", ""tanh"", ""tanh"", ""swish""], [""tanh"", ""tanh""], [""tanh"", ""tanh"", ""tanh"", ""tanh"", ""tanh"", ""tanh"", ""swish"", ""swish"", ""swish""]]",3,16,64,False
03edab185650,"[[""tanh"", ""tanh"", ""tanh"", ""swish"", ""linear""], [""tanh"", ""tanh""], [""tanh"", ""tanh"", ""tanh"", ""tanh"", ""tanh"", ""tanh"", ""swish"", ""swish"", ""linear""]]",3,16,64,False
6cdea11b1b06,"[[""tanh"", ""tanh"", ""tanh"", ""tanh"", ""tanh""], [""tanh"", ""tanh"", ""tanh""], [""tanh"", ""tanh""]]",3,10,44,True
66cee15acecb,"[[""tanh"", ""tanh"", ""tanh"", ""tanh"", ""swish""], [""tanh"", ""tanh"", ""swish""], [""tanh"", ""tanh""]]",3,10,44,False
123e6a5e57a2,"[[""tanh"", ""tanh"", ""tanh"", ""swish"", ""linear""], [""tanh"", ""tanh"", ""swish""], [""tanh"", ""tanh""]]",3,10,44,False
f0bbbff51d02,"[[""tanh"", ""tanh"", ""tanh"", ""tanh"", ""tanh""], [""tanh"", ""tanh"", ""tanh""], [""tanh"", ""tanh"", ""tanh""]]",3,11,49,True
5df263420c6c,"[[""tanh"", ""tanh"", ""tanh"", ""tanh"", ""swish""], [""tanh"", ""tanh"", ""swish""], [""tanh"", ""tanh"", ""swish""]]",3,11,49,False
85deac6bd19c,"[[""tanh"", ""tanh"", ""tanh"", ""swish"", ""linear""], [""tanh"", ""tanh"", ""swish""], [""tanh"", ""tanh"", ""swish""]]",3,11,49,False
3b29b2484e61,"[[""tanh"", ""tanh"", ""tanh"", ""tanh"", ""tanh""], [""tanh"", ""tanh"", ""tanh""], [""tanh"", ""tanh"", ""tanh"", ""tanh""]]",3,12,54,True
ce47e233b1bf,"[[""tanh"", ""tanh"", ""tanh"", ""tanh"", ""swish""], [""tanh"", ""tanh"", ""swish""], [""tanh"", ""tanh"", ""tanh"", ""swish""]]",3,12,54,False
67f3ac6898d4,"[[""tanh"", ""tanh"", ""tanh"", ""swish"", ""linear""], [""tanh"", ""tanh"", ""swish""], [""tanh"", ""tanh"", ""tanh"", ""swish""]]",3,12,54,False
0d1f4727b385,"[[""tanh"", ""tanh"", ""tanh"", ""tanh"", ""tanh""], [""tanh"", ""tanh"", ""tanh""], [""tanh"", ""tanh"", ""tanh"", ""tanh"", ""tanh""]]",3,13,59,True
f0b614497df9,"[[""tanh"", ""tanh"", ""tanh"", ""tanh"", ""swish""], [""tanh"", ""tanh"", ""swish""], [""tanh"", ""tanh"", ""tanh"", ""tanh"", ""swish""]]",3,13,59,False
e6704db3a460,"[[""tanh"", ""tanh"", ""tanh"", ""swish"", ""linear""], [""tanh"", ""tanh"", ""swish""], [""tanh"", ""tanh"", ""tanh"", ""swish"", ""linear""]]",3,13,59,False
3a43d08998af,"[[""tanh"", ""tanh"", ""tanh"", ""tanh"", ""tanh""], [""tanh"", ""tanh"", ""tanh""], [""tanh"", ""tanh"", ""tanh"", ""tanh"", ""tanh"", ""tanh""]]",3,14,64,True
2c2407f44b93,"[[""tanh"", ""tanh"", ""tanh"", ""tanh"", ""swish""], [""tanh"", ""tanh"", ""swish""], [""tanh"", ""tanh"", ""tanh"", ""tanh"", ""swish"", ""swish""]]",3,14,64,False
0725daab7fc1,"[[""tanh"", ""tanh"", ""tanh"", ""swish"", ""linear""], [""tanh"", ""tanh"", ""swish""], [""tanh"", ""tanh"", ""tanh"", ""tanh"", ""swish"", ""linear""]]",3,14,64,False
6a55765b13b2,"[[""tanh"", ""tanh"", ""tanh"", ""tanh"", ""tanh""], [""tanh"", ""tanh"", ""tanh""], [""tanh"", ""tanh"", ""tanh"", ""tanh"", ""tanh"", ""tanh"", ""tanh""]]",3,15,69,True
2dc8fefc0a0f,"[[""tanh"", ""tanh"", ""tanh"", ""tanh"", ""swish""], [""tanh"", ""tanh"", ""swish""], [""tanh"", ""tanh"", ""tanh"", ""tanh"", ""tanh"", ""swish"", ""swish""]]",3,15,69,False
bfb75418a92d,"[[""tanh"", ""tanh"", ""tanh"", ""swish"", ""linear""], [""tanh"", ""tanh"", ""swish""], [""tanh"", ""tanh"", ""tanh"", ""tanh"", ""tanh"", ""swish"", ""linear""]]",3,15,69,False
a2dd740b657b,"[[""tanh"", ""tanh"", ""tanh"", ""tanh"", ""tanh""], [""tanh"", ""tanh"", ""tanh""], [""tanh"", ""tanh"", ""tanh"", ""tanh"", ""tanh"", ""tanh"", ""tanh"", ""tanh""]]",3,16,74,True
3328d8ac7ff7,"[[""tanh"", ""tanh"", ""tanh"", ""tanh"", ""swish""], [""tanh"", ""tanh"", ""swish""], [""tanh"", ""tanh"", ""tanh"", ""tanh"", ""tanh"", ""swish"", ""swish"", ""swish""]]",3,16,74,False
2014a7a62723,"[[""tanh"", ""tanh"", ""tanh"", ""swish"", ""linear""], [""tanh"", ""tanh"", ""swish""], [""tanh"", ""tanh"", ""tanh"", ""tanh"", ""tanh"", ""swish"", ""swish"", ""linear""]]",3,16,74,False
1ac524cea3d1,"[[""tanh"", ""tanh"", ""tanh"", ""tanh"", ""tanh""], [""tanh"", ""tanh"", ""tanh"", ""tanh""], [""tanh"", ""tanh""]]",3,11,52,True
4ceb0780474c,"[[""tanh"", ""tanh"", ""tanh"", ""tanh"", ""swish""], [""tanh"", ""tanh"", ""tanh"", ""swish""], [""tanh"", ""tanh""]]",3,11,52,False
2206d8f54b32,"[[""tanh"", ""tanh"", ""tanh"", ""swish"", ""linear""], [""tanh"", ""tanh"", ""tanh"", ""swish""], [""tanh"", ""tanh""]]",3,11,52,False
618fc1147f5e,"[[""tanh"", ""tanh"", ""tanh"", ""tanh"", ""tanh""], [""tanh"", ""tanh"", ""tanh"", ""tanh""], [""tanh"", ""tanh"", ""tanh""]]",3,12,58,True
65b25f04fc4b,"[[""tanh"", ""tanh"", ""tanh"", ""tanh"", ""swish""], [""tanh"", ""tanh"", ""tanh"", ""swish""], [""tanh"", ""tanh"", ""swish""]]",3,12,58,False
3d24af481023,"[[""tanh"", ""tanh"", ""tanh"", ""swish"", ""linear""], [""tanh"", ""tanh"", ""tanh"", ""swish""], [""tanh"", ""tanh"", ""swish""]]",3,12,58,False
030a0a762753,"[[""tanh"", ""tanh"", ""tanh"", ""tanh"", ""tanh""], [""tanh"", ""tanh"", ""tanh"", ""tanh""], [""tanh"", ""tanh"", ""tanh"", ""tanh""]]",3,13,64,True
176dcf64ef7b,"[[""tanh"", ""tanh"", ""tanh"", ""tanh"", ""swish""], [""tanh"", ""tanh"", ""tanh"", ""swish""], [""tanh"", ""tanh"", ""tanh"", ""swish""]]",3,13,64,False
626bd15e65f3,"[[""tanh"", ""tanh"", ""tanh"", ""swish"", ""linear""], [""tanh"", ""tanh"", ""tanh"", ""swish""], [""tanh"", ""tanh"", ""tanh"", ""swish""]]",3,13,64,False
935b8c16e712,"[[""tanh"", ""tanh"", ""tanh"", ""tanh"", ""tanh""], [""tanh"", ""tanh"", ""tanh"", ""tanh""], [""tanh"", ""tanh"", ""tanh"", ""tanh"", ""tanh""]]",3,14,70,True
1c20d0a60757,"[[""tanh"", ""tanh"", ""tanh"", ""tanh"", ""swish""], [""tanh"", ""tanh"", ""tanh"", ""swish""], [""tanh"", ""tanh"", ""tanh"", ""tanh"", ""swish""]]",3,14,70,False
57210db3fd08,"[[""tanh"", ""tanh"", ""tanh"", ""swish"", ""linear""], [""tanh"", ""tanh"", ""tanh"", ""swish""], [""tanh"", ""tanh"", ""tanh"", ""swish"", ""linear""]]",3,14,70,False
424ad2b7007c,"[[""tanh"", ""tanh"", ""tanh"", ""tanh"", ""tanh""], [""tanh"", ""tanh"", ""tanh"", ""tanh""], [""tanh"", ""tanh"", ""tanh"", ""tanh"", ""tanh"", ""tanh""]]",3,15,76,True
d0517ba87ef0,"[[""tanh"", ""tanh"", ""tanh"", ""tanh"", ""swish""], [""tanh"", ""tanh"", ""tanh"", ""swish""], [""tanh"", ""tanh"", ""tanh"", ""tanh"", ""swish"", ""swish""]]",3,15,76,False
fc812e7eb371,"[[""tanh"", ""tanh"", ""tanh"", ""swish"", ""linear""], [""tanh"", ""tanh"", ""tanh"", ""swish""], [""tanh"", ""tanh"", ""tanh"", ""tanh"", ""swish"", ""linear""]]",3,15,76,False
d85ea68feb76,"[[""tanh"", ""tanh"", ""tanh"", ""tanh"", ""tanh""], [""tanh"", ""tanh"", ""tanh"", ""tanh""], [""tanh"", ""tanh"", ""tanh"", ""tanh"", ""tanh"", ""tanh"", ""tanh""]]",3,16,82,True
999db072d106,"[[""tanh"", ""tanh"", ""tanh"", ""tanh"", ""swish""], [""tanh"", ""tanh"", ""tanh"", ""swish""], [""tanh"", ""tanh"", ""tanh"", ""tanh"", ""tanh"", ""swish"", ""swish""]]",3,16,82,False
64691ef8516d,"[[""tanh"", ""tanh"", ""tanh"", ""swish"", ""linear""], [""tanh"", ""tanh"", ""tanh"", ""swish""], [""tanh"", ""tanh"", ""tanh"", ""tanh"", ""tanh"", ""swish"", ""linear""]]",3,16,82,False
31f2d533bccb,"[[""tanh"", ""tanh"", ""tanh"", ""tanh"", ""tanh""], [""tanh"", ""tanh"", ""tanh"", ""tanh"", ""tanh""], [""tanh"", ""tanh""]]",3,12,60,True
f1f7faa24190,"[[""tanh"", ""tanh"", ""tanh"", ""tanh"", ""swish""], [""tanh"", ""tanh"", ""tanh"", ""tanh"", ""swish""], [""tanh"", ""tanh""]]",3,12,60,False
134c915cf9ef,"[[""tanh"", ""tanh"", ""tanh"", ""swish"", ""linear""], [""tanh"", ""tanh"", ""tanh"", ""swish"", ""linear""], [""tanh"", ""tanh""]]",3,12,60,False
25dcc25cb7e7,"[[""tanh"", ""tanh"", ""tanh"", ""tanh"", ""tanh""], [""tanh"", ""tanh"", ""tanh"", ""tanh"", ""tanh""], [""tanh"", ""tanh"", ""tanh""]]",3,13,67,True
c6e29d73e847,"[[""tanh"", ""tanh"", ""tanh"", ""tanh"", ""swish""], [""tanh"", ""tanh"", ""tanh"", ""tanh"", ""swish""], [""tanh"", ""tanh"", ""swish""]]",3,13,67,False
9493caaf775e,"[[""tanh"", ""tanh"", ""tanh"", ""swish"", ""linear""], [""tanh"", ""tanh"", ""tanh"", ""swish"", ""linear""], [""tanh"", ""tanh"", ""swish""]]",3,13,67,False
a522cf8817b1,"[[""tanh"", ""tanh"", ""tanh"", ""tanh"", ""tanh""], [""tanh"", ""tanh"", ""tanh"", ""tanh"", ""tanh""], [""tanh"", ""tanh"", ""tanh"", ""tanh""]]",3,14,74,True
230ac89e2277,"[[""tanh"", ""tanh"", ""tanh"", ""tanh"", ""swish""], [""tanh"", ""tanh"", ""tanh"", ""tanh"", ""swish""], [""tanh"", ""tanh"", ""tanh"", ""swish""]]",3,14,74,False
f1f007d6c3c2,"[[""tanh"", ""tanh"", ""tanh"", ""swish"", ""linear""], [""tanh"", ""tanh"", ""tanh"", ""swish"", ""linear""], [""tanh"", ""tanh"", ""tanh"", ""swish""]]",3,14,74,False
20b0451c4011,"[[""tanh"", ""tanh"", ""tanh"", ""tanh"", ""tanh""], [""tanh"", ""tanh"", ""tanh"", ""tanh"", ""tanh""], [""tanh"", ""tanh"", ""tanh"", ""tanh"", ""tanh""]]",3,15,81,True
66acdd3657a1,"[[""tanh"", ""tanh"", ""tanh"", ""tanh"", ""swish""], [""tanh"", ""tanh"", ""tanh"", ""tanh"", ""swish""], [""tanh"", ""tanh"", ""tanh"", ""tanh"", ""swish""]]",3,15,81,False
94c97e8d60d1,"[[""tanh"", ""tanh"", ""tanh"", ""swish"", ""linear""], [""tanh"", ""tanh"", ""tanh"", ""swish"", ""linear""], [""tanh"", ""tanh"", ""tanh"", ""swish"", ""linear""]]",3,15,81,False
01797b99ea2f,"[[""tanh"", ""tanh"", ""tanh"", ""tanh"", ""tanh""], [""tanh"", ""tanh"", ""tanh"", ""tanh"", ""tanh""], [""tanh"", ""tanh"", ""tanh"", ""tanh"", ""tanh"", ""tanh""]]",3,16,88,True
69d099e3aa8a,"[[""tanh"", ""tanh"", ""tanh"", ""tanh"", ""swish""], [""tanh"", ""tanh"", ""tanh"", ""tanh"", ""swish""], [""tanh"", ""tanh"", ""tanh"", ""tanh"", ""swish"", ""swish""]]",3,16,88,False
be0498bc6254,"[[""tanh"", ""tanh"", ""tanh"", ""swish"", ""linear""], [""tanh"", ""tanh"", ""tanh"", ""swish"", ""linear""], [""tanh"", ""tanh"", ""tanh"", ""tanh"", ""swish"", ""linear""]]",3,16,88,False
e5d77ebc4874,"[[""tanh"", ""tanh"", ""tanh"", ""tanh"", ""tanh""], [""tanh"", ""tanh"", ""tanh"", ""tanh"", ""tanh"", ""tanh""], [""tanh"", ""tanh""]]",3,13,68,True
5350ef136e30,"[[""tanh"", ""tanh"", ""tanh"", ""tanh"", ""swish""], [""tanh"", ""tanh"", ""tanh"", ""tanh"", ""swish"", ""swish""], [""tanh"", ""tanh""]]",3,13,68,False
b72bc28a6c55,"[[""tanh"", ""tanh"", ""tanh"", ""swish"", ""linear""], [""tanh"", ""tanh"", ""tanh"", ""tanh"", ""swish"", ""linear""], [""tanh"", ""tanh""]]",3,13,68,False
54bc9611a67c,"[[""tanh"", ""tanh"", ""tanh"", ""tanh"", ""tanh""], [""tanh"", ""tanh"", ""tanh"", ""tanh"", ""tanh"", ""tanh""], [""tanh"", ""tanh"", ""tanh""]]",3,14,76,True
c7b8472973e6,"[[""tanh"", ""tanh"", ""tanh"", ""tanh"", ""swish""], [""tanh"", ""tanh"", ""tanh"", ""tanh"", ""swish"", ""swish""], [""tanh"", ""tanh"", ""swish""]]",3,14,76,False
00b4a264248c,"[[""tanh"", ""tanh"", ""tanh"", ""swish"", ""linear""], [""tanh"", ""tanh"", ""tanh"", ""tanh"", ""swish"", ""linear""], [""tanh"", ""tanh"", ""swish""]]",3,14,76,False
af7dd499d7d3,"[[""tanh"", ""tanh"", ""tanh"", ""tanh"", ""tanh""], [""tanh"", ""tanh"", ""tanh"", ""tanh"", ""tanh"", ""tanh""], [""tanh"", ""tanh"", ""tanh"", ""tanh""]]",3,15,84,True
5f8e529a55f9,"[[""tanh"", ""tanh"", ""tanh"", ""tanh"", ""swish""], [""tanh"", ""tanh"", ""tanh"", ""tanh"", ""swish"", ""swish""], [""tanh"", ""tanh"", ""tanh"", ""swish""]]",3,15,84,False
e31eff28b014,"[[""tanh"", ""tanh"", ""tanh"", ""swish"", ""linear""], [""tanh"", ""tanh"", ""tanh"", ""tanh"", ""swish"", ""linear""], [""tanh"", ""tanh"", ""tanh"", ""swish""]]",3,15,84,False
c2e9e5f800d3,"[[""tanh"", ""tanh"", ""tanh"", ""tanh"", ""tanh""], [""tanh"", ""tanh"", ""tanh"", ""tanh"", ""tanh"", ""tanh""], [""tanh"", ""tanh"", ""tanh"", ""tanh"", ""tanh""]]",3,16,92,True
44c3880f5ad9,"[[""tanh"", ""tanh"", ""tanh"", ""tanh"", ""swish""], [""tanh"", ""tanh"", ""tanh"", ""tanh"", ""swish"", ""swish""], [""tanh"", ""tanh"", ""tanh"", ""tanh"", ""swish""]]",3,16,92,False
34956cf92b8b,"[[""tanh"", ""tanh"", ""tanh"", ""swish"", ""linear""], [""tanh"", ""tanh"", ""tanh"", ""tanh"", ""swish"", ""linear""], [""tanh"", ""tanh"", ""tanh"", ""swish"", ""linear""]]",3,16,92,False
f4c928be5f30,"[[""tanh"", ""tanh"", ""tanh"", ""tanh"", ""tanh""], [""tanh"", ""tanh"", ""tanh"", ""tanh"", ""tanh"", ""tanh"", ""tanh""], [""tanh"", ""tanh""]]",3,14,76,True
b347ff7b9d79,"[[""tanh"", ""tanh"", ""tanh"", ""tanh"", ""swish""], [""tanh"", ""tanh"", ""tanh"", ""tanh"", ""tanh"", ""swish"", ""swish""], [""tanh"", ""tanh""]]",3,14,76,False
3abe90243f7c,"[[""tanh"", ""tanh"", ""tanh"", ""swish"", ""linear""], [""tanh"", ""tanh"", ""tanh"", ""tanh"", ""tanh"", ""swish"", ""linear""], [""tanh"", ""tanh""]]",3,14,76,False
e113f04889ce,"[[""tanh"", ""tanh"", ""tanh"", ""tanh"", ""tanh""], [""tanh"", ""tanh"", ""tanh"", ""tanh"", ""tanh"", ""tanh"", ""tanh""], [""tanh"", ""tanh"", ""tanh""]]",3,15,85,True
87a11daca76e,"[[""tanh"", ""tanh"", ""tanh"", ""tanh"", ""swish""], [""tanh"", ""tanh"", ""tanh"", ""tanh"", ""tanh"", ""swish"", ""swish""], [""tanh"", ""tanh"", ""swish""]]",3,15,85,False
38bc4236e510,"[[""tanh"", ""tanh"", ""tanh"", ""swish"", ""linear""], [""tanh"", ""tanh"", ""tanh"", ""tanh"", ""tanh"", ""swish"", ""linear""], [""tanh"", ""tanh"", ""swish""]]",3,15,85,False
fe705a66d5a3,"[[""tanh"", ""tanh"", ""tanh"", ""tanh"", ""tanh""], [""tanh"", ""tanh"", ""tanh"", ""tanh"", ""tanh"", ""tanh"", ""tanh""], [""tanh"", ""tanh"", ""tanh"", ""tanh""]]",3,16,94,True
ea62db221ce5,"[[""tanh"", ""tanh"", ""tanh"", ""tanh"", ""swish""], [""tanh"", ""tanh"", ""tanh"", ""tanh"", ""tanh"", ""swish"", ""swish""], [""tanh"", ""tanh"", ""tanh"", ""swish""]]",3,16,94,False
b85599fdc22b,"[[""tanh"", ""tanh"", ""tanh"", ""swish"", ""linear""], [""tanh"", ""tanh"", ""tanh"", ""tanh"", ""tanh"", ""swish"", ""linear""], [""tanh"", ""tanh"", ""tanh"", ""swish""]]",3,16,94,False
f010105568f8,"[[""tanh"", ""tanh"", ""tanh"", ""tanh"", ""tanh""], [""tanh"", ""tanh"", ""tanh"", ""tanh"", ""tanh"", ""tanh"", ""tanh"", ""tanh""], [""tanh"", ""tanh""]]",3,15,84,True
ce9b7a182c8d,"[[""tanh"", ""tanh"", ""tanh"", ""tanh"", ""swish""], [""tanh"", ""tanh"", ""tanh"", ""tanh"", ""tanh"", ""swish"", ""swish"", ""swish""], [""tanh"", ""tanh""]]",3,15,84,False
693a77bdf9b4,"[[""tanh"", ""tanh"", ""tanh"", ""swish"", ""linear""], [""tanh"", ""tanh"", ""tanh"", ""tanh"", ""tanh"", ""swish"", ""swish"", ""linear""], [""tanh"", ""tanh""]]",3,15,84,False
9e452f17269d,"[[""tanh"", ""tanh"", ""tanh"", ""tanh"", ""tanh""], [""tanh"", ""tanh"", ""tanh"", ""tanh"", ""tanh"", ""tanh"", ""tanh"", ""tanh""], [""tanh"", ""tanh"", ""tanh""]]",3,16,94,True
de8d20b28749,"[[""tanh"", ""tanh"", ""tanh"", ""tanh"", ""swish""], [""tanh"", ""tanh"", ""tanh"", ""tanh"", ""tanh"", ""swish"", ""swish"", ""swish""], [""tanh"", ""tanh"", ""swish""]]",3,16,94,False
b3bdb603b2f1,"[[""tanh"", ""tanh"", ""tanh"", ""swish"", ""linear""], [""tanh"", ""tanh"", ""tanh"", ""tanh"", ""tanh"", ""swish"", ""swish"", ""linear""], [""tanh"", ""tanh"", ""swish""]]",3,16,94,False
786246ee5a5f,"[[""tanh"", ""tanh"", ""tanh"", ""tanh"", ""tanh""], [""tanh"", ""tanh"", ""tanh"", ""tanh"", ""tanh"", ""tanh"", ""tanh"", ""tanh"", ""tanh""], [""tanh"", ""tanh""]]",3,16,92,True
93389530692d,"[[""tanh"", ""tanh"", ""tanh"", ""tanh"", ""swish""], [""tanh"", ""tanh"", ""tanh"", ""tanh"", ""tanh"", ""tanh"", ""swish"", ""swish"", ""swish""], [""tanh"", ""tanh""]]",3,16,92,False
a393585840f2,"[[""tanh"", ""tanh"", ""tanh"", ""swish"", ""linear""], [""tanh"", ""tanh"", ""tanh"", ""tanh"", ""tanh"", ""tanh"", ""swish"", ""swish"", ""linear""], [""tanh"", ""tanh""]]",3,16,92,False
9d634c185a6a,"[[""tanh"", ""tanh"", ""tanh"", ""tanh"", ""tanh"", ""tanh""], [""tanh"", ""tanh""], [""tanh"", ""tanh""]]",3,10,41,True
68833fe9ccac,"[[""tanh"", ""tanh"", ""tanh"", ""tanh"", ""swish"", ""swish""], [""tanh"", ""tanh""], [""tanh"", ""tanh""]]",3,10,41,False
462eac318b9b,"[[""tanh"", ""tanh"", ""tanh"", ""tanh"", ""swish"", ""linear""], [""tanh"", ""tanh""], [""tanh"", ""tanh""]]",3,10,41,False
76e3d5092498,"[[""tanh"", ""tanh"", ""tanh"", ""tanh"", ""tanh"", ""tanh""], [""tanh"", ""tanh""], [""tanh"", ""tanh"", ""tanh""]]",3,11,45,True
f6b3b1f2b9ff,"[[""tanh"", ""tanh"", ""tanh"", ""tanh"", ""swish"", ""swish""], [""tanh"", ""tanh""], [""tanh"", ""tanh"", ""swish""]]",3,11,45,False
7eaa54d900df,"[[""tanh"", ""tanh"", ""tanh"", ""tanh"", ""swish"", ""linear""], [""tanh"", ""tanh""], [""tanh"", ""tanh"", ""swish""]]",3,11,45,False
0a9be431085d,"[[""tanh"", ""tanh"", ""tanh"", ""tanh"", ""tanh"", ""tanh""], [""tanh"", ""tanh""], [""tanh"", ""tanh"", ""tanh"", ""tanh""]]",3,12,49,True
144669ef0318,"[[""tanh"", ""tanh"", ""tanh"", ""tanh"", ""swish"", ""swish""], [""tanh"", ""tanh""], [""tanh"", ""tanh"", ""tanh"", ""swish""]]",3,12,49,False
39c1424a383c,"[[""tanh"", ""tanh"", ""tanh"", ""tanh"", ""swish"", ""linear""], [""tanh"", ""tanh""], [""tanh"", ""tanh"", ""tanh"", ""swish""]]",3,12,49,False
9235ded44ef7,"[[""tanh"", ""tanh"", ""tanh"", ""tanh"", ""tanh"", ""tanh""], [""tanh"", ""tanh""], [""tanh"", ""tanh"", ""tanh"", ""tanh"", ""tanh""]]",3,13,53,True
6a3d8388aecf,"[[""tanh"", ""tanh"", ""tanh"", ""tanh"", ""swish"", ""swish""], [""tanh"", ""tanh""], [""tanh"", ""tanh"", ""tanh"", ""tanh"", ""swish""]]",3,13,53,False
0bdb5a5b28a7,"[[""tanh"", ""tanh"", ""tanh"", ""tanh"", ""swish"", ""linear""], [""tanh"", ""tanh""], [""tanh"", ""tanh"", ""tanh"", ""swish"", ""linear""]]",3,13,53,False
8a9941b01abd,"[[""tanh"", ""tanh"", ""tanh"", ""tanh"", ""tanh"", ""tanh""], [""tanh"", ""tanh""], [""tanh"", ""tanh"", ""tanh"", ""tanh"", ""tanh"", ""tanh""]]",3,14,57,True
2b32c7fd2d62,"[[""tanh"", ""tanh"", ""tanh"", ""tanh"", ""swish"", ""swish""], [""tanh"", ""tanh""], [""tanh"", ""tanh"", ""tanh"", ""tanh"", ""swish"", ""swish""]]",3,14,57,False
e914fadb6d47,"[[""tanh"", ""tanh"", ""tanh"", ""tanh"", ""swish"", ""linear""], [""tanh"", ""tanh""], [""tanh"", ""tanh"", ""tanh"", ""tanh"", ""swish"", ""linear""]]",3,14,57,False
7a4dbbd3f8ad,"[[""tanh"", ""tanh"", ""tanh"", ""tanh"", ""tanh"", ""tanh""], [""tanh"", ""tanh""], [""tanh"", ""tanh"", ""tanh"", ""tanh"", ""tanh"", ""tanh"", ""tanh""]]",3,15,61,True
05a2d0bbdb7e,"[[""tanh"", ""tanh"", ""tanh"", ""tanh"", ""swish"", ""swish""], [""tanh"", ""tanh""], [""tanh"", ""tanh"", ""tanh"", ""tanh"", ""tanh"", ""swish"", ""swish""]]",3,15,61,False
e7251dac3cd7,"[[""tanh"", ""tanh"", ""tanh"", ""tanh"", ""swish"", ""linear""], [""tanh"", ""tanh""], [""tanh"", ""tanh"", ""tanh"", ""tanh"", ""tanh"", ""swish"", ""linear""]]",3,15,61,False
0f62a06d288c,"[[""tanh"", ""tanh"", ""tanh"", ""tanh"", ""tanh"", ""tanh""], [""tanh"", ""tanh""], [""tanh"", ""tanh"", ""tanh"", ""tanh"", ""tanh"", ""tanh"", ""tanh"", ""tanh""]]",3,16,65,True
ad3beff3fbb9,"[[""tanh"", ""tanh"", ""tanh"", ""tanh"", ""swish"", ""swish""], [""tanh"", ""tanh""], [""tanh"", ""tanh"", ""tanh"", ""tanh"", ""tanh"", ""swish"", ""swish"", ""swish""]]",3,16,65,False
73e309edff62,"[[""tanh"", ""tanh"", ""tanh"", ""tanh"", ""swish"", ""linear""], [""tanh"", ""tanh""], [""tanh"", ""tanh"", ""tanh"", ""tanh"", ""tanh"", ""swish"", ""swish"", ""linear""]]",3,16,65,False
5c2931483ba5,"[[""tanh"", ""tanh"", ""tanh"", ""tanh"", ""tanh"", ""tanh""], [""tanh"", ""tanh"", ""tanh""], [""tanh"", ""tanh""]]",3,11,50,True
65a1f0d389bf,"[[""tanh"", ""tanh"", ""tanh"", ""tanh"", ""swish"", ""swish""], [""tanh"", ""tanh"", ""swish""], [""tanh"", ""tanh""]]",3,11,50,False
1020aaa6a3d4,"[[""tanh"", ""tanh"", ""tanh"", ""tanh"", ""swish"", ""linear""], [""tanh"", ""tanh"", ""swish""], [""tanh"", ""tanh""]]",3,11,50,False
31588bfebb47,"[[""tanh"", ""tanh"", ""tanh"", ""tanh"", ""tanh"", ""tanh""], [""tanh"", ""tanh"", ""tanh""], [""tanh"", ""tanh"", ""tanh""]]",3,12,55,True
de6a9511434a,"[[""tanh"", ""tanh"", ""tanh"", ""tanh"", ""swish"", ""swish""], [""tanh"", ""tanh"", ""swish""], [""tanh"", ""tanh"", ""swish""]]",3,12,55,False
83b888fa615a,"[[""tanh"", ""tanh"", ""tanh"", ""tanh"", ""swish"", ""linear""], [""tanh"", ""tanh"", ""swish""], [""tanh"", ""tanh"", ""swish""]]",3,12,55,False
bc5bef39a2b4,"[[""tanh"", ""tanh"", ""tanh"", ""tanh"", ""tanh"", ""tanh""], [""tanh"", ""tanh"", ""tanh""], [""tanh"", ""tanh"", ""tanh"", ""tanh""]]",3,13,60,True
4a1065578496,"[[""tanh"", ""tanh"", ""tanh"", ""tanh"", ""swish"", ""swish""], [""tanh"", ""tanh"", ""swish""], [""tanh"", ""tanh"", ""tanh"", ""swish""]]",3,13,60,False
debc41bd53ed,"[[""tanh"", ""tanh"", ""tanh"", ""tanh"", ""swish"", ""linear""], [""tanh"", ""tanh"", ""swish""], [""tanh"", ""tanh"", ""tanh"", ""swish""]]",3,13,60,False
f4def719e649,"[[""tanh"", ""tanh"", ""tanh"", ""tanh"", ""tanh"", ""tanh""], [""tanh"", ""tanh"", ""tanh""], [""tanh"", ""tanh"", ""tanh"", ""tanh"", ""tanh""]]",3,14,65,True
2f5300f5c8bd,"[[""tanh"", ""tanh"", ""tanh"", ""tanh"", ""swish"", ""swish""], [""tanh"", ""tanh"", ""swish""], [""tanh"", ""tanh"", ""tanh"", ""tanh"", ""swish""]]",3,14,65,False
655adc6aa8a5,"[[""tanh"", ""tanh"", ""tanh"", ""tanh"", ""swish"", ""linear""], [""tanh"", ""tanh"", ""swish""], [""tanh"", ""tanh"", ""tanh"", ""swish"", ""linear""]]",3,14,65,False
225d5b965562,"[[""tanh"", ""tanh"", ""tanh"", ""tanh"", ""tanh"", ""tanh""], [""tanh"", ""tanh"", ""tanh""], [""tanh"", ""tanh"", ""tanh"", ""tanh"", ""tanh"", ""tanh""]]",3,15,70,True
53896bb5a8e2,"[[""tanh"", ""tanh"", ""tanh"", ""tanh"", ""swish"", ""swish""], [""tanh"", ""tanh"", ""swish""], [""tanh"", ""tanh"", ""tanh"", ""tanh"", ""swish"", ""swish""]]",3,15,70,False
091ef306be30,"[[""tanh"", ""tanh"", ""tanh"", ""tanh"", ""swish"", ""linear""], [""tanh"", ""tanh"", ""swish""], [""tanh"", ""tanh"", ""tanh"", ""tanh"", ""swish"", ""linear""]]",3,15,70,False
f9222f34095b,"[[""tanh"", ""tanh"", ""tanh"", ""tanh"", ""tanh"", ""tanh""], [""tanh"", ""tanh"", ""tanh""], [""tanh"", ""tanh"", ""tanh"", ""tanh"", ""tanh"", ""tanh"", ""tanh""]]",3,16,75,True
2f5057cae6c0,"[[""tanh"", ""tanh"", ""tanh"", ""tanh"", ""swish"", ""swish""], [""tanh"", ""tanh"", ""swish""], [""tanh"", ""tanh"", ""tanh"", ""tanh"", ""tanh"", ""swish"", ""swish""]]",3,16,75,False
24e46449628e,"[[""tanh"", ""tanh"", ""tanh"", ""tanh"", ""swish"", ""linear""], [""tanh"", ""tanh"", ""swish""], [""tanh"", ""tanh"", ""tanh"", ""tanh"", ""tanh"", ""swish"", ""linear""]]",3,16,75,False
ddd87f0208e6,"[[""tanh"", ""tanh"", ""tanh"", ""tanh"", ""tanh"", ""tanh""], [""tanh"", ""tanh"", ""tanh"", ""tanh""], [""tanh"", ""tanh""]]",3,12,59,True
431061c885a9,"[[""tanh"", ""tanh"", ""tanh"", ""tanh"", ""swish"", ""swish""], [""tanh"", ""tanh"", ""tanh"", ""swish""], [""tanh"", ""tanh""]]",3,12,59,False
c6700081ee88,"[[""tanh"", ""tanh"", ""tanh"", ""tanh"", ""swish"", ""linear""], [""tanh"", ""tanh"", ""tanh"", ""swish""], [""tanh"", ""tanh""]]",3,12,59,False
28c0599e3e79,"[[""tanh"", ""tanh"", ""tanh"", ""tanh"", ""tanh"", ""tanh""], [""tanh"", ""tanh"", ""tanh"", ""tanh""], [""tanh"", ""tanh"", ""tanh""]]",3,13,65,True
31d3a8f3f9b1,"[[""tanh"", ""tanh"", ""tanh"", ""tanh"", ""swish"", ""swish""], [""tanh"", ""tanh"", ""tanh"", ""swish""], [""tanh"", ""tanh"", ""swish""]]",3,13,65,False
21ab1e8be9fa,"[[""tanh"", ""tanh"", ""tanh"", ""tanh"", ""swish"", ""linear""], [""tanh"", ""tanh"", ""tanh"", ""swish""], [""tanh"", ""tanh"", ""swish""]]",3,13,65,False
52a2e014ff74,"[[""tanh"", ""tanh"", ""tanh"", ""tanh"", ""tanh"", ""tanh""], [""tanh"", ""tanh"", ""tanh"", ""tanh""], [""tanh"", ""tanh"", ""tanh"", ""tanh""]]",3,14,71,True
583ee5bfe35c,"[[""tanh"", ""tanh"", ""tanh"", ""tanh"", ""swish"", ""swish""], [""tanh"", ""tanh"", ""tanh"", ""swish""], [""tanh"", ""tanh"", ""tanh"", ""swish""]]",3,14,71,False
466920e83392,"[[""tanh"", ""tanh"", ""tanh"", ""tanh"", ""swish"", ""linear""], [""tanh"", ""tanh"", ""tanh"", ""swish""], [""tanh"", ""tanh"", ""tanh"", ""swish""]]",3,14,71,False
a510b483008d,"[[""tanh"", ""tanh"", ""tanh"", ""tanh"", ""tanh"", ""tanh""], [""tanh"", ""tanh"", ""tanh"", ""tanh""], [""tanh"", ""tanh"", ""tanh"", ""tanh"", ""tanh""]]",3,15,77,True
7e3b5567444a,"[[""tanh"", ""tanh"", ""tanh"", ""tanh"", ""swish"", ""swish""], [""tanh"", ""tanh"", ""tanh"", ""swish""], [""tanh"", ""tanh"", ""tanh"", ""tanh"", ""swish""]]",3,15,77,False
257a5cc6e945,"[[""tanh"", ""tanh"", ""tanh"", ""tanh"", ""swish"", ""linear""], [""tanh"", ""tanh"", ""tanh"", ""swish""], [""tanh"", ""tanh"", ""tanh"", ""swish"", ""linear""]]",3,15,77,False
78e6c11f5af3,"[[""tanh"", ""tanh"", ""tanh"", ""tanh"", ""tanh"", ""tanh""], [""tanh"", ""tanh"", ""tanh"", ""tanh""], [""tanh"", ""tanh"", ""tanh"", ""tanh"", ""tanh"", ""tanh""]]",3,16,83,True
a4d6ac0ea73f,"[[""tanh"", ""tanh"", ""tanh"", ""tanh"", ""swish"", ""swish""], [""tanh"", ""tanh"", ""tanh"", ""swish""], [""tanh"", ""tanh"", ""tanh"", ""tanh"", ""swish"", ""swish""]]",3,16,83,False
af8458bdf200,"[[""tanh"", ""tanh"", ""tanh"", ""tanh"", ""swish"", ""linear""], [""tanh"", ""tanh"", ""tanh"", ""swish""], [""tanh"", ""tanh"", ""tanh"", ""tanh"", ""swish"", ""linear""]]",3,16,83,False
3cd3d0bc44b0,"[[""tanh"", ""tanh"", ""tanh"", ""tanh"", ""tanh"", ""tanh""], [""tanh"", ""tanh"", ""tanh"", ""tanh"", ""tanh""], [""tanh"", ""tanh""]]",3,13,68,True
402b52d1517d,"[[""tanh"", ""tanh"", ""tanh"", ""tanh"", ""swish"", ""swish""], [""tanh"", ""tanh"", ""tanh"", ""tanh"", ""swish""], [""tanh"", ""tanh""]]",3,13,68,False
649797997e14,"[[""tanh"", ""tanh"", ""tanh"", ""tanh"", ""swish"", ""linear""], [""tanh"", ""tanh"", ""tanh"", ""swish"", ""linear""], [""tanh"", ""tanh""]]",3,13,68,False
a55679e50d6a,"[[""tanh"", ""tanh"", ""tanh"", ""tanh"", ""tanh"", ""tanh""], [""tanh"", ""tanh"", ""tanh"", ""tanh"", ""tanh""], [""tanh"", ""tanh"", ""tanh""]]",3,14,75,True
a79169efbb8b,"[[""tanh"", ""tanh"", ""tanh"", ""tanh"", ""swish"", ""swish""], [""tanh"", ""tanh"", ""tanh"", ""tanh"", ""swish""], [""tanh"", ""tanh"", ""swish""]]",3,14,75,False
fcbbf1ecb0e2,"[[""tanh"", ""tanh"", ""tanh"", ""tanh"", ""swish"", ""linear""], [""tanh"", ""tanh"", ""tanh"", ""swish"", ""linear""], [""tanh"", ""tanh"", ""swish""]]",3,14,75,False
3c0eca1539fc,"[[""tanh"", ""tanh"", ""tanh"", ""tanh"", ""tanh"", ""tanh""], [""tanh"", ""tanh"", ""tanh"", ""tanh"", ""tanh""], [""tanh"", ""tanh"", ""tanh"", ""tanh""]]",3,15,82,True
b892f21b550b,"[[""tanh"", ""tanh"", ""tanh"", ""tanh"", ""swish"", ""swish""], [""tanh"", ""tanh"", ""tanh"", ""tanh"", ""swish""], [""tanh"", ""tanh"", ""tanh"", ""swish""]]",3,15,82,False
b64c3dfd7530,"[[""tanh"", ""tanh"", ""tanh"", ""tanh"", ""swish"", ""linear""], [""tanh"", ""tanh"", ""tanh"", ""swish"", ""linear""], [""tanh"", ""tanh"", ""tanh"", ""swish""]]",3,15,82,False
8b0e23af4120,"[[""tanh"", ""tanh"", ""tanh"", ""tanh"", ""tanh"", ""tanh""], [""tanh"", ""tanh"", ""tanh"", ""tanh"", ""tanh""], [""tanh"", ""tanh"", ""tanh"", ""tanh"", ""tanh""]]",3,16,89,True
79e1af560967,"[[""tanh"", ""tanh"", ""tanh"", ""tanh"", ""swish"", ""swish""], [""tanh"", ""tanh"", ""tanh"", ""tanh"", ""swish""], [""tanh"", ""tanh"", ""tanh"", ""tanh"", ""swish""]]",3,16,89,False
cd56e64165ff,"[[""tanh"", ""tanh"", ""tanh"", ""tanh"", ""swish"", ""linear""], [""tanh"", ""tanh"", ""tanh"", ""swish"", ""linear""], [""tanh"", ""tanh"", ""tanh"", ""swish"", ""linear""]]",3,16,89,False
d1b04461e8fd,"[[""tanh"", ""tanh"", ""tanh"", ""tanh"", ""tanh"", ""tanh""], [""tanh"", ""tanh"", ""tanh"", ""tanh"", ""tanh"", ""tanh""], [""tanh"", ""tanh""]]",3,14,77,True
ad9cc3b5a505,"[[""tanh"", ""tanh"", ""tanh"", ""tanh"", ""swish"", ""swish""], [""tanh"", ""tanh"", ""tanh"", ""tanh"", ""swish"", ""swish""], [""tanh"", ""tanh""]]",3,14,77,False
c01b76d3d12a,"[[""tanh"", ""tanh"", ""tanh"", ""tanh"", ""swish"", ""linear""], [""tanh"", ""tanh"", ""tanh"", ""tanh"", ""swish"", ""linear""], [""tanh"", ""tanh""]]",3,14,77,False
3132d4bd9fd3,"[[""tanh"", ""tanh"", ""tanh"", ""tanh"", ""tanh"", ""tanh""], [""tanh"", ""tanh"", ""tanh"", ""tanh"", ""tanh"", ""tanh""], [""tanh"", ""tanh"", ""tanh""]]",3,15,85,True
8539023a0529,"[[""tanh"", ""tanh"", ""tanh"", ""tanh"", ""swish"", ""swish""], [""tanh"", ""tanh"", ""tanh"", ""tanh"", ""swish"", ""swish""], [""tanh"", ""tanh"", ""swish""]]",3,15,85,False
913d0853d66b,"[[""tanh"", ""tanh"", ""tanh"", ""tanh"", ""swish"", ""linear""], [""tanh"", ""tanh"", ""tanh"", ""tanh"", ""swish"", ""linear""], [""tanh"", ""tanh"", ""swish""]]",3,15,85,False
b777533fdcb0,"[[""tanh"", ""tanh"", ""tanh"", ""tanh"", ""tanh"", ""tanh""], [""tanh"", ""tanh"", ""tanh"", ""tanh"", ""tanh"", ""tanh""], [""tanh"", ""tanh"", ""tanh"", ""tanh""]]",3,16,93,True
6100922cab9e,"[[""tanh"", ""tanh"", ""tanh"", ""tanh"", ""swish"", ""swish""], [""tanh"", ""tanh"", ""tanh"", ""tanh"", ""swish"", ""swish""], [""tanh"", ""tanh"", ""tanh"", ""swish""]]",3,16,93,False
91da24ec2abc,"[[""tanh"", ""tanh"", ""tanh"", ""tanh"", ""swish"", ""linear""], [""tanh"", ""tanh"", ""tanh"", ""tanh"", ""swish"", ""linear""], [""tanh"", ""tanh"", ""tanh"", ""swish""]]",3,16,93,False
cdaf4f32bf76,"[[""tanh"", ""tanh"", ""tanh"", ""tanh"", ""tanh"", ""tanh""], [""tanh"", ""tanh"", ""tanh"", ""tanh"", ""tanh"", ""tanh"", ""tanh""], [""tanh"", ""tanh""]]",3,15,86,True
c12388d406a6,"[[""tanh"", ""tanh"", ""tanh"", ""tanh"", ""swish"", ""swish""], [""tanh"", ""tanh"", ""tanh"", ""tanh"", ""tanh"", ""swish"", ""swish""], [""tanh"", ""tanh""]]",3,15,86,False
fa15acce2430,"[[""tanh"", ""tanh"", ""tanh"", ""tanh"", ""swish"", ""linear""], [""tanh"", ""tanh"", ""tanh"", ""tanh"", ""tanh"", ""swish"", ""linear""], [""tanh"", ""tanh""]]",3,15,86,False
5acb5075f5d9,"[[""tanh"", ""tanh"", ""tanh"", ""tanh"", ""tanh"", ""tanh""], [""tanh"", ""tanh"", ""tanh"", ""tanh"", ""tanh"", ""tanh"", ""tanh""], [""tanh"", ""tanh"", ""tanh""]]",3,16,95,True
f21bee442fbc,"[[""tanh"", ""tanh"", ""tanh"", ""tanh"", ""swish"", ""swish""], [""tanh"", ""tanh"", ""tanh"", ""tanh"", ""tanh"", ""swish"", ""swish""], [""tanh"", ""tanh"", ""swish""]]",3,16,95,False
2ed8c63c33cd,"[[""tanh"", ""tanh"", ""tanh"", ""tanh"", ""swish"", ""linear""], [""tanh"", ""tanh"", ""tanh"", ""tanh"", ""tanh"", ""swish"", ""linear""], [""tanh"", ""tanh"", ""swish""]]",3,16,95,False
8ae98c7e8f10,"[[""tanh"", ""tanh"", ""tanh"", ""tanh"", ""tanh"", ""tanh""], [""tanh"", ""tanh"", ""tanh"", ""tanh"", ""tanh"", ""tanh"", ""tanh"", ""tanh""], [""tanh"", ""tanh""]]",3,16,95,True
34edcc4b39d7,"[[""tanh"", ""tanh"", ""tanh"", ""tanh"", ""swish"", ""swish""], [""tanh"", ""tanh"", ""tanh"", ""tanh"", ""tanh"", ""swish"", ""swish"", ""swish""], [""tanh"", ""tanh""]]",3,16,95,False
092145e45724,"[[""tanh"", ""tanh"", ""tanh"", ""tanh"", ""swish"", ""linear""], [""tanh"", ""tanh"", ""tanh"", ""tanh"", ""tanh"", ""swish"", ""swish"", ""linear""], [""tanh"", ""tanh""]]",3,16,95,False
445b1feafd34,"[[""tanh"", ""tanh"", ""tanh"", ""tanh"", ""tanh"", ""tanh"", ""tanh""], [""tanh"", ""tanh""], [""tanh"", ""tanh""]]",3,11,46,True
c49c6e638fbd,"[[""tanh"", ""tanh"", ""tanh"", ""tanh"", ""tanh"", ""swish"", ""swish""], [""tanh"", ""tanh""], [""tanh"", ""tanh""]]",3,11,46,False
43998a46269c,"[[""tanh"", ""tanh"", ""tanh"", ""tanh"", ""tanh"", ""swish"", ""linear""], [""tanh"", ""tanh""], [""tanh"", ""tanh""]]",3,11,46,False
3dcb303c776a,"[[""tanh"", ""tanh"", ""tanh"", ""tanh"", ""tanh"", ""tanh"", ""tanh""], [""tanh"", ""tanh""], [""tanh"", ""tanh"", ""tanh""]]",3,12,50,True
2694f124e0b8,"[[""tanh"", ""tanh"", ""tanh"", ""tanh"", ""tanh"", ""swish"", ""swish""], [""tanh"", ""tanh""], [""tanh"", ""tanh"", ""swish""]]",3,12,50,False
b7042dd9ae73,"[[""tanh"", ""tanh"", ""tanh"", ""tanh"", ""tanh"", ""swish"", ""linear""], [""tanh"", ""tanh""], [""tanh"", ""tanh"", ""swish""]]",3,12,50,False
eec7011dbf63,"[[""tanh"", ""tanh"", ""tanh"", ""tanh"", ""tanh"", ""tanh"", ""tanh""], [""tanh"", ""tanh""], [""tanh"", ""tanh"", ""tanh"", ""tanh""]]",3,13,54,True
5de2928a7cd9,"[[""tanh"", ""tanh"", ""tanh"", ""tanh"", ""tanh"", ""swish"", ""swish""], [""tanh"", ""tanh""], [""tanh"", ""tanh"", ""tanh"", ""swish""]]",3,13,54,False
7eeab05b0f71,"[[""tanh"", ""tanh"", ""tanh"", ""tanh"", ""tanh"", ""swish"", ""linear""], [""tanh"", ""tanh""], [""tanh"", ""tanh"", ""tanh"", ""swish""]]",3,13,54,False
a4dbbb206617,"[[""tanh"", ""tanh"", ""tanh"", ""tanh"", ""tanh"", ""tanh"", ""tanh""], [""tanh"", ""tanh""], [""tanh"", ""tanh"", ""tanh"", ""tanh"", ""tanh""]]",3,14,58,True
9b3aa12ff19b,"[[""tanh"", ""tanh"", ""tanh"", ""tanh"", ""tanh"", ""swish"", ""swish""], [""tanh"", ""tanh""], [""tanh"", ""tanh"", ""tanh"", ""tanh"", ""swish""]]",3,14,58,False
31950127d211,"[[""tanh"", ""tanh"", ""tanh"", ""tanh"", ""tanh"", ""swish"", ""linear""], [""tanh"", ""tanh""], [""tanh"", ""tanh"", ""tanh"", ""swish"", ""linear""]]",3,14,58,False
e1d27066a30d,"[[""tanh"", ""tanh"", ""tanh"", ""tanh"", ""tanh"", ""tanh"", ""tanh""], [""tanh"", ""tanh""], [""tanh"", ""tanh"", ""tanh"", ""tanh"", ""tanh"", ""tanh""]]",3,15,62,True
bc540ea29372,"[[""tanh"", ""tanh"", ""tanh"", ""tanh"", ""tanh"", ""swish"", ""swish""], [""tanh"", ""tanh""], [""tanh"", ""tanh"", ""tanh"", ""tanh"", ""swish"", ""swish""]]",3,15,62,False
a4c7c99e6684,"[[""tanh"", ""tanh"", ""tanh"", ""tanh"", ""tanh"", ""swish"", ""linear""], [""tanh"", ""tanh""], [""tanh"", ""tanh"", ""tanh"", ""tanh"", ""swish"", ""linear""]]",3,15,62,False
b204415042a5,"[[""tanh"", ""tanh"", ""tanh"", ""tanh"", ""tanh"", ""tanh"", ""tanh""], [""tanh"", ""tanh""], [""tanh"", ""tanh"", ""tanh"", ""tanh"", ""tanh"", ""tanh"", ""tanh""]]",3,16,66,True
26709ea98334,"[[""tanh"", ""tanh"", ""tanh"", ""tanh"", ""tanh"", ""swish"", ""swish""], [""tanh"", ""tanh""], [""tanh"", ""tanh"", ""tanh"", ""tanh"", ""tanh"", ""swish"", ""swish""]]",3,16,66,False
f224af100e2f,"[[""tanh"", ""tanh"", ""tanh"", ""tanh"", ""tanh"", ""swish"", ""linear""], [""tanh"", ""tanh""], [""tanh"", ""tanh"", ""tanh"", ""tanh"", ""tanh"", ""swish"", ""linear""]]",3,16,66,False
2a9512c4177c,"[[""tanh"", ""tanh"", ""tanh"", ""tanh"", ""tanh"", ""tanh"", ""tanh""], [""tanh"", ""tanh"", ""tanh""], [""tanh"", ""tanh""]]",3,12,56,True
7d2219836d09,"[[""tanh"", ""tanh"", ""tanh"", ""tanh"", ""tanh"", ""swish"", ""swish""], [""tanh"", ""tanh"", ""swish""], [""tanh"", ""tanh""]]",3,12,56,False
76dfa9bda7f1,"[[""tanh"", ""tanh"", ""tanh"", ""tanh"", ""tanh"", ""swish"", ""linear""], [""tanh"", ""tanh"", ""swish""], [""tanh"", ""tanh""]]",3,12,56,False
816313e2b788,"[[""tanh"", ""tanh"", ""tanh"", ""tanh"", ""tanh"", ""tanh"", ""tanh""], [""tanh"", ""tanh"", ""tanh""], [""tanh"", ""tanh"", ""tanh""]]",3,13,61,True
3b8910a35da9,"[[""tanh"", ""tanh"", ""tanh"", ""tanh"", ""tanh"", ""swish"", ""swish""], [""tanh"", ""tanh"", ""swish""], [""tanh"", ""tanh"", ""swish""]]",3,13,61,False
e886d79bfa6d,"[[""tanh"", ""tanh"", ""tanh"", ""tanh"", ""tanh"", ""swish"", ""linear""], [""tanh"", ""tanh"", ""swish""], [""tanh"", ""tanh"", ""swish""]]",3,13,61,False
087a40efaa19,"[[""tanh"", ""tanh"", ""tanh"", ""tanh"", ""tanh"", ""tanh"", ""tanh""], [""tanh"", ""tanh"", ""tanh""], [""tanh"", ""tanh"", ""tanh"", ""tanh""]]",3,14,66,True
f48634112d6c,"[[""tanh"", ""tanh"", ""tanh"", ""tanh"", ""tanh"", ""swish"", ""swish""], [""tanh"", ""tanh"", ""swish""], [""tanh"", ""tanh"", ""tanh"", ""swish""]]",3,14,66,False
d9b462eaa51b,"[[""tanh"", ""tanh"", ""tanh"", ""tanh"", ""tanh"", ""swish"", ""linear""], [""tanh"", ""tanh"", ""swish""], [""tanh"", ""tanh"", ""tanh"", ""swish""]]",3,14,66,False
12626a1d537c,"[[""tanh"", ""tanh"", ""tanh"", ""tanh"", ""tanh"", ""tanh"", ""tanh""], [""tanh"", ""tanh"", ""tanh""], [""tanh"", ""tanh"", ""tanh"", ""tanh"", ""tanh""]]",3,15,71,True
e1bf79d84a00,"[[""tanh"", ""tanh"", ""tanh"", ""tanh"", ""tanh"", ""swish"", ""swish""], [""tanh"", ""tanh"", ""swish""], [""tanh"", ""tanh"", ""tanh"", ""tanh"", ""swish""]]",3,15,71,False
f68b4fc67df8,"[[""tanh"", ""tanh"", ""tanh"", ""tanh"", ""tanh"", ""swish"", ""linear""], [""tanh"", ""tanh"", ""swish""], [""tanh"", ""tanh"", ""tanh"", ""swish"", ""linear""]]",3,15,71,False
a56882b6e79d,"[[""tanh"", ""tanh"", ""tanh"", ""tanh"", ""tanh"", ""tanh"", ""tanh""], [""tanh"", ""tanh"", ""tanh""], [""tanh"", ""tanh"", ""tanh"", ""tanh"", ""tanh"", ""tanh""]]",3,16,76,True
e23b69625ef3,"[[""tanh"", ""tanh"", ""tanh"", ""tanh"", ""tanh"", ""swish"", ""swish""], [""tanh"", ""tanh"", ""swish""], [""tanh"", ""tanh"", ""tanh"", ""tanh"", ""swish"", ""swish""]]",3,16,76,False
e549299b085f,"[[""tanh"", ""tanh"", ""tanh"", ""tanh"", ""tanh"", ""swish"", ""linear""], [""tanh"", ""tanh"", ""swish""], [""tanh"", ""tanh"", ""tanh"", ""tanh"", ""swish"", ""linear""]]",3,16,76,False
c1e83d5cdb8f,"[[""tanh"", ""tanh"", ""tanh"", ""tanh"", ""tanh"", ""tanh"", ""tanh""], [""tanh"", ""tanh"", ""tanh"", ""tanh""], [""tanh"", ""tanh""]]",3,13,66,True
f04c7f8a6202,"[[""tanh"", ""tanh"", ""tanh"", ""tanh"", ""tanh"", ""swish"", ""swish""], [""tanh"", ""tanh"", ""tanh"", ""swish""], [""tanh"", ""tanh""]]",3,13,66,False
659d60640f53,"[[""tanh"", ""tanh"", ""tanh"", ""tanh"", ""tanh"", ""swish"", ""linear""], [""tanh"", ""tanh"", ""tanh"", ""swish""], [""tanh"", ""tanh""]]",3,13,66,False
b95923eb78bc,"[[""tanh"", ""tanh"", ""tanh"", ""tanh"", ""tanh"", ""tanh"", ""tanh""], [""tanh"", ""tanh"", ""tanh"", ""tanh""], [""tanh"", ""tanh"", ""tanh""]]",3,14,72,True
d9a14ee366e9,"[[""tanh"", ""tanh"", ""tanh"", ""tanh"", ""tanh"", ""swish"", ""swish""], [""tanh"", ""tanh"", ""tanh"", ""swish""], [""tanh"", ""tanh"", ""swish""]]",3,14,72,False
d59613f9a43f,"[[""tanh"", ""tanh"", ""tanh"", ""tanh"", ""tanh"", ""swish"", ""linear""], [""tanh"", ""tanh"", ""tanh"", ""swish""], [""tanh"", ""tanh"", ""swish""]]",3,14,72,False
99038ac56cc7,"[[""tanh"", ""tanh"", ""tanh"", ""tanh"", ""tanh"", ""tanh"", ""tanh""], [""tanh"", ""tanh"", ""tanh"", ""tanh""], [""tanh"", ""tanh"", ""tanh"", ""tanh""]]",3,15,78,True
054d5c7c6b06,"[[""tanh"", ""tanh"", ""tanh"", ""tanh"", ""tanh"", ""swish"", ""swish""], [""tanh"", ""tanh"", ""tanh"", ""swish""], [""tanh"", ""tanh"", ""tanh"", ""swish""]]",3,15,78,False
b6c2c1e291b9,"[[""tanh"", ""tanh"", ""tanh"", ""tanh"", ""tanh"", ""swish"", ""linear""], [""tanh"", ""tanh"", ""tanh"", ""swish""], [""tanh"", ""tanh"", ""tanh"", ""swish""]]",3,15,78,False
ae1b9cb6efd9,"[[""tanh"", ""tanh"", ""tanh"", ""tanh"", ""tanh"", ""tanh"", ""tanh""], [""tanh"", ""tanh"", ""tanh"", ""tanh""], [""tanh"", ""tanh"", ""tanh"", ""tanh"", ""tanh""]]",3,16,84,True
90c6465b42ea,"[[""tanh"", ""tanh"", ""tanh"", ""tanh"", ""tanh"", ""swish"", ""swish""], [""tanh"", ""tanh"", ""tanh"", ""swish""], [""tanh"", ""tanh"", ""tanh"", ""tanh"", ""swish""]]",3,16,84,False
d8739121d5b8,"[[""tanh"", ""tanh"", ""tanh"", ""tanh"", ""tanh"", ""swish"", ""linear""], [""tanh"", ""tanh"", ""tanh"", ""swish""], [""tanh"", ""tanh"", ""tanh"", ""swish"", ""linear""]]",3,16,84,False
d79db03df991,"[[""tanh"", ""tanh"", ""tanh"", ""tanh"", ""tanh"", ""tanh"", ""tanh""], [""tanh"", ""tanh"", ""tanh"", ""tanh"", ""tanh""], [""tanh"", ""tanh""]]",3,14,76,True
8e571ddfa5ef,"[[""tanh"", ""tanh"", ""tanh"", ""tanh"", ""tanh"", ""swish"", ""swish""], [""tanh"", ""tanh"", ""tanh"", ""tanh"", ""swish""], [""tanh"", ""tanh""]]",3,14,76,False
dfd143cb0b17,"[[""tanh"", ""tanh"", ""tanh"", ""tanh"", ""tanh"", ""swish"", ""linear""], [""tanh"", ""tanh"", ""tanh"", ""swish"", ""linear""], [""tanh"", ""tanh""]]",3,14,76,False
fcd967fca18f,"[[""tanh"", ""tanh"", ""tanh"", ""tanh"", ""tanh"", ""tanh"", ""tanh""], [""tanh"", ""tanh"", ""tanh"", ""tanh"", ""tanh""], [""tanh"", ""tanh"", ""tanh""]]",3,15,83,True
290d0f3e4415,"[[""tanh"", ""tanh"", ""tanh"", ""tanh"", ""tanh"", ""swish"", ""swish""], [""tanh"", ""tanh"", ""tanh"", ""tanh"", ""swish""], [""tanh"", ""tanh"", ""swish""]]",3,15,83,False
7473aab6fd0f,"[[""tanh"", ""tanh"", ""tanh"", ""tanh"", ""tanh"", ""swish"", ""linear""], [""tanh"", ""tanh"", ""tanh"", ""swish"", ""linear""], [""tanh"", ""tanh"", ""swish""]]",3,15,83,False
c87c0280fe79,"[[""tanh"", ""tanh"", ""tanh"", ""tanh"", ""tanh"", ""tanh"", ""tanh""], [""tanh"", ""tanh"", ""tanh"", ""tanh"", ""tanh""], [""tanh"", ""tanh"", ""tanh"", ""tanh""]]",3,16,90,True
154cd50b6618,"[[""tanh"", ""tanh"", ""tanh"", ""tanh"", ""tanh"", ""swish"", ""swish""], [""tanh"", ""tanh"", ""tanh"", ""tanh"", ""swish""], [""tanh"", ""tanh"", ""tanh"", ""swish""]]",3,16,90,False
c51141a2c64c,"[[""tanh"", ""tanh"", ""tanh"", ""tanh"", ""tanh"", ""swish"", ""linear""], [""tanh"", ""tanh"", ""tanh"", ""swish"", ""linear""], [""tanh"", ""tanh"", ""tanh"", ""swish""]]",3,16,90,False
8062c9bd0401,"[[""tanh"", ""tanh"", ""tanh"", ""tanh"", ""tanh"", ""tanh"", ""tanh""], [""tanh"", ""tanh"", ""tanh"", ""tanh"", ""tanh"", ""tanh""], [""tanh"", ""tanh""]]",3,15,86,True
55d2331aa5f9,"[[""tanh"", ""tanh"", ""tanh"", ""tanh"", ""tanh"", ""swish"", ""swish""], [""tanh"", ""tanh"", ""tanh"", ""tanh"", ""swish"", ""swish""], [""tanh"", ""tanh""]]",3,15,86,False
30765c305f31,"[[""tanh"", ""tanh"", ""tanh"", ""tanh"", ""tanh"", ""swish"", ""linear""], [""tanh"", ""tanh"", ""tanh"", ""tanh"", ""swish"", ""linear""], [""tanh"", ""tanh""]]",3,15,86,False
de4c94ff6ed8,"[[""tanh"", ""tanh"", ""tanh"", ""tanh"", ""tanh"", ""tanh"", ""tanh""], [""tanh"", ""tanh"", ""tanh"", ""tanh"", ""tanh"", ""tanh""], [""tanh"", ""tanh"", ""tanh""]]",3,16,94,True
498aa1de95e3,"[[""tanh"", ""tanh"", ""tanh"", ""tanh"", ""tanh"", ""swish"", ""swish""], [""tanh"", ""tanh"", ""tanh"", ""tanh"", ""swish"", ""swish""], [""tanh"", ""tanh"", ""swish""]]",3,16,94,False
27307f28ef52,"[[""tanh"", ""tanh"", ""tanh"", ""tanh"", ""tanh"", ""swish"", ""linear""], [""tanh"", ""tanh"", ""tanh"", ""tanh"", ""swish"", ""linear""], [""tanh"", ""tanh"", ""swish""]]",3,16,94,False
919ea9f48df9,"[[""tanh"", ""tanh"", ""tanh"", ""tanh"", ""tanh"", ""tanh"", ""tanh""], [""tanh"", ""tanh"", ""tanh"", ""tanh"", ""tanh"", ""tanh"", ""tanh""], [""tanh"", ""tanh""]]",3,16,96,True
7134efbeccd4,"[[""tanh"", ""tanh"", ""tanh"", ""tanh"", ""tanh"", ""swish"", ""swish""], [""tanh"", ""tanh"", ""tanh"", ""tanh"", ""tanh"", ""swish"", ""swish""], [""tanh"", ""tanh""]]",3,16,96,False
1df3f17e745f,"[[""tanh"", ""tanh"", ""tanh"", ""tanh"", ""tanh"", ""swish"", ""linear""], [""tanh"", ""tanh"", ""tanh"", ""tanh"", ""tanh"", ""swish"", ""linear""], [""tanh"", ""tanh""]]",3,16,96,False
2d4ae8a45003,"[[""tanh"", ""tanh"", ""tanh"", ""tanh"", ""tanh"", ""tanh"", ""tanh"", ""tanh""], [""tanh"", ""tanh""], [""tanh"", ""tanh""]]",3,12,51,True
75bcb4bc9dea,"[[""tanh"", ""tanh"", ""tanh"", ""tanh"", ""tanh"", ""swish"", ""swish"", ""swish""], [""tanh"", ""tanh""], [""tanh"", ""tanh""]]",3,12,51,False
05dc7e811ec5,"[[""tanh"", ""tanh"", ""tanh"", ""tanh"", ""tanh"", ""swish"", ""swish"", ""linear""], [""tanh"", ""tanh""], [""tanh"", ""tanh""]]",3,12,51,False
e6c715b57ef8,"[[""tanh"", ""tanh"", ""tanh"", ""tanh"", ""tanh"", ""tanh"", ""tanh"", ""tanh""], [""tanh"", ""tanh""], [""tanh"", ""tanh"", ""tanh""]]",3,13,55,True
dbfdbcb4b4cd,"[[""tanh"", ""tanh"", ""tanh"", ""tanh"", ""tanh"", ""swish"", ""swish"", ""swish""], [""tanh"", ""tanh""], [""tanh"", ""tanh"", ""swish""]]",3,13,55,False
87d04d9889e2,"[[""tanh"", ""tanh"", ""tanh"", ""tanh"", ""tanh"", ""swish"", ""swish"", ""linear""], [""tanh"", ""tanh""], [""tanh"", ""tanh"", ""swish""]]",3,13,55,False
1225e42688a2,"[[""tanh"", ""tanh"", ""tanh"", ""tanh"", ""tanh"", ""tanh"", ""tanh"", ""tanh""], [""tanh"", ""tanh""], [""tanh"", ""tanh"", ""tanh"", ""tanh""]]",3,14,59,True
916b57ab5a25,"[[""tanh"", ""tanh"", ""tanh"", ""tanh"", ""tanh"", ""swish"", ""swish"", ""swish""], [""tanh"", ""tanh""], [""tanh"", ""tanh"", ""tanh"", ""swish""]]",3,14,59,False
fc2ea8609c6b,"[[""tanh"", ""tanh"", ""tanh"", ""tanh"", ""tanh"", ""swish"", ""swish"", ""linear""], [""tanh"", ""tanh""], [""tanh"", ""tanh"", ""tanh"", ""swish""]]",3,14,59,False
566de14a5580,"[[""tanh"", ""tanh"", ""tanh"", ""tanh"", ""tanh"", ""tanh"", ""tanh"", ""tanh""], [""tanh"", ""tanh""], [""tanh"", ""tanh"", ""tanh"", ""tanh"", ""tanh""]]",3,15,63,True
dc3818508ca9,"[[""tanh"", ""tanh"", ""tanh"", ""tanh"", ""tanh"", ""swish"", ""swish"", ""swish""], [""tanh"", ""tanh""], [""tanh"", ""tanh"", ""tanh"", ""tanh"", ""swish""]]",3,15,63,False
fad8225fb722,"[[""tanh"", ""tanh"", ""tanh"", ""tanh"", ""tanh"", ""swish"", ""swish"", ""linear""], [""tanh"", ""tanh""], [""tanh"", ""tanh"", ""tanh"", ""swish"", ""linear""]]",3,15,63,False
b51b1b3bf2d0,"[[""tanh"", ""tanh"", ""tanh"", ""tanh"", ""tanh"", ""tanh"", ""tanh"", ""tanh""], [""tanh"", ""tanh""], [""tanh"", ""tanh"", ""tanh"", ""tanh"", ""tanh"", ""tanh""]]",3,16,67,True
21044ff8e39b,"[[""tanh"", ""tanh"", ""tanh"", ""tanh"", ""tanh"", ""swish"", ""swish"", ""swish""], [""tanh"", ""tanh""], [""tanh"", ""tanh"", ""tanh"", ""tanh"", ""swish"", ""swish""]]",3,16,67,False
9847236a5c3a,"[[""tanh"", ""tanh"", ""tanh"", ""tanh"", ""tanh"", ""swish"", ""swish"", ""linear""], [""tanh"", ""tanh""], [""tanh"", ""tanh"", ""tanh"", ""tanh"", ""swish"", ""linear""]]",3,16,67,False
6e5ae9633ed3,"[[""tanh"", ""tanh"", ""tanh"", ""tanh"", ""tanh"", ""tanh"", ""tanh"", ""tanh""], [""tanh"", ""tanh"", ""tanh""], [""tanh"", ""tanh""]]",3,13,62,True
81e5f274adaa,"[[""tanh"", ""tanh"", ""tanh"", ""tanh"", ""tanh"", ""swish"", ""swish"", ""swish""], [""tanh"", ""tanh"", ""swish""], [""tanh"", ""tanh""]]",3,13,62,False
c463290a8039,"[[""tanh"", ""tanh"", ""tanh"", ""tanh"", ""tanh"", ""swish"", ""swish"", ""linear""], [""tanh"", ""tanh"", ""swish""], [""tanh"", ""tanh""]]",3,13,62,False
cfb26071817c,"[[""tanh"", ""tanh"", ""tanh"", ""tanh"", ""tanh"", ""tanh"", ""tanh"", ""tanh""], [""tanh"", ""tanh"", ""tanh""], [""tanh"", ""tanh"", ""tanh""]]",3,14,67,True
5f142a9f5360,"[[""tanh"", ""tanh"", ""tanh"", ""tanh"", ""tanh"", ""swish"", ""swish"", ""swish""], [""tanh"", ""tanh"", ""swish""], [""tanh"", ""tanh"", ""swish""]]",3,14,67,False
af4eeb319336,"[[""tanh"", ""tanh"", ""tanh"", ""tanh"", ""tanh"", ""swish"", ""swish"", ""linear""], [""tanh"", ""tanh"", ""swish""], [""tanh"", ""tanh"", ""swish""]]",3,14,67,False
41f998ce187a,"[[""tanh"", ""tanh"", ""tanh"", ""tanh"", ""tanh"", ""tanh"", ""tanh"", ""tanh""], [""tanh"", ""tanh"", ""tanh""], [""tanh"", ""tanh"", ""tanh"", ""tanh""]]",3,15,72,True
f9b1cfe7f5e6,"[[""tanh"", ""tanh"", ""tanh"", ""tanh"", ""tanh"", ""swish"", ""swish"", ""swish""], [""tanh"", ""tanh"", ""swish""], [""tanh"", ""tanh"", ""tanh"", ""swish""]]",3,15,72,False
d775185bb3bc,"[[""tanh"", ""tanh"", ""tanh"", ""tanh"", ""tanh"", ""swish"", ""swish"", ""linear""], [""tanh"", ""tanh"", ""swish""], [""tanh"", ""tanh"", ""tanh"", ""swish""]]",3,15,72,False
5404b4012dee,"[[""tanh"", ""tanh"", ""tanh"", ""tanh"", ""tanh"", ""tanh"", ""tanh"", ""tanh""], [""tanh"", ""tanh"", ""tanh""], [""tanh"", ""tanh"", ""tanh"", ""tanh"", ""tanh""]]",3,16,77,True
46b3d871660e,"[[""tanh"", ""tanh"", ""tanh"", ""tanh"", ""tanh"", ""swish"", ""swish"", ""swish""], [""tanh"", ""tanh"", ""swish""], [""tanh"", ""tanh"", ""tanh"", ""tanh"", ""swish""]]",3,16,77,False
28fb6468da91,"[[""tanh"", ""tanh"", ""tanh"", ""tanh"", ""tanh"", ""swish"", ""swish"", ""linear""], [""tanh"", ""tanh"", ""swish""], [""tanh"", ""tanh"", ""tanh"", ""swish"", ""linear""]]",3,16,77,False
dac024e5a3ba,"[[""tanh"", ""tanh"", ""tanh"", ""tanh"", ""tanh"", ""tanh"", ""tanh"", ""tanh""], [""tanh"", ""tanh"", ""tanh"", ""tanh""], [""tanh"", ""tanh""]]",3,14,73,True
d7afd944e20f,"[[""tanh"", ""tanh"", ""tanh"", ""tanh"", ""tanh"", ""swish"", ""swish"", ""swish""], [""tanh"", ""tanh"", ""tanh"", ""swish""], [""tanh"", ""tanh""]]",3,14,73,False
a3dca9add8d8,"[[""tanh"", ""tanh"", ""tanh"", ""tanh"", ""tanh"", ""swish"", ""swish"", ""linear""], [""tanh"", ""tanh"", ""tanh"", ""swish""], [""tanh"", ""tanh""]]",3,14,73,False
f6da02cc0275,"[[""tanh"", ""tanh"", ""tanh"", ""tanh"", ""tanh"", ""tanh"", ""tanh"", ""tanh""], [""tanh"", ""tanh"", ""tanh"", ""tanh""], [""tanh"", ""tanh"", ""tanh""]]",3,15,79,True
0768bbc3a6a7,"[[""tanh"", ""tanh"", ""tanh"", ""tanh"", ""tanh"", ""swish"", ""swish"", ""swish""], [""tanh"", ""tanh"", ""tanh"", ""swish""], [""tanh"", ""tanh"", ""swish""]]",3,15,79,False
23335d912386,"[[""tanh"", ""tanh"", ""tanh"", ""tanh"", ""tanh"", ""swish"", ""swish"", ""linear""], [""tanh"", ""tanh"", ""tanh"", ""swish""], [""tanh"", ""tanh"", ""swish""]]",3,15,79,False
3fd06feec572,"[[""tanh"", ""tanh"", ""tanh"", ""tanh"", ""tanh"", ""tanh"", ""tanh"", ""tanh""], [""tanh"", ""tanh"", ""tanh"", ""tanh""], [""tanh"", ""tanh"", ""tanh"", ""tanh""]]",3,16,85,True
3e295abaa0f1,"[[""tanh"", ""tanh"", ""tanh"", ""tanh"", ""tanh"", ""swish"", ""swish"", ""swish""], [""tanh"", ""tanh"", ""tanh"", ""swish""], [""tanh"", ""tanh"", ""tanh"", ""swish""]]",3,16,85,False
8ef5ef4510f2,"[[""tanh"", ""tanh"", ""tanh"", ""tanh"", ""tanh"", ""swish"", ""swish"", ""linear""], [""tanh"", ""tanh"", ""tanh"", ""swish""], [""tanh"", ""tanh"", ""tanh"", ""swish""]]",3,16,85,False
49b6e08e397e,"[[""tanh"", ""tanh"", ""tanh"", ""tanh"", ""tanh"", ""tanh"", ""tanh"", ""tanh""], [""tanh"", ""tanh"", ""tanh"", ""tanh"", ""tanh""], [""tanh"", ""tanh""]]",3,15,84,True
b3ab9c53153d,"[[""tanh"", ""tanh"", ""tanh"", ""tanh"", ""tanh"", ""swish"", ""swish"", ""swish""], [""tanh"", ""tanh"", ""tanh"", ""tanh"", ""swish""], [""tanh"", ""tanh""]]",3,15,84,False
1a7f2e769e17,"[[""tanh"", ""tanh"", ""tanh"", ""tanh"", ""tanh"", ""swish"", ""swish"", ""linear""], [""tanh"", ""tanh"", ""tanh"", ""swish"", ""linear""], [""tanh"", ""tanh""]]",3,15,84,False
3a4bb962f802,"[[""tanh"", ""tanh"", ""tanh"", ""tanh"", ""tanh"", ""tanh"", ""tanh"", ""tanh""], [""tanh"", ""tanh"", ""tanh"", ""tanh"", ""tanh""], [""tanh"", ""tanh"", ""tanh""]]",3,16,91,True
fbf1d71e2561,"[[""tanh"", ""tanh"", ""tanh"", ""tanh"", ""tanh"", ""swish"", ""swish"", ""swish""], [""tanh"", ""tanh"", ""tanh"", ""tanh"", ""swish""], [""tanh"", ""tanh"", ""swish""]]",3,16,91,False
b67e35a6af22,"[[""tanh"", ""tanh"", ""tanh"", ""tanh"", ""tanh"", ""swish"", ""swish"", ""linear""], [""tanh"", ""tanh"", ""tanh"", ""swish"", ""linear""], [""tanh"", ""tanh"", ""swish""]]",3,16,91,False
7ddfe9612fbd,"[[""tanh"", ""tanh"", ""tanh"", ""tanh"", ""tanh"", ""tanh"", ""tanh"", ""tanh""], [""tanh"", ""tanh"", ""tanh"", ""tanh"", ""tanh"", ""tanh""], [""tanh"", ""tanh""]]",3,16,95,True
3d0b0b950d96,"[[""tanh"", ""tanh"", ""tanh"", ""tanh"", ""tanh"", ""swish"", ""swish"", ""swish""], [""tanh"", ""tanh"", ""tanh"", ""tanh"", ""swish"", ""swish""], [""tanh"", ""tanh""]]",3,16,95,False
473d69beac09,"[[""tanh"", ""tanh"", ""tanh"", ""tanh"", ""tanh"", ""swish"", ""swish"", ""linear""], [""tanh"", ""tanh"", ""tanh"", ""tanh"", ""swish"", ""linear""], [""tanh"", ""tanh""]]",3,16,95,False
269441aa2121,"[[""tanh"", ""tanh"", ""tanh"", ""tanh"", ""tanh"", ""tanh"", ""tanh"", ""tanh"", ""tanh""], [""tanh"", ""tanh""], [""tanh"", ""tanh""]]",3,13,56,True
ddc104305ee6,"[[""tanh"", ""tanh"", ""tanh"", ""tanh"", ""tanh"", ""tanh"", ""swish"", ""swish"", ""swish""], [""tanh"", ""tanh""], [""tanh"", ""tanh""]]",3,13,56,False
8522953ca3c8,"[[""tanh"", ""tanh"", ""tanh"", ""tanh"", ""tanh"", ""tanh"", ""swish"", ""swish"", ""linear""], [""tanh"", ""tanh""], [""tanh"", ""tanh""]]",3,13,56,False
f5c475f40a80,"[[""tanh"", ""tanh"", ""tanh"", ""tanh"", ""tanh"", ""tanh"", ""tanh"", ""tanh"", ""tanh""], [""tanh"", ""tanh""], [""tanh"", ""tanh"", ""tanh""]]",3,14,60,True
8c932088612e,"[[""tanh"", ""tanh"", ""tanh"", ""tanh"", ""tanh"", ""tanh"", ""swish"", ""swish"", ""swish""], [""tanh"", ""tanh""], [""tanh"", ""tanh"", ""swish""]]",3,14,60,False
fe72ff30efd4,"[[""tanh"", ""tanh"", ""tanh"", ""tanh"", ""tanh"", ""tanh"", ""swish"", ""swish"", ""linear""], [""tanh"", ""tanh""], [""tanh"", ""tanh"", ""swish""]]",3,14,60,False
7741e911f68a,"[[""tanh"", ""tanh"", ""tanh"", ""tanh"", ""tanh"", ""tanh"", ""tanh"", ""tanh"", ""tanh""], [""tanh"", ""tanh""], [""tanh"", ""tanh"", ""tanh"", ""tanh""]]",3,15,64,True
ceb05c9ce16b,"[[""tanh"", ""tanh"", ""tanh"", ""tanh"", ""tanh"", ""tanh"", ""swish"", ""swish"", ""swish""], [""tanh"", ""tanh""], [""tanh"", ""tanh"", ""tanh"", ""swish""]]",3,15,64,False
9f14ff129bd2,"[[""tanh"", ""tanh"", ""tanh"", ""tanh"", ""tanh"", ""tanh"", ""swish"", ""swish"", ""linear""], [""tanh"", ""tanh""], [""tanh"", ""tanh"", ""tanh"", ""swish""]]",3,15,64,False
7ef86fb9e740,"[[""tanh"", ""tanh"", ""tanh"", ""tanh"", ""tanh"", ""tanh"", ""tanh"", ""tanh"", ""tanh""], [""tanh"", ""tanh""], [""tanh"", ""tanh"", ""tanh"", ""tanh"", ""tanh""]]",3,16,68,True
aca07d44488a,"[[""tanh"", ""tanh"", ""tanh"", ""tanh"", ""tanh"", ""tanh"", ""swish"", ""swish"", ""swish""], [""tanh"", ""tanh""], [""tanh"", ""tanh"", ""tanh"", ""tanh"", ""swish""]]",3,16,68,False
ea852826b2fa,"[[""tanh"", ""tanh"", ""tanh"", ""tanh"", ""tanh"", ""tanh"", ""swish"", ""swish"", ""linear""], [""tanh"", ""tanh""], [""tanh"", ""tanh"", ""tanh"", ""swish"", ""linear""]]",3,16,68,False
07428aca9fe0,"[[""tanh"", ""tanh"", ""tanh"", ""tanh"", ""tanh"", ""tanh"", ""tanh"", ""tanh"", ""tanh""], [""tanh"", ""tanh"", ""tanh""], [""tanh"", ""tanh""]]",3,14,68,True
9b311cff4941,"[[""tanh"", ""tanh"", ""tanh"", ""tanh"", ""tanh"", ""tanh"", ""swish"", ""swish"", ""swish""], [""tanh"", ""tanh"", ""swish""], [""tanh"", ""tanh""]]",3,14,68,False
e3ebef6a71d8,"[[""tanh"", ""tanh"", ""tanh"", ""tanh"", ""tanh"", ""tanh"", ""swish"", ""swish"", ""linear""], [""tanh"", ""tanh"", ""swish""], [""tanh"", ""tanh""]]",3,14,68,False
503eaccda1a8,"[[""tanh"", ""tanh"", ""tanh"", ""tanh"", ""tanh"", ""tanh"", ""tanh"", ""tanh"", ""tanh""], [""tanh"", ""tanh"", ""tanh""], [""tanh"", ""tanh"", ""tanh""]]",3,15,73,True
4a9a5a9c9109,"[[""tanh"", ""tanh"", ""tanh"", ""tanh"", ""tanh"", ""tanh"", ""swish"", ""swish"", ""swish""], [""tanh"", ""tanh"", ""swish""], [""tanh"", ""tanh"", ""swish""]]",3,15,73,False
bf0a7395a103,"[[""tanh"", ""tanh"", ""tanh"", ""tanh"", ""tanh"", ""tanh"", ""swish"", ""swish"", ""linear""], [""tanh"", ""tanh"", ""swish""], [""tanh"", ""tanh"", ""swish""]]",3,15,73,False
f51ef7722a27,"[[""tanh"", ""tanh"", ""tanh"", ""tanh"", ""tanh"", ""tanh"", ""tanh"", ""tanh"", ""tanh""], [""tanh"", ""tanh"", ""tanh""], [""tanh"", ""tanh"", ""tanh"", ""tanh""]]",3,16,78,True
7cb6e97182bb,"[[""tanh"", ""tanh"", ""tanh"", ""tanh"", ""tanh"", ""tanh"", ""swish"", ""swish"", ""swish""], [""tanh"", ""tanh"", ""swish""], [""tanh"", ""tanh"", ""tanh"", ""swish""]]",3,16,78,False
6d5ed174ef0a,"[[""tanh"", ""tanh"", ""tanh"", ""tanh"", ""tanh"", ""tanh"", ""swish"", ""swish"", ""linear""], [""tanh"", ""tanh"", ""swish""], [""tanh"", ""tanh"", ""tanh"", ""swish""]]",3,16,78,False
afa9113c5ac3,"[[""tanh"", ""tanh"", ""tanh"", ""tanh"", ""tanh"", ""tanh"", ""tanh"", ""tanh"", ""tanh""], [""tanh"", ""tanh"", ""tanh"", ""tanh""], [""tanh"", ""tanh""]]",3,15,80,True
8753ac18773e,"[[""tanh"", ""tanh"", ""tanh"", ""tanh"", ""tanh"", ""tanh"", ""swish"", ""swish"", ""swish""], [""tanh"", ""tanh"", ""tanh"", ""swish""], [""tanh"", ""tanh""]]",3,15,80,False
493d64236ab0,"[[""tanh"", ""tanh"", ""tanh"", ""tanh"", ""tanh"", ""tanh"", ""swish"", ""swish"", ""linear""], [""tanh"", ""tanh"", ""tanh"", ""swish""], [""tanh"", ""tanh""]]",3,15,80,False
b8b700bd3aed,"[[""tanh"", ""tanh"", ""tanh"", ""tanh"", ""tanh"", ""tanh"", ""tanh"", ""tanh"", ""tanh""], [""tanh"", ""tanh"", ""tanh"", ""tanh""], [""tanh"", ""tanh"", ""tanh""]]",3,16,86,True
374bb00c195d,"[[""tanh"", ""tanh"", ""tanh"", ""tanh"", ""tanh"", ""tanh"", ""swish"", ""swish"", ""swish""], [""tanh"", ""tanh"", ""tanh"", ""swish""], [""tanh"", ""tanh"", ""swish""]]",3,16,86,False
7c5f0769dca1,"[[""tanh"", ""tanh"", ""tanh"", ""tanh"", ""tanh"", ""tanh"", ""swish"", ""swish"", ""linear""], [""tanh"", ""tanh"", ""tanh"", ""swish""], [""tanh"", ""tanh"", ""swish""]]",3,16,86,False
826bda5812d2,"[[""tanh"", ""tanh"", ""tanh"", ""tanh"", ""tanh"", ""tanh"", ""tanh"", ""tanh"", ""tanh""], [""tanh"", ""tanh"", ""tanh"", ""tanh"", ""tanh""], [""tanh"", ""tanh""]]",3,16,92,True
60c36683b34f,"[[""tanh"", ""tanh"", ""tanh"", ""tanh"", ""tanh"", ""tanh"", ""swish"", ""swish"", ""swish""], [""tanh"", ""tanh"", ""tanh"", ""tanh"", ""swish""], [""tanh"", ""tanh""]]",3,16,92,False
a36b78e6b52b,"[[""tanh"", ""tanh"", ""tanh"", ""tanh"", ""tanh"", ""tanh"", ""swish"", ""swish"", ""linear""], [""tanh"", ""tanh"", ""tanh"", ""swish"", ""linear""], [""tanh"", ""tanh""]]",3,16,92,False
d1f7a9c0025e,"[[""tanh"", ""tanh"", ""tanh"", ""tanh"", ""tanh"", ""tanh"", ""tanh"", ""tanh"", ""tanh"", ""tanh""], [""tanh"", ""tanh""], [""tanh"", ""tanh""]]",3,14,61,True
d619ec9d301c,"[[""tanh"", ""tanh"", ""tanh"", ""tanh"", ""tanh"", ""tanh"", ""swish"", ""swish"", ""swish"", ""linear""], [""tanh"", ""tanh""], [""tanh"", ""tanh""]]",3,14,61,False
c9a9681976d2,"[[""tanh"", ""tanh"", ""tanh"", ""tanh"", ""tanh"", ""tanh"", ""swish"", ""swish"", ""linear"", ""linear""], [""tanh"", ""tanh""], [""tanh"", ""tanh""]]",3,14,61,False
e356f72dcadb,"[[""tanh"", ""tanh"", ""tanh"", ""tanh"", ""tanh"", ""tanh"", ""tanh"", ""tanh"", ""tanh"", ""tanh""], [""tanh"", ""tanh""], [""tanh"", ""tanh"", ""tanh""]]",3,15,65,True
b621e866be7b,"[[""tanh"", ""tanh"", ""tanh"", ""tanh"", ""tanh"", ""tanh"", ""swish"", ""swish"", ""swish"", ""linear""], [""tanh"", ""tanh""], [""tanh"", ""tanh"", ""swish""]]",3,15,65,False
e1eec5ddb342,"[[""tanh"", ""tanh"", ""tanh"", ""tanh"", ""tanh"", ""tanh"", ""swish"", ""swish"", ""linear"", ""linear""], [""tanh"", ""tanh""], [""tanh"", ""tanh"", ""swish""]]",3,15,65,False
9523ac3403a8,"[[""tanh"", ""tanh"", ""tanh"", ""tanh"", ""tanh"", ""tanh"", ""tanh"", ""tanh"", ""tanh"", ""tanh""], [""tanh"", ""tanh""], [""tanh"", ""tanh"", ""tanh"", ""tanh""]]",3,16,69,True
640553fccfc3,"[[""tanh"", ""tanh"", ""tanh"", ""tanh"", ""tanh"", ""tanh"", ""swish"", ""swish"", ""swish"", ""linear""], [""tanh"", ""tanh""], [""tanh"", ""tanh"", ""tanh"", ""swish""]]",3,16,69,False
dec9f4c1d867,"[[""tanh"", ""tanh"", ""tanh"", ""tanh"", ""tanh"", ""tanh"", ""swish"", ""swish"", ""linear"", ""linear""], [""tanh"", ""tanh""], [""tanh"", ""tanh"", ""tanh"", ""swish""]]",3,16,69,False
54eb48d20402,"[[""tanh"", ""tanh"", ""tanh"", ""tanh"", ""tanh"", ""tanh"", ""tanh"", ""tanh"", ""tanh"", ""tanh""], [""tanh"", ""tanh"", ""tanh""], [""tanh"", ""tanh""]]",3,15,74,True
7e7354ffb497,"[[""tanh"", ""tanh"", ""tanh"", ""tanh"", ""tanh"", ""tanh"", ""swish"", ""swish"", ""swish"", ""linear""], [""tanh"", ""tanh"", ""swish""], [""tanh"", ""tanh""]]",3,15,74,False
7226fccbdc9a,"[[""tanh"", ""tanh"", ""tanh"", ""tanh"", ""tanh"", ""tanh"", ""swish"", ""swish"", ""linear"", ""linear""], [""tanh"", ""tanh"", ""swish""], [""tanh"", ""tanh""]]",3,15,74,False
135a775e5f28,"[[""tanh"", ""tanh"", ""tanh"", ""tanh"", ""tanh"", ""tanh"", ""tanh"", ""tanh"", ""tanh"", ""tanh""], [""tanh"", ""tanh"", ""tanh""], [""tanh"", ""tanh"", ""tanh""]]",3,16,79,True
397a56534c99,"[[""tanh"", ""tanh"", ""tanh"", ""tanh"", ""tanh"", ""tanh"", ""swish"", ""swish"", ""swish"", ""linear""], [""tanh"", ""tanh"", ""swish""], [""tanh"", ""tanh"", ""swish""]]",3,16,79,False
e679e2285fc4,"[[""tanh"", ""tanh"", ""tanh"", ""tanh"", ""tanh"", ""tanh"", ""swish"", ""swish"", ""linear"", ""linear""], [""tanh"", ""tanh"", ""swish""], [""tanh"", ""tanh"", ""swish""]]",3,16,79,False
b3d65fa0b58c,"[[""tanh"", ""tanh"", ""tanh"", ""tanh"", ""tanh"", ""tanh"", ""tanh"", ""tanh"", ""tanh"", ""tanh""], [""tanh"", ""tanh"", ""tanh"", ""tanh""], [""tanh"", ""tanh""]]",3,16,87,True
873d2f0c1ac8,"[[""tanh"", ""tanh"", ""tanh"", ""tanh"", ""tanh"", ""tanh"", ""swish"", ""swish"", ""swish"", ""linear""], [""tanh"", ""tanh"", ""tanh"", ""swish""], [""tanh"", ""tanh""]]",3,16,87,False
81c2e47d35d2,"[[""tanh"", ""tanh"", ""tanh"", ""tanh"", ""tanh"", ""tanh"", ""swish"", ""swish"", ""linear"", ""linear""], [""tanh"", ""tanh"", ""tanh"", ""swish""], [""tanh"", ""tanh""]]",3,16,87,False
e320d5915cf6,"[[""tanh"", ""tanh"", ""tanh"", ""tanh"", ""tanh"", ""tanh"", ""tanh"", ""tanh"", ""tanh"", ""tanh"", ""tanh""], [""tanh"", ""tanh""], [""tanh"", ""tanh""]]",3,15,66,True
9b2b9b128c41,"[[""tanh"", ""tanh"", ""tanh"", ""tanh"", ""tanh"", ""tanh"", ""tanh"", ""swish"", ""swish"", ""swish"", ""linear""], [""tanh"", ""tanh""], [""tanh"", ""tanh""]]",3,15,66,False
9f15b277daef,"[[""tanh"", ""tanh"", ""tanh"", ""tanh"", ""tanh"", ""tanh"", ""tanh"", ""swish"", ""swish"", ""linear"", ""linear""], [""tanh"", ""tanh""], [""tanh"", ""tanh""]]",3,15,66,False
6f16a69d9055,"[[""tanh"", ""tanh"", ""tanh"", ""tanh"", ""tanh"", ""tanh"", ""tanh"", ""tanh"", ""tanh"", ""tanh"", ""tanh""], [""tanh"", ""tanh""], [""tanh"", ""tanh"", ""tanh""]]",3,16,70,True
47b9b06a4e3d,"[[""tanh"", ""tanh"", ""tanh"", ""tanh"", ""tanh"", ""tanh"", ""tanh"", ""swish"", ""swish"", ""swish"", ""linear""], [""tanh"", ""tanh""], [""tanh"", ""tanh"", ""swish""]]",3,16,70,False
aff8975842a3,"[[""tanh"", ""tanh"", ""tanh"", ""tanh"", ""tanh"", ""tanh"", ""tanh"", ""swish"", ""swish"", ""linear"", ""linear""], [""tanh"", ""tanh""], [""tanh"", ""tanh"", ""swish""]]",3,16,70,False
c4643b04109c,"[[""tanh"", ""tanh"", ""tanh"", ""tanh"", ""tanh"", ""tanh"", ""tanh"", ""tanh"", ""tanh"", ""tanh"", ""tanh""], [""tanh"", ""tanh"", ""tanh""], [""tanh"", ""tanh""]]",3,16,80,True
cfa0079a409d,"[[""tanh"", ""tanh"", ""tanh"", ""tanh"", ""tanh"", ""tanh"", ""tanh"", ""swish"", ""swish"", ""swish"", ""linear""], [""tanh"", ""tanh"", ""swish""], [""tanh"", ""tanh""]]",3,16,80,False
0fc476975824,"[[""tanh"", ""tanh"", ""tanh"", ""tanh"", ""tanh"", ""tanh"", ""tanh"", ""swish"", ""swish"", ""linear"", ""linear""], [""tanh"", ""tanh"", ""swish""], [""tanh"", ""tanh""]]",3,16,80,False
7832bc9a2e18,"[[""tanh"", ""tanh"", ""tanh"", ""tanh"", ""tanh"", ""tanh"", ""tanh"", ""tanh"", ""tanh"", ""tanh"", ""tanh"", ""tanh""], [""tanh"", ""tanh""], [""tanh"", ""tanh""]]",3,16,71,True
fc04fb8543a3,"[[""tanh"", ""tanh"", ""tanh"", ""tanh"", ""tanh"", ""tanh"", ""tanh"", ""tanh"", ""swish"", ""swish"", ""swish"", ""linear""], [""tanh"", ""tanh""], [""tanh"", ""tanh""]]",3,16,71,False
a0ef502c9c51,"[[""tanh"", ""tanh"", ""tanh"", ""tanh"", ""tanh"", ""tanh"", ""tanh"", ""tanh"", ""swish"", ""swish"", ""linear"", ""linear""], [""tanh"", ""tanh""], [""tanh"", ""tanh""]]",3,16,71,False
