arch_hash,architecture,n_layers,n_neurons_total,n_params,tanh_only
04bd7b1a3f17,"[[""tanh"", ""tanh"", ""tanh"", ""tanh"", ""tanh"", ""tanh"", ""tanh"", ""tanh"", ""tanh"", ""tanh"", ""tanh"", ""tanh""]]",1,12,49,True
b07ba2f4ce1b,"[[""tanh"", ""tanh"", ""tanh"", ""tanh"", ""tanh"", ""tanh"", ""tanh"", ""tanh"", ""tanh""], [""tanh"", ""tanh"", ""tanh"", ""tanh"", ""tanh"", ""tanh""]]",2,15,94,True
5d4e6cf2b620,"[[""tanh"", ""tanh"", ""tanh"", ""tanh"", ""tanh"", ""tanh"", ""tanh"", ""tanh""], [""tanh"", ""tanh"", ""tanh"", ""tanh"", ""tanh"", ""tanh"", ""tanh"", ""tanh"", ""tanh"", ""tanh"", ""tanh"", ""tanh"", ""tanh"", ""tanh"", ""tanh""], [""tanh"", ""tanh"", ""tanh"", ""tanh"", ""tanh"", ""tanh"", ""tanh"", ""tanh"", ""tanh"", ""tanh"", ""tanh"", ""tanh"", ""tanh"", ""tanh""]]",3,37,398,True
274eb7e16336,"[[""tanh"", ""tanh"", ""tanh"", ""tanh"", ""tanh"", ""tanh"", ""tanh"", ""tanh"", ""tanh"", ""tanh"", ""tanh"", ""tanh"", ""tanh""]]",1,13,53,True
e01ddd815f13,"[[""tanh"", ""tanh"", ""tanh"", ""tanh"", ""tanh"", ""tanh""], [""tanh"", ""tanh"", ""tanh"", ""tanh"", ""tanh"", ""tanh"", ""tanh"", ""tanh""]]",2,14,83,True
c6793097a75d,"[[""tanh"", ""tanh"", ""tanh"", ""tanh"", ""tanh"", ""tanh"", ""tanh"", ""tanh"", ""tanh"", ""tanh"", ""tanh"", ""tanh"", ""tanh"", ""tanh"", ""tanh""], [""tanh"", ""tanh"", ""tanh"", ""tanh"", ""tanh"", ""tanh"", ""tanh"", ""tanh"", ""tanh""], [""tanh"", ""tanh"", ""tanh"", ""tanh"", ""tanh"", ""tanh"", ""tanh"", ""tanh"", ""tanh"", ""tanh""]]",3,34,300,True
9b20c5238869,"[[""tanh"", ""tanh"", ""tanh"", ""tanh"", ""tanh"", ""tanh""]]",1,6,25,True
34844de681b2,"[[""tanh"", ""tanh"", ""tanh"", ""tanh"", ""tanh"", ""tanh"", ""tanh"", ""tanh"", ""tanh"", ""tanh"", ""tanh"", ""tanh"", ""tanh"", ""tanh"", ""tanh""], [""tanh"", ""tanh"", ""tanh"", ""tanh"", ""tanh"", ""tanh"", ""tanh"", ""tanh"", ""tanh"", ""tanh"", ""tanh"", ""tanh""]]",2,27,250,True
e25b84234a6c,"[[""tanh"", ""tanh"", ""tanh"", ""tanh"", ""tanh"", ""tanh"", ""tanh"", ""tanh"", ""tanh"", ""tanh"", ""tanh"", ""tanh"", ""tanh"", ""tanh"", ""tanh"", ""tanh""], [""tanh"", ""tanh"", ""tanh"", ""tanh"", ""tanh"", ""tanh"", ""tanh"", ""tanh""], [""tanh"", ""tanh"", ""tanh"", ""tanh"", ""tanh"", ""tanh"", ""tanh"", ""tanh""]]",3,32,265,True
ef91ac773637,"[[""tanh"", ""tanh"", ""tanh"", ""tanh"", ""tanh"", ""tanh"", ""tanh"", ""tanh"", ""tanh"", ""tanh"", ""tanh"", ""tanh"", ""tanh"", ""tanh"", ""tanh"", ""tanh""]]",1,16,65,True
d226a24ed7d2,"[[""tanh"", ""tanh"", ""tanh"", ""tanh"", ""tanh"", ""tanh"", ""tanh"", ""tanh"", ""tanh"", ""tanh"", ""tanh"", ""tanh"", ""tanh""], [""tanh"", ""tanh"", ""tanh"", ""tanh"", ""tanh"", ""tanh"", ""tanh""]]",2,20,145,True
1b820a734d56,"[[""tanh"", ""tanh"", ""tanh"", ""tanh"", ""tanh"", ""tanh""], [""tanh"", ""tanh"", ""tanh"", ""tanh"", ""tanh"", ""tanh"", ""tanh"", ""tanh"", ""tanh"", ""tanh"", ""tanh"", ""tanh""], [""tanh"", ""tanh"", ""tanh"", ""tanh"", ""tanh"", ""tanh"", ""tanh""]]",3,25,201,True
c700f0d1742e,"[[""tanh"", ""tanh"", ""tanh"", ""tanh"", ""tanh"", ""tanh"", ""tanh"", ""tanh"", ""tanh""]]",1,9,37,True
841147d83804,"[[""tanh"", ""tanh"", ""tanh"", ""tanh"", ""tanh"", ""tanh"", ""tanh"", ""tanh"", ""tanh"", ""tanh"", ""tanh"", ""tanh""], [""tanh"", ""tanh"", ""tanh"", ""tanh"", ""tanh"", ""tanh""]]",2,18,121,True
befd06434e90,"[[""tanh"", ""tanh"", ""tanh"", ""tanh"", ""tanh"", ""tanh"", ""tanh"", ""tanh"", ""tanh"", ""tanh"", ""tanh"", ""tanh"", ""tanh""], [""tanh"", ""tanh"", ""tanh"", ""tanh"", ""tanh"", ""tanh"", ""tanh"", ""tanh"", ""tanh"", ""tanh"", ""tanh"", ""tanh"", ""tanh"", ""tanh"", ""tanh"", ""tanh""], [""tanh"", ""tanh"", ""tanh"", ""tanh"", ""tanh"", ""tanh"", ""tanh"", ""tanh""]]",3,37,408,True
8219418cf274,"[[""tanh"", ""tanh"", ""tanh"", ""tanh"", ""tanh"", ""tanh"", ""tanh"", ""tanh"", ""tanh"", ""tanh"", ""tanh""]]",1,11,45,True
7ae8e7c6c29a,"[[""tanh"", ""tanh"", ""tanh"", ""tanh"", ""tanh"", ""tanh"", ""tanh"", ""tanh"", ""tanh"", ""tanh"", ""tanh"", ""tanh"", ""tanh"", ""tanh"", ""tanh""], [""tanh"", ""tanh"", ""tanh"", ""tanh"", ""tanh"", ""tanh"", ""tanh"", ""tanh"", ""tanh"", ""tanh"", ""tanh"", ""tanh"", ""tanh"", ""tanh"", ""tanh""]]",2,30,301,True
9b4fbd39c895,"[[""tanh"", ""tanh"", ""tanh"", ""tanh"", ""tanh"", ""tanh""], [""tanh"", ""tanh"", ""tanh"", ""tanh"", ""tanh"", ""tanh"", ""tanh"", ""tanh"", ""tanh"", ""tanh"", ""tanh"", ""tanh"", ""tanh""], [""tanh"", ""tanh"", ""tanh"", ""tanh"", ""tanh"", ""tanh"", ""tanh"", ""tanh"", ""tanh"", ""tanh"", ""tanh"", ""tanh"", ""tanh"", ""tanh"", ""tanh""]]",3,34,335,True
a4624186c423,"[[""tanh"", ""tanh"", ""tanh"", ""tanh"", ""tanh"", ""tanh"", ""tanh"", ""tanh""]]",1,8,33,True
8bfe2fd8cbdf,"[[""tanh"", ""tanh"", ""tanh"", ""tanh"", ""tanh"", ""tanh""], [""tanh"", ""tanh"", ""tanh"", ""tanh"", ""tanh"", ""tanh"", ""tanh"", ""tanh"", ""tanh"", ""tanh""]]",2,16,99,True
7f1026160198,"[[""tanh"", ""tanh"", ""tanh"", ""tanh"", ""tanh"", ""tanh"", ""tanh"", ""tanh"", ""tanh"", ""tanh"", ""tanh"", ""tanh"", ""tanh""], [""tanh"", ""tanh"", ""tanh"", ""tanh"", ""tanh"", ""tanh"", ""tanh"", ""tanh""], [""tanh"", ""tanh"", ""tanh"", ""tanh"", ""tanh"", ""tanh"", ""tanh"", ""tanh"", ""tanh"", ""tanh"", ""tanh"", ""tanh"", ""tanh"", ""tanh"", ""tanh""]]",3,36,302,True
34d82b50437f,"[[""tanh"", ""tanh"", ""tanh"", ""tanh"", ""tanh"", ""tanh"", ""tanh"", ""tanh"", ""tanh"", ""tanh""]]",1,10,41,True
8f5e8e70ee6d,"[[""tanh"", ""tanh"", ""tanh"", ""tanh"", ""tanh"", ""tanh""], [""tanh"", ""tanh"", ""tanh"", ""tanh"", ""tanh"", ""tanh"", ""tanh"", ""tanh"", ""tanh""]]",2,15,91,True
49e305787a12,"[[""tanh"", ""tanh"", ""tanh"", ""tanh"", ""tanh"", ""tanh"", ""tanh"", ""tanh"", ""tanh"", ""tanh"", ""tanh""], [""tanh"", ""tanh"", ""tanh"", ""tanh"", ""tanh"", ""tanh"", ""tanh"", ""tanh"", ""tanh"", ""tanh"", ""tanh"", ""tanh"", ""tanh""], [""tanh"", ""tanh"", ""tanh"", ""tanh"", ""tanh"", ""tanh"", ""tanh"", ""tanh"", ""tanh"", ""tanh"", ""tanh"", ""tanh"", ""tanh"", ""tanh"", ""tanh""]]",3,39,415,True
82399d83e529,"[[""tanh"", ""tanh"", ""tanh"", ""tanh"", ""tanh"", ""tanh"", ""tanh"", ""tanh"", ""tanh"", ""tanh"", ""tanh"", ""tanh"", ""tanh"", ""tanh"", ""tanh""]]",1,15,61,True
9d061460be49,"[[""tanh"", ""tanh"", ""tanh"", ""tanh"", ""tanh"", ""tanh"", ""tanh"", ""tanh"", ""tanh"", ""tanh"", ""tanh"", ""tanh"", ""tanh"", ""tanh""], [""tanh"", ""tanh"", ""tanh"", ""tanh"", ""tanh"", ""tanh""]]",2,20,139,True
ef04a6934f3a,"[[""tanh"", ""tanh"", ""tanh"", ""tanh"", ""tanh"", ""tanh""], [""tanh"", ""tanh"", ""tanh"", ""tanh"", ""tanh"", ""tanh""], [""tanh"", ""tanh"", ""tanh"", ""tanh"", ""tanh"", ""tanh"", ""tanh""]]",3,19,117,True
9db7a12ac3a8,"[[""tanh"", ""tanh"", ""tanh"", ""tanh"", ""tanh"", ""tanh"", ""tanh""]]",1,7,29,True
f0f85d08aace,"[[""tanh"", ""tanh"", ""tanh"", ""tanh"", ""tanh"", ""tanh"", ""tanh"", ""tanh"", ""tanh"", ""tanh"", ""tanh"", ""tanh"", ""tanh"", ""tanh""], [""tanh"", ""tanh"", ""tanh"", ""tanh"", ""tanh"", ""tanh"", ""tanh"", ""tanh""]]",2,22,171,True
cb6a7eea54c8,"[[""tanh"", ""tanh"", ""tanh"", ""tanh"", ""tanh"", ""tanh"", ""tanh"", ""tanh"", ""tanh"", ""tanh"", ""tanh"", ""tanh"", ""tanh"", ""tanh"", ""tanh"", ""tanh""], [""tanh"", ""tanh"", ""tanh"", ""tanh"", ""tanh"", ""tanh"", ""tanh"", ""tanh"", ""tanh"", ""tanh"", ""tanh"", ""tanh"", ""tanh""], [""tanh"", ""tanh"", ""tanh"", ""tanh"", ""tanh"", ""tanh"", ""tanh"", ""tanh"", ""tanh"", ""tanh"", ""tanh"", ""tanh"", ""tanh"", ""tanh"", ""tanh"", ""tanh""]]",3,45,510,True
0a2d7dbd60ee,"[[""tanh"", ""tanh"", ""tanh"", ""tanh"", ""tanh"", ""tanh"", ""tanh"", ""tanh"", ""tanh"", ""tanh"", ""tanh"", ""tanh"", ""tanh"", ""tanh""]]",1,14,57,True
74673dc34444,"[[""tanh"", ""tanh"", ""tanh"", ""tanh"", ""tanh"", ""tanh""], [""tanh"", ""tanh"", ""tanh"", ""tanh"", ""tanh"", ""tanh""]]",2,12,67,True
aa7e17d81dc1,"[[""tanh"", ""tanh"", ""tanh"", ""tanh"", ""tanh"", ""tanh"", ""tanh""], [""tanh"", ""tanh"", ""tanh"", ""tanh"", ""tanh"", ""tanh"", ""tanh"", ""tanh""], [""tanh"", ""tanh"", ""tanh"", ""tanh"", ""tanh"", ""tanh"", ""tanh"", ""tanh"", ""tanh""]]",3,24,176,True
bc84f67ebbb4,"[[""tanh"", ""tanh"", ""tanh"", ""tanh"", ""tanh"", ""tanh"", ""tanh"", ""tanh"", ""tanh"", ""tanh"", ""tanh"", ""tanh"", ""tanh"", ""tanh"", ""tanh""], [""tanh"", ""tanh"", ""tanh"", ""tanh"", ""tanh"", ""tanh"", ""tanh"", ""tanh"", ""tanh"", ""tanh"", ""tanh"", ""tanh"", ""tanh""]]",2,28,267,True
db675fec8a80,"[[""tanh"", ""tanh"", ""tanh"", ""tanh"", ""tanh"", ""tanh"", ""tanh"", ""tanh"", ""tanh"", ""tanh"", ""tanh"", ""tanh"", ""tanh""], [""tanh"", ""tanh"", ""tanh"", ""tanh"", ""tanh"", ""tanh"", ""tanh"", ""tanh"", ""tanh"", ""tanh"", ""tanh"", ""tanh"", ""tanh"", ""tanh""], [""tanh"", ""tanh"", ""tanh"", ""tanh"", ""tanh"", ""tanh"", ""tanh""]]",3,34,348,True
67df73b04351,"[[""tanh"", ""tanh"", ""tanh"", ""tanh"", ""tanh"", ""tanh"", ""tanh"", ""tanh"", ""tanh""], [""tanh"", ""tanh"", ""tanh"", ""tanh"", ""tanh"", ""tanh"", ""tanh"", ""tanh"", ""tanh"", ""tanh""]]",2,19,138,True
3ebbc71abaef,"[[""tanh"", ""tanh"", ""tanh"", ""tanh"", ""tanh"", ""tanh"", ""tanh"", ""tanh"", ""tanh"", ""tanh""], [""tanh"", ""tanh"", ""tanh"", ""tanh"", ""tanh"", ""tanh"", ""tanh"", ""tanh"", ""tanh"", ""tanh"", ""tanh"", ""tanh""], [""tanh"", ""tanh"", ""tanh"", ""tanh"", ""tanh"", ""tanh"", ""tanh"", ""tanh"", ""tanh"", ""tanh"", ""tanh"", ""tanh"", ""tanh"", ""tanh""]]",3,36,359,True
09c2cc1ae747,"[[""tanh"", ""tanh"", ""tanh"", ""tanh"", ""tanh"", ""tanh"", ""tanh"", ""tanh""], [""tanh"", ""tanh"", ""tanh"", ""tanh"", ""tanh"", ""tanh"", ""tanh"", ""tanh""]]",2,16,105,True
a186b2ae4814,"[[""tanh"", ""tanh"", ""tanh"", ""tanh"", ""tanh"", ""tanh"", ""tanh"", ""tanh"", ""tanh"", ""tanh"", ""tanh"", ""tanh"", ""tanh"", ""tanh"", ""tanh"", ""tanh""], [""tanh"", ""tanh"", ""tanh"", ""tanh"", ""tanh"", ""tanh"", ""tanh"", ""tanh"", ""tanh"", ""tanh"", ""tanh"", ""tanh"", ""tanh"", ""tanh"", ""tanh""], [""tanh"", ""tanh"", ""tanh"", ""tanh"", ""tanh"", ""tanh"", ""tanh""]]",3,38,423,True
3dbd4dd1edf1,"[[""tanh"", ""tanh"", ""tanh"", ""tanh"", ""tanh"", ""tanh"", ""tanh"", ""tanh"", ""tanh"", ""tanh"", ""tanh"", ""tanh"", ""tanh"", ""tanh""], [""tanh"", ""tanh"", ""tanh"", ""tanh"", ""tanh"", ""tanh"", ""tanh""]]",2,21,155,True
322a6f3ecb80,"[[""tanh"", ""tanh"", ""tanh"", ""tanh"", ""tanh"", ""tanh"", ""tanh""], [""tanh"", ""tanh"", ""tanh"", ""tanh"", ""tanh"", ""tanh"", ""tanh"", ""tanh"", ""tanh"", ""tanh"", ""tanh"", ""tanh"", ""tanh"", ""tanh"", ""tanh""], [""tanh"", ""tanh"", ""tanh"", ""tanh"", ""tanh"", ""tanh"", ""tanh"", ""tanh"", ""tanh"", ""tanh"", ""tanh"", ""tanh"", ""tanh"", ""tanh"", ""tanh"", ""tanh""]]",3,38,414,True
28a1b7c53cfc,"[[""tanh"", ""tanh"", ""tanh"", ""tanh"", ""tanh"", ""tanh"", ""tanh"", ""tanh"", ""tanh"", ""tanh"", ""tanh"", ""tanh"", ""tanh"", ""tanh""], [""tanh"", ""tanh"", ""tanh"", ""tanh"", ""tanh"", ""tanh"", ""tanh"", ""tanh"", ""tanh"", ""tanh"", ""tanh"", ""tanh"", ""tanh"", ""tanh"", ""tanh""]]",2,29,283,True
03ba8cba2770,"[[""tanh"", ""tanh"", ""tanh"", ""tanh"", ""tanh"", ""tanh"", ""tanh"", ""tanh"", ""tanh"", ""tanh"", ""tanh"", ""tanh""], [""tanh"", ""tanh"", ""tanh"", ""tanh"", ""tanh"", ""tanh"", ""tanh"", ""tanh"", ""tanh"", ""tanh"", ""tanh""], [""tanh"", ""tanh"", ""tanh"", ""tanh"", ""tanh"", ""tanh"", ""tanh"", ""tanh""]]",3,31,284,True
ad9f1e8af28b,"[[""tanh"", ""tanh"", ""tanh"", ""tanh"", ""tanh"", ""tanh"", ""tanh"", ""tanh"", ""tanh"", ""tanh"", ""tanh""], [""tanh"", ""tanh"", ""tanh"", ""tanh"", ""tanh"", ""tanh"", ""tanh"", ""tanh"", ""tanh"", ""tanh"", ""tanh"", ""tanh"", ""tanh"", ""tanh"", ""tanh"", ""tanh""]]",2,27,242,True
8a24216d2425,"[[""tanh"", ""tanh"", ""tanh"", ""tanh"", ""tanh"", ""tanh""], [""tanh"", ""tanh"", ""tanh"", ""tanh"", ""tanh"", ""tanh"", ""tanh""], [""tanh"", ""tanh"", ""tanh"", ""tanh"", ""tanh"", ""tanh"", ""tanh"", ""tanh"", ""tanh"", ""tanh"", ""tanh"", ""tanh"", ""tanh"", ""tanh"", ""tanh""]]",3,28,203,True
09e6499d318e,"[[""tanh"", ""tanh"", ""tanh"", ""tanh"", ""tanh"", ""tanh"", ""tanh"", ""tanh""], [""tanh"", ""tanh"", ""tanh"", ""tanh"", ""tanh"", ""tanh"", ""tanh"", ""tanh"", ""tanh""]]",2,17,115,True
e1d75e363916,"[[""tanh"", ""tanh"", ""tanh"", ""tanh"", ""tanh"", ""tanh"", ""tanh"", ""tanh"", ""tanh"", ""tanh"", ""tanh"", ""tanh"", ""tanh"", ""tanh"", ""tanh"", ""tanh""], [""tanh"", ""tanh"", ""tanh"", ""tanh"", ""tanh"", ""tanh"", ""tanh"", ""tanh"", ""tanh"", ""tanh"", ""tanh""], [""tanh"", ""tanh"", ""tanh"", ""tanh"", ""tanh"", ""tanh""]]",3,33,314,True
ff29c89cf1a5,"[[""tanh"", ""tanh"", ""tanh"", ""tanh"", ""tanh"", ""tanh"", ""tanh""], [""tanh"", ""tanh"", ""tanh"", ""tanh"", ""tanh"", ""tanh"", ""tanh"", ""tanh"", ""tanh"", ""tanh"", ""tanh"", ""tanh"", ""tanh"", ""tanh"", ""tanh""]]",2,22,157,True
7e0fa70baa05,"[[""tanh"", ""tanh"", ""tanh"", ""tanh"", ""tanh"", ""tanh"", ""tanh""], [""tanh"", ""tanh"", ""tanh"", ""tanh"", ""tanh"", ""tanh"", ""tanh"", ""tanh"", ""tanh"", ""tanh"", ""tanh""], [""tanh"", ""tanh"", ""tanh"", ""tanh"", ""tanh"", ""tanh"", ""tanh"", ""tanh"", ""tanh"", ""tanh"", ""tanh"", ""tanh"", ""tanh"", ""tanh""]]",3,32,292,True
1f4ae738c214,"[[""tanh"", ""tanh"", ""tanh"", ""tanh"", ""tanh"", ""tanh"", ""tanh""], [""tanh"", ""tanh"", ""tanh"", ""tanh"", ""tanh"", ""tanh"", ""tanh""]]",2,14,85,True
79a67ba10450,"[[""tanh"", ""tanh"", ""tanh"", ""tanh"", ""tanh"", ""tanh"", ""tanh""], [""tanh"", ""tanh"", ""tanh"", ""tanh"", ""tanh"", ""tanh"", ""tanh"", ""tanh"", ""tanh"", ""tanh"", ""tanh""], [""tanh"", ""tanh"", ""tanh"", ""tanh"", ""tanh"", ""tanh"", ""tanh"", ""tanh"", ""tanh"", ""tanh""]]",3,28,240,True
5860f31b726d,"[[""tanh"", ""tanh"", ""tanh"", ""tanh"", ""tanh"", ""tanh"", ""tanh"", ""tanh"", ""tanh"", ""tanh"", ""tanh"", ""tanh"", ""tanh"", ""tanh"", ""tanh""], [""tanh"", ""tanh"", ""tanh"", ""tanh"", ""tanh"", ""tanh"", ""tanh"", ""tanh""]]",2,23,182,True
8ffbfa6fe4ba,"[[""tanh"", ""tanh"", ""tanh"", ""tanh"", ""tanh"", ""tanh"", ""tanh"", ""tanh"", ""tanh"", ""tanh""], [""tanh"", ""tanh"", ""tanh"", ""tanh"", ""tanh"", ""tanh"", ""tanh"", ""tanh"", ""tanh"", ""tanh""], [""tanh"", ""tanh"", ""tanh"", ""tanh"", ""tanh"", ""tanh"", ""tanh"", ""tanh"", ""tanh"", ""tanh"", ""tanh"", ""tanh""]]",3,32,285,True
14bd3e76a3af,"[[""tanh"", ""tanh"", ""tanh"", ""tanh"", ""tanh"", ""tanh"", ""tanh"", ""tanh"", ""tanh"", ""tanh""], [""tanh"", ""tanh"", ""tanh"", ""tanh"", ""tanh"", ""tanh"", ""tanh""]]",2,17,115,True
4ae586254dc5,"[[""tanh"", ""tanh"", ""tanh"", ""tanh"", ""tanh"", ""tanh"", ""tanh"", ""tanh"", ""tanh"", ""tanh"", ""tanh"", ""tanh""], [""tanh"", ""tanh"", ""tanh"", ""tanh"", ""tanh"", ""tanh"", ""tanh""], [""tanh"", ""tanh"", ""tanh"", ""tanh"", ""tanh"", ""tanh"", ""tanh"", ""tanh"", ""tanh"", ""tanh"", ""tanh"", ""tanh"", ""tanh"", ""tanh""]]",3,33,254,True
3fdca8809641,"[[""tanh"", ""tanh"", ""tanh"", ""tanh"", ""tanh"", ""tanh"", ""tanh"", ""tanh"", ""tanh"", ""tanh"", ""tanh"", ""tanh"", ""tanh"", ""tanh""], [""tanh"", ""tanh"", ""tanh"", ""tanh"", ""tanh"", ""tanh"", ""tanh"", ""tanh"", ""tanh"", ""tanh"", ""tanh""]]",2,25,219,True
f4cd18c58c47,"[[""tanh"", ""tanh"", ""tanh"", ""tanh"", ""tanh"", ""tanh"", ""tanh"", ""tanh""], [""tanh"", ""tanh"", ""tanh"", ""tanh"", ""tanh"", ""tanh"", ""tanh"", ""tanh"", ""tanh"", ""tanh"", ""tanh""], [""tanh"", ""tanh"", ""tanh"", ""tanh"", ""tanh"", ""tanh"", ""tanh"", ""tanh"", ""tanh"", ""tanh"", ""tanh"", ""tanh"", ""tanh""]]",3,32,293,True
379c7744a6b3,"[[""tanh"", ""tanh"", ""tanh"", ""tanh"", ""tanh"", ""tanh"", ""tanh"", ""tanh"", ""tanh"", ""tanh"", ""tanh""], [""tanh"", ""tanh"", ""tanh"", ""tanh"", ""tanh"", ""tanh"", ""tanh""]]",2,18,125,True
d529c185a7a4,"[[""tanh"", ""tanh"", ""tanh"", ""tanh"", ""tanh"", ""tanh"", ""tanh""], [""tanh"", ""tanh"", ""tanh"", ""tanh"", ""tanh"", ""tanh"", ""tanh"", ""tanh"", ""tanh"", ""tanh"", ""tanh"", ""tanh"", ""tanh"", ""tanh"", ""tanh""], [""tanh"", ""tanh"", ""tanh"", ""tanh"", ""tanh"", ""tanh"", ""tanh"", ""tanh""]]",3,30,278,True
70c74bc74c80,"[[""tanh"", ""tanh"", ""tanh"", ""tanh"", ""tanh"", ""tanh"", ""tanh""], [""tanh"", ""tanh"", ""tanh"", ""tanh"", ""tanh"", ""tanh"", ""tanh"", ""tanh""]]",2,15,94,True
9b6533a853b0,"[[""tanh"", ""tanh"", ""tanh"", ""tanh"", ""tanh"", ""tanh"", ""tanh"", ""tanh"", ""tanh"", ""tanh"", ""tanh"", ""tanh"", ""tanh""], [""tanh"", ""tanh"", ""tanh"", ""tanh"", ""tanh"", ""tanh""], [""tanh"", ""tanh"", ""tanh"", ""tanh"", ""tanh"", ""tanh"", ""tanh"", ""tanh"", ""tanh"", ""tanh"", ""tanh"", ""tanh"", ""tanh"", ""tanh"", ""tanh"", ""tanh""]]",3,35,252,True
1dd70783587e,"[[""tanh"", ""tanh"", ""tanh"", ""tanh"", ""tanh"", ""tanh"", ""tanh"", ""tanh"", ""tanh"", ""tanh""], [""tanh"", ""tanh"", ""tanh"", ""tanh"", ""tanh"", ""tanh"", ""tanh"", ""tanh"", ""tanh"", ""tanh"", ""tanh"", ""tanh""]]",2,22,175,True
dfe5dcd666f5,"[[""tanh"", ""tanh"", ""tanh"", ""tanh"", ""tanh"", ""tanh"", ""tanh"", ""tanh"", ""tanh"", ""tanh"", ""tanh"", ""tanh"", ""tanh"", ""tanh"", ""tanh""], [""tanh"", ""tanh"", ""tanh"", ""tanh"", ""tanh"", ""tanh"", ""tanh"", ""tanh"", ""tanh"", ""tanh"", ""tanh""], [""tanh"", ""tanh"", ""tanh"", ""tanh"", ""tanh"", ""tanh"", ""tanh"", ""tanh"", ""tanh"", ""tanh"", ""tanh""]]",3,37,365,True
3c0589099a3b,"[[""tanh"", ""tanh"", ""tanh"", ""tanh"", ""tanh"", ""tanh"", ""tanh"", ""tanh"", ""tanh"", ""tanh""], [""tanh"", ""tanh"", ""tanh"", ""tanh"", ""tanh"", ""tanh"", ""tanh"", ""tanh""]]",2,18,127,True
c3519b375a7c,"[[""tanh"", ""tanh"", ""tanh"", ""tanh"", ""tanh"", ""tanh"", ""tanh"", ""tanh"", ""tanh"", ""tanh"", ""tanh""], [""tanh"", ""tanh"", ""tanh"", ""tanh"", ""tanh"", ""tanh"", ""tanh"", ""tanh"", ""tanh"", ""tanh"", ""tanh"", ""tanh"", ""tanh""], [""tanh"", ""tanh"", ""tanh"", ""tanh"", ""tanh"", ""tanh"", ""tanh"", ""tanh"", ""tanh"", ""tanh"", ""tanh"", ""tanh"", ""tanh"", ""tanh"", ""tanh"", ""tanh""]]",3,40,430,True
4d38a05f716e,"[[""tanh"", ""tanh"", ""tanh"", ""tanh"", ""tanh"", ""tanh"", ""tanh""], [""tanh"", ""tanh"", ""tanh"", ""tanh"", ""tanh"", ""tanh"", ""tanh"", ""tanh"", ""tanh"", ""tanh"", ""tanh"", ""tanh"", ""tanh""]]",2,20,139,True
d902e4256569,"[[""tanh"", ""tanh"", ""tanh"", ""tanh"", ""tanh"", ""tanh"", ""tanh"", ""tanh"", ""tanh"", ""tanh"", ""tanh""], [""tanh"", ""tanh"", ""tanh"", ""tanh"", ""tanh"", ""tanh"", ""tanh"", ""tanh"", ""tanh"", ""tanh""], [""tanh"", ""tanh"", ""tanh"", ""tanh"", ""tanh"", ""tanh"", ""tanh"", ""tanh"", ""tanh"", ""tanh"", ""tanh"", ""tanh"", ""tanh"", ""tanh""]]",3,35,322,True
675c842ee02d,"[[""tanh"", ""tanh"", ""tanh"", ""tanh"", ""tanh"", ""tanh"", ""tanh"", ""tanh"", ""tanh"", ""tanh"", ""tanh"", ""tanh"", ""tanh"", ""tanh"", ""tanh"", ""tanh""], [""tanh"", ""tanh"", ""tanh"", ""tanh"", ""tanh"", ""tanh"", ""tanh"", ""tanh"", ""tanh"", ""tanh"", ""tanh"", ""tanh""]]",2,28,265,True
f96bda5455d7,"[[""tanh"", ""tanh"", ""tanh"", ""tanh"", ""tanh"", ""tanh"", ""tanh"", ""tanh"", ""tanh"", ""tanh"", ""tanh"", ""tanh"", ""tanh"", ""tanh""], [""tanh"", ""tanh"", ""tanh"", ""tanh"", ""tanh"", ""tanh"", ""tanh"", ""tanh"", ""tanh"", ""tanh"", ""tanh""], [""tanh"", ""tanh"", ""tanh"", ""tanh"", ""tanh"", ""tanh"", ""tanh""]]",3,32,299,True
5fec934dd315,"[[""tanh"", ""tanh"", ""tanh"", ""tanh"", ""tanh"", ""tanh"", ""tanh"", ""tanh""], [""tanh"", ""tanh"", ""tanh"", ""tanh"", ""tanh"", ""tanh"", ""tanh"", ""tanh"", ""tanh"", ""tanh"", ""tanh"", ""tanh""]]",2,20,145,True
dfa383ea8e3e,"[[""tanh"", ""tanh"", ""tanh"", ""tanh"", ""tanh"", ""tanh"", ""tanh""], [""tanh"", ""tanh"", ""tanh"", ""tanh"", ""tanh"", ""tanh"", ""tanh"", ""tanh""], [""tanh"", ""tanh"", ""tanh"", ""tanh"", ""tanh"", ""tanh"", ""tanh"", ""tanh"", ""tanh"", ""tanh"", ""tanh"", ""tanh"", ""tanh"", ""tanh"", ""tanh""]]",3,30,236,True
c7bf8e58a3de,"[[""tanh"", ""tanh"", ""tanh"", ""tanh"", ""tanh"", ""tanh"", ""tanh"", ""tanh"", ""tanh"", ""tanh"", ""tanh"", ""tanh""], [""tanh"", ""tanh"", ""tanh"", ""tanh"", ""tanh"", ""tanh"", ""tanh"", ""tanh"", ""tanh"", ""tanh"", ""tanh"", ""tanh"", ""tanh"", ""tanh"", ""tanh""]]",2,27,247,True
dc0a42ad9bd9,"[[""tanh"", ""tanh"", ""tanh"", ""tanh"", ""tanh"", ""tanh"", ""tanh"", ""tanh"", ""tanh"", ""tanh"", ""tanh"", ""tanh"", ""tanh""], [""tanh"", ""tanh"", ""tanh"", ""tanh"", ""tanh"", ""tanh"", ""tanh"", ""tanh"", ""tanh"", ""tanh"", ""tanh"", ""tanh"", ""tanh"", ""tanh"", ""tanh"", ""tanh""], [""tanh"", ""tanh"", ""tanh"", ""tanh"", ""tanh"", ""tanh""]]",3,35,372,True
809562d24c9e,"[[""tanh"", ""tanh"", ""tanh"", ""tanh"", ""tanh"", ""tanh"", ""tanh"", ""tanh"", ""tanh""], [""tanh"", ""tanh"", ""tanh"", ""tanh"", ""tanh"", ""tanh"", ""tanh"", ""tanh"", ""tanh"", ""tanh"", ""tanh""]]",2,20,149,True
6f4fc5cf98f3,"[[""tanh"", ""tanh"", ""tanh"", ""tanh"", ""tanh"", ""tanh"", ""tanh"", ""tanh""], [""tanh"", ""tanh"", ""tanh"", ""tanh"", ""tanh"", ""tanh"", ""tanh"", ""tanh"", ""tanh"", ""tanh"", ""tanh"", ""tanh"", ""tanh"", ""tanh"", ""tanh"", ""tanh""], [""tanh"", ""tanh"", ""tanh"", ""tanh"", ""tanh"", ""tanh"", ""tanh"", ""tanh""]]",3,32,313,True
99ec5289d5e2,"[[""tanh"", ""tanh"", ""tanh"", ""tanh"", ""tanh"", ""tanh"", ""tanh"", ""tanh"", ""tanh"", ""tanh"", ""tanh"", ""tanh""], [""tanh"", ""tanh"", ""tanh"", ""tanh"", ""tanh"", ""tanh"", ""tanh"", ""tanh""]]",2,20,149,True
1c582d905152,"[[""tanh"", ""tanh"", ""tanh"", ""tanh"", ""tanh"", ""tanh"", ""tanh"", ""tanh"", ""tanh"", ""tanh"", ""tanh"", ""tanh"", ""tanh"", ""tanh"", ""tanh"", ""tanh""], [""tanh"", ""tanh"", ""tanh"", ""tanh"", ""tanh"", ""tanh"", ""tanh"", ""tanh"", ""tanh"", ""tanh"", ""tanh"", ""tanh"", ""tanh"", ""tanh"", ""tanh""], [""tanh"", ""tanh"", ""tanh"", ""tanh"", ""tanh"", ""tanh"", ""tanh"", ""tanh""]]",3,39,440,True
8076b99ae573,"[[""tanh"", ""tanh"", ""tanh"", ""tanh"", ""tanh"", ""tanh""], [""tanh"", ""tanh"", ""tanh"", ""tanh"", ""tanh"", ""tanh"", ""tanh"", ""tanh"", ""tanh"", ""tanh"", ""tanh"", ""tanh"", ""tanh"", ""tanh""]]",2,20,131,True
7d240ed537f8,"[[""tanh"", ""tanh"", ""tanh"", ""tanh"", ""tanh"", ""tanh"", ""tanh"", ""tanh"", ""tanh"", ""tanh"", ""tanh""], [""tanh"", ""tanh"", ""tanh"", ""tanh"", ""tanh"", ""tanh"", ""tanh"", ""tanh"", ""tanh"", ""tanh""], [""tanh"", ""tanh"", ""tanh"", ""tanh"", ""tanh"", ""tanh"", ""tanh"", ""tanh"", ""tanh"", ""tanh"", ""tanh"", ""tanh""]]",3,33,298,True
3926cfb4be6d,"[[""tanh"", ""tanh"", ""tanh"", ""tanh"", ""tanh"", ""tanh"", ""tanh"", ""tanh"", ""tanh"", ""tanh"", ""tanh"", ""tanh"", ""tanh""], [""tanh"", ""tanh"", ""tanh"", ""tanh"", ""tanh"", ""tanh"", ""tanh"", ""tanh""]]",2,21,160,True
b3a4c9ffee8b,"[[""tanh"", ""tanh"", ""tanh"", ""tanh"", ""tanh"", ""tanh"", ""tanh"", ""tanh"", ""tanh"", ""tanh"", ""tanh"", ""tanh"", ""tanh"", ""tanh"", ""tanh""], [""tanh"", ""tanh"", ""tanh"", ""tanh"", ""tanh"", ""tanh"", ""tanh"", ""tanh"", ""tanh"", ""tanh"", ""tanh"", ""tanh"", ""tanh"", ""tanh"", ""tanh"", ""tanh""], [""tanh"", ""tanh"", ""tanh"", ""tanh"", ""tanh"", ""tanh"", ""tanh"", ""tanh"", ""tanh""]]",3,40,464,True
f30476eeaaff,"[[""tanh"", ""tanh"", ""tanh"", ""tanh"", ""tanh"", ""tanh"", ""tanh"", ""tanh""], [""tanh"", ""tanh"", ""tanh"", ""tanh"", ""tanh"", ""tanh"", ""tanh"", ""tanh"", ""tanh"", ""tanh"", ""tanh""]]",2,19,135,True
a767104edb2f,"[[""tanh"", ""tanh"", ""tanh"", ""tanh"", ""tanh"", ""tanh"", ""tanh"", ""tanh"", ""tanh"", ""tanh"", ""tanh""], [""tanh"", ""tanh"", ""tanh"", ""tanh"", ""tanh"", ""tanh"", ""tanh"", ""tanh"", ""tanh"", ""tanh"", ""tanh"", ""tanh"", ""tanh"", ""tanh""], [""tanh"", ""tanh"", ""tanh"", ""tanh"", ""tanh"", ""tanh"", ""tanh"", ""tanh"", ""tanh"", ""tanh"", ""tanh"", ""tanh"", ""tanh"", ""tanh""]]",3,39,426,True
59716b8f9d55,"[[""tanh"", ""tanh"", ""tanh"", ""tanh"", ""tanh"", ""tanh"", ""tanh"", ""tanh"", ""tanh"", ""tanh"", ""tanh"", ""tanh"", ""tanh""], [""tanh"", ""tanh"", ""tanh"", ""tanh"", ""tanh"", ""tanh"", ""tanh"", ""tanh"", ""tanh"", ""tanh"", ""tanh"", ""tanh"", ""tanh"", ""tanh"", ""tanh"", ""tanh""]]",2,29,280,True
8b8533aaef96,"[[""tanh"", ""tanh"", ""tanh"", ""tanh"", ""tanh"", ""tanh"", ""tanh"", ""tanh"", ""tanh"", ""tanh""], [""tanh"", ""tanh"", ""tanh"", ""tanh"", ""tanh"", ""tanh"", ""tanh""], [""tanh"", ""tanh"", ""tanh"", ""tanh"", ""tanh"", ""tanh"", ""tanh"", ""tanh"", ""tanh"", ""tanh"", ""tanh"", ""tanh""]]",3,29,216,True
7cb5c4a0742c,"[[""tanh"", ""tanh"", ""tanh"", ""tanh"", ""tanh"", ""tanh"", ""tanh"", ""tanh"", ""tanh"", ""tanh"", ""tanh"", ""tanh"", ""tanh"", ""tanh""], [""tanh"", ""tanh"", ""tanh"", ""tanh"", ""tanh"", ""tanh"", ""tanh"", ""tanh"", ""tanh"", ""tanh""]]",2,24,203,True
cbe07b0c1def,"[[""tanh"", ""tanh"", ""tanh"", ""tanh"", ""tanh"", ""tanh"", ""tanh"", ""tanh"", ""tanh"", ""tanh"", ""tanh""], [""tanh"", ""tanh"", ""tanh"", ""tanh"", ""tanh"", ""tanh"", ""tanh"", ""tanh"", ""tanh"", ""tanh"", ""tanh"", ""tanh"", ""tanh"", ""tanh"", ""tanh"", ""tanh""], [""tanh"", ""tanh"", ""tanh"", ""tanh"", ""tanh"", ""tanh"", ""tanh"", ""tanh"", ""tanh"", ""tanh"", ""tanh"", ""tanh"", ""tanh""]]",3,40,460,True
d73dc2199f1e,"[[""tanh"", ""tanh"", ""tanh"", ""tanh"", ""tanh"", ""tanh"", ""tanh"", ""tanh"", ""tanh"", ""tanh"", ""tanh"", ""tanh""], [""tanh"", ""tanh"", ""tanh"", ""tanh"", ""tanh"", ""tanh"", ""tanh"", ""tanh"", ""tanh"", ""tanh"", ""tanh""]]",2,23,191,True
00a9184a2092,"[[""tanh"", ""tanh"", ""tanh"", ""tanh"", ""tanh"", ""tanh"", ""tanh"", ""tanh"", ""tanh"", ""tanh""], [""tanh"", ""tanh"", ""tanh"", ""tanh"", ""tanh"", ""tanh""], [""tanh"", ""tanh"", ""tanh"", ""tanh"", ""tanh"", ""tanh"", ""tanh"", ""tanh"", ""tanh"", ""tanh"", ""tanh"", ""tanh""]]",3,28,193,True
5be87f87320d,"[[""tanh"", ""tanh"", ""tanh"", ""tanh"", ""tanh"", ""tanh"", ""tanh""], [""tanh"", ""tanh"", ""tanh"", ""tanh"", ""tanh"", ""tanh"", ""tanh"", ""tanh"", ""tanh"", ""tanh"", ""tanh"", ""tanh"", ""tanh"", ""tanh"", ""tanh"", ""tanh""]]",2,23,166,True
5fcfe650268f,"[[""tanh"", ""tanh"", ""tanh"", ""tanh"", ""tanh"", ""tanh""], [""tanh"", ""tanh"", ""tanh"", ""tanh"", ""tanh"", ""tanh"", ""tanh"", ""tanh"", ""tanh"", ""tanh""], [""tanh"", ""tanh"", ""tanh"", ""tanh"", ""tanh"", ""tanh"", ""tanh"", ""tanh"", ""tanh"", ""tanh"", ""tanh"", ""tanh"", ""tanh""]]",3,29,245,True
fc457edf4a00,"[[""tanh"", ""tanh"", ""tanh"", ""tanh"", ""tanh"", ""tanh"", ""tanh"", ""tanh"", ""tanh"", ""tanh"", ""tanh"", ""tanh"", ""tanh""], [""tanh"", ""tanh"", ""tanh"", ""tanh"", ""tanh"", ""tanh"", ""tanh"", ""tanh"", ""tanh""]]",2,22,175,True
da25963e4e3f,"[[""tanh"", ""tanh"", ""tanh"", ""tanh"", ""tanh"", ""tanh"", ""tanh"", ""tanh""], [""tanh"", ""tanh"", ""tanh"", ""tanh"", ""tanh"", ""tanh"", ""tanh"", ""tanh"", ""tanh"", ""tanh"", ""tanh"", ""tanh"", ""tanh""], [""tanh"", ""tanh"", ""tanh"", ""tanh"", ""tanh"", ""tanh"", ""tanh"", ""tanh"", ""tanh"", ""tanh"", ""tanh""]]",3,32,307,True
bc2e42f2cb9d,"[[""tanh"", ""tanh"", ""tanh"", ""tanh"", ""tanh"", ""tanh"", ""tanh"", ""tanh"", ""tanh"", ""tanh"", ""tanh"", ""tanh"", ""tanh"", ""tanh""], [""tanh"", ""tanh"", ""tanh"", ""tanh"", ""tanh"", ""tanh"", ""tanh"", ""tanh"", ""tanh""]]",2,23,187,True
08904501fa0d,"[[""tanh"", ""tanh"", ""tanh"", ""tanh"", ""tanh"", ""tanh"", ""tanh""], [""tanh"", ""tanh"", ""tanh"", ""tanh"", ""tanh"", ""tanh""], [""tanh"", ""tanh"", ""tanh"", ""tanh"", ""tanh"", ""tanh"", ""tanh"", ""tanh"", ""tanh"", ""tanh"", ""tanh"", ""tanh""]]",3,25,166,True
b98120e9219d,"[[""tanh"", ""tanh"", ""tanh"", ""tanh"", ""tanh"", ""tanh"", ""tanh"", ""tanh"", ""tanh"", ""tanh"", ""tanh"", ""tanh"", ""tanh""], [""tanh"", ""tanh"", ""tanh"", ""tanh"", ""tanh"", ""tanh"", ""tanh"", ""tanh"", ""tanh"", ""tanh"", ""tanh"", ""tanh""]]",2,25,220,True
9ad590ccf6b5,"[[""tanh"", ""tanh"", ""tanh"", ""tanh"", ""tanh"", ""tanh""], [""tanh"", ""tanh"", ""tanh"", ""tanh"", ""tanh"", ""tanh"", ""tanh"", ""tanh"", ""tanh"", ""tanh"", ""tanh"", ""tanh"", ""tanh"", ""tanh"", ""tanh"", ""tanh""], [""tanh"", ""tanh"", ""tanh"", ""tanh"", ""tanh"", ""tanh"", ""tanh"", ""tanh"", ""tanh"", ""tanh"", ""tanh"", ""tanh""]]",3,34,347,True
1cb75f06c2b0,"[[""tanh"", ""tanh"", ""tanh"", ""tanh"", ""tanh"", ""tanh"", ""tanh"", ""tanh"", ""tanh"", ""tanh"", ""tanh"", ""tanh"", ""tanh"", ""tanh""], [""tanh"", ""tanh"", ""tanh"", ""tanh"", ""tanh"", ""tanh"", ""tanh"", ""tanh"", ""tanh"", ""tanh"", ""tanh"", ""tanh"", ""tanh"", ""tanh"", ""tanh"", ""tanh""]]",2,30,299,True
2e017133215c,"[[""tanh"", ""tanh"", ""tanh"", ""tanh"", ""tanh"", ""tanh""], [""tanh"", ""tanh"", ""tanh"", ""tanh"", ""tanh"", ""tanh"", ""tanh"", ""tanh"", ""tanh"", ""tanh"", ""tanh"", ""tanh"", ""tanh""], [""tanh"", ""tanh"", ""tanh"", ""tanh"", ""tanh"", ""tanh"", ""tanh"", ""tanh"", ""tanh""]]",3,28,245,True
1c4df56777dc,"[[""tanh"", ""tanh"", ""tanh"", ""tanh"", ""tanh"", ""tanh"", ""tanh"", ""tanh"", ""tanh"", ""tanh"", ""tanh"", ""tanh"", ""tanh"", ""tanh"", ""tanh"", ""tanh""], [""tanh"", ""tanh"", ""tanh"", ""tanh"", ""tanh"", ""tanh"", ""tanh"", ""tanh"", ""tanh"", ""tanh"", ""tanh"", ""tanh"", ""tanh"", ""tanh""]]",2,30,301,True
2567e6973b5e,"[[""tanh"", ""tanh"", ""tanh"", ""tanh"", ""tanh"", ""tanh"", ""tanh"", ""tanh"", ""tanh"", ""tanh"", ""tanh""], [""tanh"", ""tanh"", ""tanh"", ""tanh"", ""tanh"", ""tanh"", ""tanh"", ""tanh"", ""tanh"", ""tanh"", ""tanh"", ""tanh""], [""tanh"", ""tanh"", ""tanh"", ""tanh"", ""tanh"", ""tanh""]]",3,29,262,True
e00c4d6a258c,"[[""tanh"", ""tanh"", ""tanh"", ""tanh"", ""tanh"", ""tanh"", ""tanh"", ""tanh"", ""tanh"", ""tanh"", ""tanh"", ""tanh"", ""tanh"", ""tanh"", ""tanh""], [""tanh"", ""tanh"", ""tanh"", ""tanh"", ""tanh"", ""tanh"", ""tanh"", ""tanh"", ""tanh"", ""tanh"", ""tanh""]]",2,26,233,True
de3f507dc921,"[[""tanh"", ""tanh"", ""tanh"", ""tanh"", ""tanh"", ""tanh"", ""tanh"", ""tanh"", ""tanh"", ""tanh"", ""tanh"", ""tanh"", ""tanh"", ""tanh"", ""tanh"", ""tanh""], [""tanh"", ""tanh"", ""tanh"", ""tanh"", ""tanh"", ""tanh"", ""tanh""], [""tanh"", ""tanh"", ""tanh"", ""tanh"", ""tanh"", ""tanh"", ""tanh"", ""tanh""]]",3,31,240,True
fe573e8ed672,"[[""tanh"", ""tanh"", ""tanh"", ""tanh"", ""tanh"", ""tanh""], [""tanh"", ""tanh"", ""tanh"", ""tanh"", ""tanh"", ""tanh"", ""tanh"", ""tanh"", ""tanh"", ""tanh"", ""tanh"", ""tanh"", ""tanh""]]",2,19,123,True
285e9a34e17a,"[[""tanh"", ""tanh"", ""tanh"", ""tanh"", ""tanh"", ""tanh"", ""tanh"", ""tanh"", ""tanh"", ""tanh"", ""tanh"", ""tanh"", ""tanh"", ""tanh""], [""tanh"", ""tanh"", ""tanh"", ""tanh"", ""tanh"", ""tanh"", ""tanh"", ""tanh"", ""tanh"", ""tanh"", ""tanh"", ""tanh"", ""tanh"", ""tanh""], [""tanh"", ""tanh"", ""tanh"", ""tanh"", ""tanh"", ""tanh"", ""tanh"", ""tanh"", ""tanh"", ""tanh"", ""tanh"", ""tanh"", ""tanh""]]",3,41,461,True
937f36d070f7,"[[""tanh"", ""tanh"", ""tanh"", ""tanh"", ""tanh"", ""tanh"", ""tanh"", ""tanh"", ""tanh"", ""tanh"", ""tanh"", ""tanh"", ""tanh""], [""tanh"", ""tanh"", ""tanh"", ""tanh"", ""tanh"", ""tanh"", ""tanh"", ""tanh"", ""tanh"", ""tanh"", ""tanh"", ""tanh"", ""tanh"", ""tanh""]]",2,27,250,True
4742d4ed3b28,"[[""tanh"", ""tanh"", ""tanh"", ""tanh"", ""tanh"", ""tanh"", ""tanh"", ""tanh"", ""tanh"", ""tanh"", ""tanh"", ""tanh"", ""tanh""], [""tanh"", ""tanh"", ""tanh"", ""tanh"", ""tanh"", ""tanh"", ""tanh"", ""tanh"", ""tanh"", ""tanh"", ""tanh""], [""tanh"", ""tanh"", ""tanh"", ""tanh"", ""tanh"", ""tanh"", ""tanh"", ""tanh""]]",3,32,298,True
283e4290c237,"[[""tanh"", ""tanh"", ""tanh"", ""tanh"", ""tanh"", ""tanh""], [""tanh"", ""tanh"", ""tanh"", ""tanh"", ""tanh"", ""tanh"", ""tanh"", ""tanh"", ""tanh"", ""tanh"", ""tanh""]]",2,17,107,True
539090a93493,"[[""tanh"", ""tanh"", ""tanh"", ""tanh"", ""tanh"", ""tanh"", ""tanh"", ""tanh"", ""tanh"", ""tanh"", ""tanh"", ""tanh"", ""tanh"", ""tanh""], [""tanh"", ""tanh"", ""tanh"", ""tanh"", ""tanh"", ""tanh"", ""tanh"", ""tanh"", ""tanh"", ""tanh"", ""tanh"", ""tanh"", ""tanh"", ""tanh"", ""tanh""], [""tanh"", ""tanh"", ""tanh"", ""tanh"", ""tanh"", ""tanh"", ""tanh"", ""tanh"", ""tanh"", ""tanh"", ""tanh"", ""tanh"", ""tanh"", ""tanh""]]",3,43,506,True
062c45f953f3,"[[""tanh"", ""tanh"", ""tanh"", ""tanh"", ""tanh"", ""tanh"", ""tanh"", ""tanh""], [""tanh"", ""tanh"", ""tanh"", ""tanh"", ""tanh"", ""tanh"", ""tanh"", ""tanh"", ""tanh"", ""tanh""]]",2,18,125,True
a370a064625d,"[[""tanh"", ""tanh"", ""tanh"", ""tanh"", ""tanh"", ""tanh"", ""tanh"", ""tanh""], [""tanh"", ""tanh"", ""tanh"", ""tanh"", ""tanh"", ""tanh"", ""tanh"", ""tanh"", ""tanh"", ""tanh"", ""tanh"", ""tanh"", ""tanh"", ""tanh"", ""tanh"", ""tanh""], [""tanh"", ""tanh"", ""tanh"", ""tanh"", ""tanh"", ""tanh"", ""tanh"", ""tanh"", ""tanh"", ""tanh""]]",3,34,349,True
cd0126a60d29,"[[""tanh"", ""tanh"", ""tanh"", ""tanh"", ""tanh"", ""tanh"", ""tanh"", ""tanh"", ""tanh"", ""tanh""], [""tanh"", ""tanh"", ""tanh"", ""tanh"", ""tanh"", ""tanh"", ""tanh"", ""tanh"", ""tanh"", ""tanh"", ""tanh"", ""tanh"", ""tanh""]]",2,23,187,True
aa4580eaf35e,"[[""tanh"", ""tanh"", ""tanh"", ""tanh"", ""tanh"", ""tanh"", ""tanh"", ""tanh"", ""tanh"", ""tanh"", ""tanh"", ""tanh"", ""tanh"", ""tanh""], [""tanh"", ""tanh"", ""tanh"", ""tanh"", ""tanh"", ""tanh"", ""tanh"", ""tanh""], [""tanh"", ""tanh"", ""tanh"", ""tanh"", ""tanh"", ""tanh"", ""tanh"", ""tanh"", ""tanh"", ""tanh"", ""tanh"", ""tanh"", ""tanh"", ""tanh""]]",3,36,303,True
f391389bb891,"[[""tanh"", ""tanh"", ""tanh"", ""tanh"", ""tanh"", ""tanh"", ""tanh"", ""tanh"", ""tanh"", ""tanh"", ""tanh"", ""tanh"", ""tanh"", ""tanh"", ""tanh""], [""tanh"", ""tanh"", ""tanh"", ""tanh"", ""tanh"", ""tanh"", ""tanh"", ""tanh"", ""tanh"", ""tanh"", ""tanh"", ""tanh"", ""tanh"", ""tanh""]]",2,29,284,True
b449d745cef2,"[[""tanh"", ""tanh"", ""tanh"", ""tanh"", ""tanh"", ""tanh""], [""tanh"", ""tanh"", ""tanh"", ""tanh"", ""tanh"", ""tanh"", ""tanh"", ""tanh"", ""tanh"", ""tanh"", ""tanh"", ""tanh"", ""tanh""], [""tanh"", ""tanh"", ""tanh"", ""tanh"", ""tanh"", ""tanh"", ""tanh"", ""tanh"", ""tanh"", ""tanh"", ""tanh""]]",3,30,275,True
a0571c140e62,"[[""tanh"", ""tanh"", ""tanh"", ""tanh"", ""tanh"", ""tanh"", ""tanh"", ""tanh"", ""tanh"", ""tanh"", ""tanh"", ""tanh"", ""tanh""], [""tanh"", ""tanh"", ""tanh"", ""tanh"", ""tanh"", ""tanh"", ""tanh"", ""tanh"", ""tanh"", ""tanh"", ""tanh""]]",2,24,205,True
4477cb820ee2,"[[""tanh"", ""tanh"", ""tanh"", ""tanh"", ""tanh"", ""tanh"", ""tanh"", ""tanh""], [""tanh"", ""tanh"", ""tanh"", ""tanh"", ""tanh"", ""tanh"", ""tanh"", ""tanh"", ""tanh""], [""tanh"", ""tanh"", ""tanh"", ""tanh"", ""tanh"", ""tanh"", ""tanh"", ""tanh"", ""tanh"", ""tanh"", ""tanh"", ""tanh"", ""tanh""]]",3,30,249,True
445bf743f623,"[[""tanh"", ""tanh"", ""tanh"", ""tanh"", ""tanh"", ""tanh"", ""tanh"", ""tanh"", ""tanh"", ""tanh"", ""tanh"", ""tanh"", ""tanh"", ""tanh"", ""tanh"", ""tanh""], [""tanh"", ""tanh"", ""tanh"", ""tanh"", ""tanh"", ""tanh"", ""tanh"", ""tanh"", ""tanh"", ""tanh"", ""tanh""]]",2,27,247,True
8977d62a34be,"[[""tanh"", ""tanh"", ""tanh"", ""tanh"", ""tanh"", ""tanh"", ""tanh"", ""tanh"", ""tanh"", ""tanh"", ""tanh"", ""tanh"", ""tanh"", ""tanh"", ""tanh"", ""tanh""], [""tanh"", ""tanh"", ""tanh"", ""tanh"", ""tanh"", ""tanh"", ""tanh"", ""tanh"", ""tanh"", ""tanh"", ""tanh"", ""tanh"", ""tanh"", ""tanh""], [""tanh"", ""tanh"", ""tanh"", ""tanh"", ""tanh"", ""tanh"", ""tanh"", ""tanh"", ""tanh"", ""tanh"", ""tanh"", ""tanh"", ""tanh""]]",3,43,495,True
dc89d74f84d0,"[[""tanh"", ""tanh"", ""tanh"", ""tanh"", ""tanh"", ""tanh"", ""tanh"", ""tanh"", ""tanh"", ""tanh"", ""tanh""], [""tanh"", ""tanh"", ""tanh"", ""tanh"", ""tanh"", ""tanh"", ""tanh"", ""tanh"", ""tanh"", ""tanh""]]",2,21,164,True
69f569ed8667,"[[""tanh"", ""tanh"", ""tanh"", ""tanh"", ""tanh"", ""tanh"", ""tanh"", ""tanh"", ""tanh"", ""tanh""], [""tanh"", ""tanh"", ""tanh"", ""tanh"", ""tanh"", ""tanh"", ""tanh"", ""tanh"", ""tanh"", ""tanh"", ""tanh"", ""tanh""], [""tanh"", ""tanh"", ""tanh"", ""tanh"", ""tanh"", ""tanh"", ""tanh"", ""tanh"", ""tanh""]]",3,31,289,True
1e32d57d72d0,"[[""tanh"", ""tanh"", ""tanh"", ""tanh"", ""tanh"", ""tanh"", ""tanh"", ""tanh"", ""tanh"", ""tanh"", ""tanh"", ""tanh""], [""tanh"", ""tanh"", ""tanh"", ""tanh"", ""tanh"", ""tanh"", ""tanh"", ""tanh"", ""tanh"", ""tanh""]]",2,22,177,True
ac9799046966,"[[""tanh"", ""tanh"", ""tanh"", ""tanh"", ""tanh"", ""tanh"", ""tanh"", ""tanh"", ""tanh"", ""tanh"", ""tanh"", ""tanh"", ""tanh"", ""tanh"", ""tanh""], [""tanh"", ""tanh"", ""tanh"", ""tanh"", ""tanh"", ""tanh"", ""tanh""], [""tanh"", ""tanh"", ""tanh"", ""tanh"", ""tanh"", ""tanh"", ""tanh"", ""tanh"", ""tanh"", ""tanh"", ""tanh"", ""tanh"", ""tanh"", ""tanh"", ""tanh"", ""tanh""]]",3,38,302,True
4de4d4865fd2,"[[""tanh"", ""tanh"", ""tanh"", ""tanh"", ""tanh"", ""tanh"", ""tanh"", ""tanh"", ""tanh"", ""tanh"", ""tanh"", ""tanh"", ""tanh"", ""tanh"", ""tanh""], [""tanh"", ""tanh"", ""tanh"", ""tanh"", ""tanh"", ""tanh"", ""tanh"", ""tanh"", ""tanh"", ""tanh"", ""tanh"", ""tanh"", ""tanh"", ""tanh"", ""tanh"", ""tanh""]]",2,31,318,True
616245f6195a,"[[""tanh"", ""tanh"", ""tanh"", ""tanh"", ""tanh"", ""tanh"", ""tanh"", ""tanh"", ""tanh"", ""tanh"", ""tanh"", ""tanh"", ""tanh"", ""tanh""], [""tanh"", ""tanh"", ""tanh"", ""tanh"", ""tanh"", ""tanh"", ""tanh"", ""tanh"", ""tanh"", ""tanh"", ""tanh""], [""tanh"", ""tanh"", ""tanh"", ""tanh"", ""tanh"", ""tanh"", ""tanh"", ""tanh"", ""tanh"", ""tanh""]]",3,35,338,True
163b175da305,"[[""tanh"", ""tanh"", ""tanh"", ""tanh"", ""tanh"", ""tanh""], [""tanh"", ""tanh"", ""tanh"", ""tanh"", ""tanh"", ""tanh"", ""tanh"", ""tanh"", ""tanh"", ""tanh"", ""tanh"", ""tanh"", ""tanh"", ""tanh"", ""tanh"", ""tanh""]]",2,22,147,True
abb2434437c0,"[[""tanh"", ""tanh"", ""tanh"", ""tanh"", ""tanh"", ""tanh"", ""tanh"", ""tanh"", ""tanh"", ""tanh"", ""tanh"", ""tanh"", ""tanh"", ""tanh"", ""tanh""], [""tanh"", ""tanh"", ""tanh"", ""tanh"", ""tanh"", ""tanh"", ""tanh"", ""tanh"", ""tanh"", ""tanh"", ""tanh"", ""tanh""], [""tanh"", ""tanh"", ""tanh"", ""tanh"", ""tanh"", ""tanh"", ""tanh""]]",3,34,336,True
ee67ca1e8cc6,"[[""tanh"", ""tanh"", ""tanh"", ""tanh"", ""tanh"", ""tanh"", ""tanh"", ""tanh"", ""tanh"", ""tanh"", ""tanh""], [""tanh"", ""tanh"", ""tanh"", ""tanh"", ""tanh"", ""tanh"", ""tanh"", ""tanh"", ""tanh"", ""tanh"", ""tanh"", ""tanh"", ""tanh"", ""tanh""]]",2,25,216,True
2857e41f7296,"[[""tanh"", ""tanh"", ""tanh"", ""tanh"", ""tanh"", ""tanh"", ""tanh"", ""tanh"", ""tanh"", ""tanh"", ""tanh"", ""tanh"", ""tanh"", ""tanh"", ""tanh""], [""tanh"", ""tanh"", ""tanh"", ""tanh"", ""tanh"", ""tanh"", ""tanh"", ""tanh"", ""tanh"", ""tanh"", ""tanh""], [""tanh"", ""tanh"", ""tanh"", ""tanh"", ""tanh"", ""tanh""]]",3,32,300,True
31118ad0c396,"[[""tanh"", ""tanh"", ""tanh"", ""tanh"", ""tanh"", ""tanh"", ""tanh"", ""tanh"", ""tanh"", ""tanh"", ""tanh"", ""tanh""], [""tanh"", ""tanh"", ""tanh"", ""tanh"", ""tanh"", ""tanh"", ""tanh"", ""tanh"", ""tanh"", ""tanh"", ""tanh"", ""tanh""]]",2,24,205,True
4ce80ac956ec,"[[""tanh"", ""tanh"", ""tanh"", ""tanh"", ""tanh"", ""tanh"", ""tanh"", ""tanh"", ""tanh"", ""tanh""], [""tanh"", ""tanh"", ""tanh"", ""tanh"", ""tanh"", ""tanh"", ""tanh"", ""tanh"", ""tanh"", ""tanh"", ""tanh"", ""tanh""], [""tanh"", ""tanh"", ""tanh"", ""tanh"", ""tanh"", ""tanh"", ""tanh"", ""tanh"", ""tanh"", ""tanh"", ""tanh"", ""tanh""]]",3,34,331,True
8e469253027d,"[[""tanh"", ""tanh"", ""tanh"", ""tanh"", ""tanh"", ""tanh"", ""tanh"", ""tanh""], [""tanh"", ""tanh"", ""tanh"", ""tanh"", ""tanh"", ""tanh"", ""tanh"", ""tanh"", ""tanh"", ""tanh"", ""tanh"", ""tanh"", ""tanh""]]",2,21,155,True
9a151500445b,"[[""tanh"", ""tanh"", ""tanh"", ""tanh"", ""tanh"", ""tanh"", ""tanh"", ""tanh"", ""tanh"", ""tanh"", ""tanh"", ""tanh"", ""tanh"", ""tanh"", ""tanh"", ""tanh""], [""tanh"", ""tanh"", ""tanh"", ""tanh"", ""tanh"", ""tanh"", ""tanh"", ""tanh"", ""tanh"", ""tanh"", ""tanh"", ""tanh"", ""tanh""], [""tanh"", ""tanh"", ""tanh"", ""tanh"", ""tanh"", ""tanh"", ""tanh"", ""tanh"", ""tanh""]]",3,38,405,True
7e6bdcf26e3f,"[[""tanh"", ""tanh"", ""tanh"", ""tanh"", ""tanh"", ""tanh"", ""tanh"", ""tanh"", ""tanh"", ""tanh"", ""tanh"", ""tanh""], [""tanh"", ""tanh"", ""tanh"", ""tanh"", ""tanh"", ""tanh"", ""tanh"", ""tanh"", ""tanh"", ""tanh"", ""tanh"", ""tanh"", ""tanh""]]",2,25,219,True
75cf0b4c2095,"[[""tanh"", ""tanh"", ""tanh"", ""tanh"", ""tanh"", ""tanh"", ""tanh"", ""tanh"", ""tanh""], [""tanh"", ""tanh"", ""tanh"", ""tanh"", ""tanh"", ""tanh"", ""tanh"", ""tanh"", ""tanh"", ""tanh"", ""tanh"", ""tanh""], [""tanh"", ""tanh"", ""tanh"", ""tanh"", ""tanh"", ""tanh"", ""tanh"", ""tanh"", ""tanh"", ""tanh"", ""tanh"", ""tanh""]]",3,33,316,True
b34f46db5725,"[[""tanh"", ""tanh"", ""tanh"", ""tanh"", ""tanh"", ""tanh"", ""tanh"", ""tanh"", ""tanh"", ""tanh"", ""tanh""], [""tanh"", ""tanh"", ""tanh"", ""tanh"", ""tanh"", ""tanh""]]",2,17,112,True
65836ab30766,"[[""tanh"", ""tanh"", ""tanh"", ""tanh"", ""tanh"", ""tanh""], [""tanh"", ""tanh"", ""tanh"", ""tanh"", ""tanh"", ""tanh"", ""tanh"", ""tanh"", ""tanh"", ""tanh""], [""tanh"", ""tanh"", ""tanh"", ""tanh"", ""tanh"", ""tanh"", ""tanh"", ""tanh"", ""tanh"", ""tanh""]]",3,26,209,True
0f02f97e056e,"[[""tanh"", ""tanh"", ""tanh"", ""tanh"", ""tanh"", ""tanh"", ""tanh"", ""tanh"", ""tanh"", ""tanh""], [""tanh"", ""tanh"", ""tanh"", ""tanh"", ""tanh"", ""tanh"", ""tanh"", ""tanh"", ""tanh"", ""tanh"", ""tanh"", ""tanh"", ""tanh"", ""tanh""]]",2,24,199,True
16560e5e2660,"[[""tanh"", ""tanh"", ""tanh"", ""tanh"", ""tanh"", ""tanh"", ""tanh""], [""tanh"", ""tanh"", ""tanh"", ""tanh"", ""tanh"", ""tanh"", ""tanh""], [""tanh"", ""tanh"", ""tanh"", ""tanh"", ""tanh"", ""tanh"", ""tanh"", ""tanh"", ""tanh"", ""tanh"", ""tanh"", ""tanh""]]",3,26,186,True
4ec607218bae,"[[""tanh"", ""tanh"", ""tanh"", ""tanh"", ""tanh"", ""tanh"", ""tanh"", ""tanh"", ""tanh"", ""tanh"", ""tanh"", ""tanh"", ""tanh"", ""tanh"", ""tanh""], [""tanh"", ""tanh"", ""tanh"", ""tanh"", ""tanh"", ""tanh"", ""tanh"", ""tanh"", ""tanh"", ""tanh""]]",2,25,216,True
d815b7c74f35,"[[""tanh"", ""tanh"", ""tanh"", ""tanh"", ""tanh"", ""tanh"", ""tanh"", ""tanh""], [""tanh"", ""tanh"", ""tanh"", ""tanh"", ""tanh"", ""tanh"", ""tanh"", ""tanh"", ""tanh"", ""tanh"", ""tanh""], [""tanh"", ""tanh"", ""tanh"", ""tanh"", ""tanh"", ""tanh"", ""tanh"", ""tanh"", ""tanh"", ""tanh"", ""tanh"", ""tanh"", ""tanh"", ""tanh"", ""tanh""]]",3,34,319,True
ff4a04bb260e,"[[""tanh"", ""tanh"", ""tanh"", ""tanh"", ""tanh"", ""tanh"", ""tanh"", ""tanh"", ""tanh""], [""tanh"", ""tanh"", ""tanh"", ""tanh"", ""tanh"", ""tanh"", ""tanh"", ""tanh"", ""tanh"", ""tanh"", ""tanh"", ""tanh"", ""tanh"", ""tanh"", ""tanh""]]",2,24,193,True
f20e5c7b6043,"[[""tanh"", ""tanh"", ""tanh"", ""tanh"", ""tanh"", ""tanh"", ""tanh"", ""tanh"", ""tanh"", ""tanh"", ""tanh"", ""tanh"", ""tanh"", ""tanh"", ""tanh""], [""tanh"", ""tanh"", ""tanh"", ""tanh"", ""tanh"", ""tanh"", ""tanh"", ""tanh"", ""tanh"", ""tanh""], [""tanh"", ""tanh"", ""tanh"", ""tanh"", ""tanh"", ""tanh"", ""tanh"", ""tanh"", ""tanh"", ""tanh""]]",3,35,326,True
d7337e807405,"[[""tanh"", ""tanh"", ""tanh"", ""tanh"", ""tanh"", ""tanh"", ""tanh""], [""tanh"", ""tanh"", ""tanh"", ""tanh"", ""tanh"", ""tanh"", ""tanh"", ""tanh"", ""tanh"", ""tanh"", ""tanh"", ""tanh""]]",2,19,130,True
76f1f158ed56,"[[""tanh"", ""tanh"", ""tanh"", ""tanh"", ""tanh"", ""tanh"", ""tanh"", ""tanh"", ""tanh"", ""tanh"", ""tanh"", ""tanh"", ""tanh"", ""tanh"", ""tanh""], [""tanh"", ""tanh"", ""tanh"", ""tanh"", ""tanh"", ""tanh"", ""tanh"", ""tanh"", ""tanh"", ""tanh""], [""tanh"", ""tanh"", ""tanh"", ""tanh"", ""tanh"", ""tanh"", ""tanh"", ""tanh"", ""tanh"", ""tanh"", ""tanh"", ""tanh"", ""tanh"", ""tanh""]]",3,39,374,True
ec75d11963da,"[[""tanh"", ""tanh"", ""tanh"", ""tanh"", ""tanh"", ""tanh"", ""tanh"", ""tanh"", ""tanh""], [""tanh"", ""tanh"", ""tanh"", ""tanh"", ""tanh"", ""tanh"", ""tanh"", ""tanh"", ""tanh"", ""tanh"", ""tanh"", ""tanh""]]",2,21,160,True
2a47f8cd3533,"[[""tanh"", ""tanh"", ""tanh"", ""tanh"", ""tanh"", ""tanh"", ""tanh"", ""tanh"", ""tanh"", ""tanh"", ""tanh"", ""tanh"", ""tanh""], [""tanh"", ""tanh"", ""tanh"", ""tanh"", ""tanh"", ""tanh"", ""tanh"", ""tanh"", ""tanh"", ""tanh"", ""tanh"", ""tanh"", ""tanh""], [""tanh"", ""tanh"", ""tanh"", ""tanh"", ""tanh"", ""tanh"", ""tanh"", ""tanh"", ""tanh"", ""tanh"", ""tanh"", ""tanh"", ""tanh"", ""tanh""]]",3,40,432,True
3f14aa15e1d1,"[[""tanh"", ""tanh"", ""tanh"", ""tanh"", ""tanh"", ""tanh"", ""tanh"", ""tanh"", ""tanh"", ""tanh"", ""tanh"", ""tanh"", ""tanh"", ""tanh"", ""tanh"", ""tanh""], [""tanh"", ""tanh"", ""tanh"", ""tanh"", ""tanh"", ""tanh"", ""tanh"", ""tanh""]]",2,24,193,True
8b44b9b12362,"[[""tanh"", ""tanh"", ""tanh"", ""tanh"", ""tanh"", ""tanh"", ""tanh"", ""tanh"", ""tanh""], [""tanh"", ""tanh"", ""tanh"", ""tanh"", ""tanh"", ""tanh"", ""tanh"", ""tanh"", ""tanh"", ""tanh"", ""tanh"", ""tanh"", ""tanh""], [""tanh"", ""tanh"", ""tanh"", ""tanh"", ""tanh"", ""tanh"", ""tanh"", ""tanh"", ""tanh"", ""tanh"", ""tanh"", ""tanh"", ""tanh"", ""tanh""]]",3,36,368,True
9cc6efbdcc5c,"[[""tanh"", ""tanh"", ""tanh"", ""tanh"", ""tanh"", ""tanh"", ""tanh"", ""tanh"", ""tanh"", ""tanh""], [""tanh"", ""tanh"", ""tanh"", ""tanh"", ""tanh"", ""tanh"", ""tanh"", ""tanh"", ""tanh"", ""tanh"", ""tanh"", ""tanh"", ""tanh"", ""tanh"", ""tanh""]]",2,25,211,True
0ccea393a49e,"[[""tanh"", ""tanh"", ""tanh"", ""tanh"", ""tanh"", ""tanh"", ""tanh"", ""swish"", ""swish"", ""swish"", ""linear""]]",1,11,45,False
6ba77103dce5,"[[""tanh"", ""tanh"", ""tanh"", ""tanh"", ""tanh"", ""tanh"", ""tanh"", ""tanh"", ""swish"", ""swish"", ""swish"", ""swish"", ""linear""], [""tanh"", ""tanh"", ""tanh"", ""tanh"", ""tanh"", ""tanh"", ""tanh"", ""tanh"", ""swish"", ""swish"", ""swish"", ""linear""]]",2,25,220,False
490630dde13f,"[[""tanh"", ""tanh"", ""tanh"", ""tanh"", ""tanh"", ""tanh"", ""tanh"", ""tanh"", ""tanh"", ""swish"", ""swish"", ""swish"", ""swish"", ""linear""], [""tanh"", ""tanh"", ""tanh"", ""tanh"", ""tanh"", ""tanh"", ""swish"", ""swish"", ""swish""], [""tanh"", ""tanh"", ""tanh"", ""tanh"", ""tanh"", ""swish"", ""swish""]]",3,30,255,False
e68f030e4217,"[[""tanh"", ""tanh"", ""tanh"", ""tanh"", ""tanh"", ""swish"", ""swish""]]",1,7,29,False
53ef415b9ed1,"[[""tanh"", ""tanh"", ""tanh"", ""tanh"", ""tanh"", ""tanh"", ""tanh"", ""tanh"", ""swish"", ""swish"", ""swish"", ""linear""], [""tanh"", ""tanh"", ""tanh"", ""tanh"", ""tanh"", ""swish"", ""swish"", ""swish""]]",2,20,149,False
7cc487c94933,"[[""tanh"", ""tanh"", ""tanh"", ""tanh"", ""tanh"", ""tanh"", ""swish"", ""swish"", ""swish"", ""linear""], [""tanh"", ""tanh"", ""tanh"", ""tanh"", ""tanh"", ""tanh"", ""tanh"", ""tanh"", ""swish"", ""swish"", ""swish"", ""linear""], [""tanh"", ""tanh"", ""tanh"", ""tanh"", ""tanh"", ""tanh"", ""tanh"", ""tanh"", ""swish"", ""swish"", ""swish"", ""swish"", ""linear""]]",3,35,345,False
1bba5a9ef633,"[[""tanh"", ""tanh"", ""tanh"", ""tanh"", ""tanh"", ""tanh"", ""tanh"", ""tanh"", ""tanh"", ""tanh"", ""swish"", ""swish"", ""swish"", ""swish"", ""swish"", ""linear""]]",1,16,65,False
433c3e768d1a,"[[""tanh"", ""tanh"", ""tanh"", ""tanh"", ""tanh"", ""tanh"", ""tanh"", ""tanh"", ""swish"", ""swish"", ""swish"", ""swish"", ""linear""], [""tanh"", ""tanh"", ""tanh"", ""tanh"", ""tanh"", ""tanh"", ""swish"", ""swish"", ""swish""]]",2,22,175,False
864078b2a27f,"[[""tanh"", ""tanh"", ""tanh"", ""tanh"", ""tanh"", ""tanh"", ""swish"", ""swish"", ""swish"", ""linear""], [""tanh"", ""tanh"", ""tanh"", ""tanh"", ""tanh"", ""tanh"", ""tanh"", ""tanh"", ""tanh"", ""tanh"", ""swish"", ""swish"", ""swish"", ""swish"", ""swish"", ""linear""], [""tanh"", ""tanh"", ""tanh"", ""tanh"", ""tanh"", ""tanh"", ""tanh"", ""tanh"", ""swish"", ""swish"", ""swish"", ""swish"", ""linear""]]",3,39,441,False
0cce37d01da9,"[[""tanh"", ""tanh"", ""tanh"", ""tanh"", ""swish"", ""swish""]]",1,6,25,False
a92e701a1659,"[[""tanh"", ""tanh"", ""tanh"", ""tanh"", ""tanh"", ""tanh"", ""tanh"", ""tanh"", ""tanh"", ""swish"", ""swish"", ""swish"", ""swish"", ""linear""], [""tanh"", ""tanh"", ""tanh"", ""tanh"", ""tanh"", ""tanh"", ""tanh"", ""tanh"", ""swish"", ""swish"", ""swish"", ""linear""]]",2,26,235,False
14c58c4f0087,"[[""tanh"", ""tanh"", ""tanh"", ""tanh"", ""tanh"", ""swish"", ""swish"", ""swish""], [""tanh"", ""tanh"", ""tanh"", ""tanh"", ""tanh"", ""tanh"", ""swish"", ""swish"", ""swish"", ""linear""], [""tanh"", ""tanh"", ""tanh"", ""tanh"", ""tanh"", ""swish"", ""swish""]]",3,25,199,False
b98b112b2887,"[[""tanh"", ""tanh"", ""tanh"", ""tanh"", ""tanh"", ""tanh"", ""swish"", ""swish"", ""swish""]]",1,9,37,False
a5206faefc45,"[[""tanh"", ""tanh"", ""tanh"", ""tanh"", ""tanh"", ""tanh"", ""tanh"", ""swish"", ""swish"", ""swish"", ""linear""], [""tanh"", ""tanh"", ""tanh"", ""tanh"", ""tanh"", ""tanh"", ""swish"", ""swish"", ""swish"", ""linear""]]",2,21,164,False
13e871abe76e,"[[""tanh"", ""tanh"", ""tanh"", ""tanh"", ""tanh"", ""tanh"", ""tanh"", ""tanh"", ""tanh"", ""swish"", ""swish"", ""swish"", ""swish"", ""linear""], [""tanh"", ""tanh"", ""tanh"", ""tanh"", ""tanh"", ""tanh"", ""tanh"", ""tanh"", ""swish"", ""swish"", ""swish"", ""swish"", ""linear""], [""tanh"", ""tanh"", ""tanh"", ""tanh"", ""tanh"", ""tanh"", ""tanh"", ""swish"", ""swish"", ""swish"", ""linear""]]",3,38,403,False
d24c855b0543,"[[""tanh"", ""tanh"", ""tanh"", ""tanh"", ""tanh"", ""swish"", ""swish"", ""swish""]]",1,8,33,False
6bcc1e698bd4,"[[""tanh"", ""tanh"", ""tanh"", ""tanh"", ""tanh"", ""tanh"", ""tanh"", ""tanh"", ""swish"", ""swish"", ""swish"", ""swish"", ""linear""], [""tanh"", ""tanh"", ""tanh"", ""tanh"", ""tanh"", ""tanh"", ""tanh"", ""tanh"", ""tanh"", ""tanh"", ""swish"", ""swish"", ""swish"", ""swish"", ""swish"", ""linear""]]",2,29,280,False
e0e78214eb44,"[[""tanh"", ""tanh"", ""tanh"", ""tanh"", ""tanh"", ""tanh"", ""swish"", ""swish"", ""swish""], [""tanh"", ""tanh"", ""tanh"", ""tanh"", ""tanh"", ""tanh"", ""swish"", ""swish"", ""swish"", ""linear""], [""tanh"", ""tanh"", ""tanh"", ""tanh"", ""tanh"", ""tanh"", ""tanh"", ""tanh"", ""tanh"", ""tanh"", ""swish"", ""swish"", ""swish"", ""swish"", ""swish"", ""linear""]]",3,35,320,False
ef1129954954,"[[""tanh"", ""tanh"", ""tanh"", ""tanh"", ""tanh"", ""tanh"", ""tanh"", ""tanh"", ""tanh"", ""tanh"", ""swish"", ""swish"", ""swish"", ""swish"", ""linear""]]",1,15,61,False
55235422ea51,"[[""tanh"", ""tanh"", ""tanh"", ""tanh"", ""tanh"", ""tanh"", ""swish"", ""swish"", ""swish""], [""tanh"", ""tanh"", ""tanh"", ""tanh"", ""tanh"", ""swish"", ""swish""]]",2,16,105,False
10afe27b133a,"[[""tanh"", ""tanh"", ""tanh"", ""tanh"", ""tanh"", ""tanh"", ""tanh"", ""tanh"", ""tanh"", ""tanh"", ""swish"", ""swish"", ""swish"", ""swish"", ""linear""], [""tanh"", ""tanh"", ""tanh"", ""tanh"", ""tanh"", ""tanh"", ""tanh"", ""tanh"", ""tanh"", ""tanh"", ""swish"", ""swish"", ""swish"", ""swish"", ""linear""], [""tanh"", ""tanh"", ""tanh"", ""tanh"", ""tanh"", ""swish"", ""swish""]]",3,37,405,False
fe6ac7ec2a86,"[[""tanh"", ""tanh"", ""tanh"", ""tanh"", ""tanh"", ""tanh"", ""swish"", ""swish"", ""swish"", ""linear""]]",1,10,41,False
608421be8a8d,"[[""tanh"", ""tanh"", ""tanh"", ""tanh"", ""tanh"", ""tanh"", ""swish"", ""swish"", ""swish""], [""tanh"", ""tanh"", ""tanh"", ""tanh"", ""tanh"", ""tanh"", ""tanh"", ""tanh"", ""tanh"", ""tanh"", ""swish"", ""swish"", ""swish"", ""swish"", ""linear""]]",2,24,193,False
be1058936225,"[[""tanh"", ""tanh"", ""tanh"", ""tanh"", ""tanh"", ""tanh"", ""tanh"", ""swish"", ""swish"", ""swish"", ""linear""], [""tanh"", ""tanh"", ""tanh"", ""tanh"", ""tanh"", ""tanh"", ""tanh"", ""tanh"", ""tanh"", ""tanh"", ""swish"", ""swish"", ""swish"", ""swish"", ""linear""], [""tanh"", ""tanh"", ""tanh"", ""tanh"", ""tanh"", ""tanh"", ""tanh"", ""tanh"", ""tanh"", ""tanh"", ""swish"", ""swish"", ""swish"", ""swish"", ""swish"", ""linear""]]",3,42,486,False
3c37bc0f2f70,"[[""tanh"", ""tanh"", ""tanh"", ""tanh"", ""tanh"", ""tanh"", ""tanh"", ""tanh"", ""tanh"", ""swish"", ""swish"", ""swish"", ""swish"", ""linear""]]",1,14,57,False
91d3fc07bb56,"[[""tanh"", ""tanh"", ""tanh"", ""tanh"", ""tanh"", ""swish"", ""swish"", ""swish""], [""tanh"", ""tanh"", ""tanh"", ""tanh"", ""tanh"", ""tanh"", ""tanh"", ""tanh"", ""tanh"", ""tanh"", ""swish"", ""swish"", ""swish"", ""swish"", ""swish"", ""linear""]]",2,24,185,False
bcaed9caa17a,"[[""tanh"", ""tanh"", ""tanh"", ""tanh"", ""tanh"", ""tanh"", ""tanh"", ""tanh"", ""tanh"", ""tanh"", ""swish"", ""swish"", ""swish"", ""swish"", ""swish"", ""linear""], [""tanh"", ""tanh"", ""tanh"", ""tanh"", ""tanh"", ""swish"", ""swish"", ""swish""], [""tanh"", ""tanh"", ""tanh"", ""tanh"", ""tanh"", ""tanh"", ""tanh"", ""tanh"", ""swish"", ""swish"", ""swish"", ""swish"", ""linear""]]",3,37,315,False
b3d64303f341,"[[""tanh"", ""tanh"", ""tanh"", ""tanh"", ""tanh"", ""tanh"", ""tanh"", ""tanh"", ""swish"", ""swish"", ""swish"", ""swish"", ""linear""]]",1,13,53,False
cb0f8cdecf41,"[[""tanh"", ""tanh"", ""tanh"", ""tanh"", ""tanh"", ""tanh"", ""tanh"", ""tanh"", ""swish"", ""swish"", ""swish"", ""linear""], [""tanh"", ""tanh"", ""tanh"", ""tanh"", ""tanh"", ""tanh"", ""tanh"", ""tanh"", ""tanh"", ""swish"", ""swish"", ""swish"", ""swish"", ""linear""]]",2,26,233,False
ab3c14518b3b,"[[""tanh"", ""tanh"", ""tanh"", ""tanh"", ""tanh"", ""tanh"", ""swish"", ""swish"", ""swish""], [""tanh"", ""tanh"", ""tanh"", ""tanh"", ""tanh"", ""tanh"", ""tanh"", ""tanh"", ""swish"", ""swish"", ""swish"", ""linear""], [""tanh"", ""tanh"", ""tanh"", ""tanh"", ""tanh"", ""swish"", ""swish""]]",3,28,246,False
9e97453395dc,"[[""tanh"", ""tanh"", ""tanh"", ""tanh"", ""tanh"", ""tanh"", ""tanh"", ""tanh"", ""swish"", ""swish"", ""swish"", ""linear""]]",1,12,49,False
fd8b0abc14fa,"[[""tanh"", ""tanh"", ""tanh"", ""tanh"", ""tanh"", ""swish"", ""swish"", ""swish""], [""tanh"", ""tanh"", ""tanh"", ""tanh"", ""tanh"", ""tanh"", ""tanh"", ""tanh"", ""tanh"", ""swish"", ""swish"", ""swish"", ""swish"", ""linear""]]",2,22,165,False
8b81e901d750,"[[""tanh"", ""tanh"", ""tanh"", ""tanh"", ""tanh"", ""tanh"", ""tanh"", ""tanh"", ""tanh"", ""swish"", ""swish"", ""swish"", ""swish"", ""linear""], [""tanh"", ""tanh"", ""tanh"", ""tanh"", ""tanh"", ""tanh"", ""swish"", ""swish"", ""swish""], [""tanh"", ""tanh"", ""tanh"", ""tanh"", ""tanh"", ""tanh"", ""tanh"", ""tanh"", ""tanh"", ""tanh"", ""swish"", ""swish"", ""swish"", ""swish"", ""linear""]]",3,38,343,False
1f0190332ea6,"[[""tanh"", ""tanh"", ""tanh"", ""tanh"", ""tanh"", ""swish"", ""swish"", ""swish""], [""tanh"", ""tanh"", ""tanh"", ""tanh"", ""tanh"", ""tanh"", ""tanh"", ""swish"", ""swish"", ""swish"", ""linear""]]",2,19,135,False
c7cbabcbe16c,"[[""tanh"", ""tanh"", ""tanh"", ""tanh"", ""tanh"", ""tanh"", ""tanh"", ""tanh"", ""swish"", ""swish"", ""swish"", ""linear""], [""tanh"", ""tanh"", ""tanh"", ""tanh"", ""tanh"", ""tanh"", ""tanh"", ""tanh"", ""tanh"", ""tanh"", ""swish"", ""swish"", ""swish"", ""swish"", ""swish"", ""linear""], [""tanh"", ""tanh"", ""tanh"", ""tanh"", ""tanh"", ""swish"", ""swish"", ""swish""]]",3,36,389,False
ce96cd17733c,"[[""tanh"", ""tanh"", ""tanh"", ""tanh"", ""tanh"", ""tanh"", ""tanh"", ""tanh"", ""tanh"", ""tanh"", ""swish"", ""swish"", ""swish"", ""swish"", ""swish"", ""linear""], [""tanh"", ""tanh"", ""tanh"", ""tanh"", ""tanh"", ""tanh"", ""swish"", ""swish"", ""swish"", ""linear""]]",2,26,229,False
ce865759c2f4,"[[""tanh"", ""tanh"", ""tanh"", ""tanh"", ""tanh"", ""tanh"", ""swish"", ""swish"", ""swish"", ""linear""], [""tanh"", ""tanh"", ""tanh"", ""tanh"", ""tanh"", ""swish"", ""swish"", ""swish""], [""tanh"", ""tanh"", ""tanh"", ""tanh"", ""tanh"", ""tanh"", ""tanh"", ""tanh"", ""tanh"", ""tanh"", ""swish"", ""swish"", ""swish"", ""swish"", ""linear""]]",3,33,269,False
0d013531488c,"[[""tanh"", ""tanh"", ""tanh"", ""tanh"", ""tanh"", ""tanh"", ""tanh"", ""tanh"", ""swish"", ""swish"", ""swish"", ""linear""], [""tanh"", ""tanh"", ""tanh"", ""tanh"", ""tanh"", ""tanh"", ""tanh"", ""tanh"", ""swish"", ""swish"", ""swish"", ""linear""]]",2,24,205,False
12257458fc60,"[[""tanh"", ""tanh"", ""tanh"", ""tanh"", ""swish"", ""swish""], [""tanh"", ""tanh"", ""tanh"", ""tanh"", ""tanh"", ""swish"", ""swish""], [""tanh"", ""tanh"", ""tanh"", ""tanh"", ""tanh"", ""tanh"", ""tanh"", ""tanh"", ""swish"", ""swish"", ""swish"", ""linear""]]",3,25,176,False
90cf5bc2cc04,"[[""tanh"", ""tanh"", ""tanh"", ""tanh"", ""tanh"", ""tanh"", ""swish"", ""swish"", ""swish"", ""linear""], [""tanh"", ""tanh"", ""tanh"", ""tanh"", ""tanh"", ""tanh"", ""swish"", ""swish"", ""swish""]]",2,19,139,False
c64e87741d68,"[[""tanh"", ""tanh"", ""tanh"", ""tanh"", ""tanh"", ""tanh"", ""tanh"", ""tanh"", ""tanh"", ""tanh"", ""swish"", ""swish"", ""swish"", ""swish"", ""linear""], [""tanh"", ""tanh"", ""tanh"", ""tanh"", ""tanh"", ""tanh"", ""tanh"", ""tanh"", ""swish"", ""swish"", ""swish"", ""swish"", ""linear""], [""tanh"", ""tanh"", ""tanh"", ""tanh"", ""swish"", ""swish""]]",3,34,344,False
7d724f816b21,"[[""tanh"", ""tanh"", ""tanh"", ""tanh"", ""tanh"", ""tanh"", ""tanh"", ""tanh"", ""swish"", ""swish"", ""swish"", ""swish"", ""linear""], [""tanh"", ""tanh"", ""tanh"", ""tanh"", ""tanh"", ""swish"", ""swish""]]",2,20,145,False
850ecaaf9b69,"[[""tanh"", ""tanh"", ""tanh"", ""tanh"", ""tanh"", ""swish"", ""swish"", ""swish""], [""tanh"", ""tanh"", ""tanh"", ""tanh"", ""swish"", ""swish""], [""tanh"", ""tanh"", ""tanh"", ""tanh"", ""tanh"", ""tanh"", ""tanh"", ""tanh"", ""tanh"", ""swish"", ""swish"", ""swish"", ""swish"", ""linear""]]",3,28,191,False
f20ea4de24ed,"[[""tanh"", ""tanh"", ""tanh"", ""tanh"", ""tanh"", ""tanh"", ""tanh"", ""swish"", ""swish"", ""swish"", ""linear""], [""tanh"", ""tanh"", ""tanh"", ""tanh"", ""tanh"", ""tanh"", ""tanh"", ""tanh"", ""tanh"", ""tanh"", ""swish"", ""swish"", ""swish"", ""swish"", ""swish"", ""linear""]]",2,27,242,False
7db30a885117,"[[""tanh"", ""tanh"", ""tanh"", ""tanh"", ""tanh"", ""tanh"", ""swish"", ""swish"", ""swish""], [""tanh"", ""tanh"", ""tanh"", ""tanh"", ""tanh"", ""tanh"", ""tanh"", ""tanh"", ""tanh"", ""tanh"", ""swish"", ""swish"", ""swish"", ""swish"", ""swish"", ""linear""], [""tanh"", ""tanh"", ""tanh"", ""tanh"", ""tanh"", ""tanh"", ""tanh"", ""swish"", ""swish"", ""swish"", ""linear""]]",3,36,386,False
5b3b43487bc0,"[[""tanh"", ""tanh"", ""tanh"", ""tanh"", ""tanh"", ""tanh"", ""tanh"", ""tanh"", ""tanh"", ""swish"", ""swish"", ""swish"", ""swish"", ""linear""], [""tanh"", ""tanh"", ""tanh"", ""tanh"", ""tanh"", ""tanh"", ""tanh"", ""swish"", ""swish"", ""swish"", ""linear""]]",2,25,219,False
e1294906fb44,"[[""tanh"", ""tanh"", ""tanh"", ""tanh"", ""tanh"", ""swish"", ""swish"", ""swish""], [""tanh"", ""tanh"", ""tanh"", ""tanh"", ""tanh"", ""tanh"", ""tanh"", ""tanh"", ""tanh"", ""tanh"", ""swish"", ""swish"", ""swish"", ""swish"", ""swish"", ""linear""], [""tanh"", ""tanh"", ""tanh"", ""tanh"", ""tanh"", ""swish"", ""swish"", ""swish""]]",3,32,313,False
1594cbd7c43f,"[[""tanh"", ""tanh"", ""tanh"", ""tanh"", ""tanh"", ""tanh"", ""tanh"", ""tanh"", ""swish"", ""swish"", ""swish"", ""linear""], [""tanh"", ""tanh"", ""tanh"", ""tanh"", ""tanh"", ""tanh"", ""tanh"", ""tanh"", ""tanh"", ""tanh"", ""swish"", ""swish"", ""swish"", ""swish"", ""linear""]]",2,27,247,False
ac797dcf3695,"[[""tanh"", ""tanh"", ""tanh"", ""tanh"", ""swish"", ""swish""], [""tanh"", ""tanh"", ""tanh"", ""tanh"", ""tanh"", ""swish"", ""swish"", ""swish""], [""tanh"", ""tanh"", ""tanh"", ""tanh"", ""swish"", ""swish""]]",3,20,135,False
1e9400a5c408,"[[""tanh"", ""tanh"", ""tanh"", ""tanh"", ""tanh"", ""tanh"", ""tanh"", ""tanh"", ""tanh"", ""tanh"", ""swish"", ""swish"", ""swish"", ""swish"", ""linear""], [""tanh"", ""tanh"", ""tanh"", ""tanh"", ""tanh"", ""tanh"", ""tanh"", ""tanh"", ""swish"", ""swish"", ""swish"", ""swish"", ""linear""]]",2,28,267,False
c9ddbe171af7,"[[""tanh"", ""tanh"", ""tanh"", ""tanh"", ""tanh"", ""tanh"", ""tanh"", ""swish"", ""swish"", ""swish"", ""linear""], [""tanh"", ""tanh"", ""tanh"", ""tanh"", ""tanh"", ""tanh"", ""tanh"", ""tanh"", ""tanh"", ""tanh"", ""swish"", ""swish"", ""swish"", ""swish"", ""linear""], [""tanh"", ""tanh"", ""tanh"", ""tanh"", ""tanh"", ""swish"", ""swish""]]",3,33,333,False
eb6d769bf62f,"[[""tanh"", ""tanh"", ""tanh"", ""tanh"", ""tanh"", ""tanh"", ""swish"", ""swish"", ""swish""], [""tanh"", ""tanh"", ""tanh"", ""tanh"", ""tanh"", ""tanh"", ""tanh"", ""swish"", ""swish"", ""swish"", ""linear""]]",2,20,149,False
1c2c892bd024,"[[""tanh"", ""tanh"", ""tanh"", ""tanh"", ""tanh"", ""tanh"", ""tanh"", ""tanh"", ""swish"", ""swish"", ""swish"", ""swish"", ""linear""], [""tanh"", ""tanh"", ""tanh"", ""tanh"", ""tanh"", ""tanh"", ""swish"", ""swish"", ""swish""], [""tanh"", ""tanh"", ""tanh"", ""tanh"", ""tanh"", ""tanh"", ""tanh"", ""tanh"", ""tanh"", ""tanh"", ""swish"", ""swish"", ""swish"", ""swish"", ""swish"", ""linear""]]",3,38,342,False
c2c4a65257e0,"[[""tanh"", ""tanh"", ""tanh"", ""tanh"", ""tanh"", ""tanh"", ""tanh"", ""swish"", ""swish"", ""swish"", ""linear""], [""tanh"", ""tanh"", ""tanh"", ""tanh"", ""tanh"", ""tanh"", ""tanh"", ""tanh"", ""swish"", ""swish"", ""swish"", ""swish"", ""linear""]]",2,24,203,False
b62460ba674e,"[[""tanh"", ""tanh"", ""tanh"", ""tanh"", ""tanh"", ""tanh"", ""tanh"", ""tanh"", ""swish"", ""swish"", ""swish"", ""swish"", ""linear""], [""tanh"", ""tanh"", ""tanh"", ""tanh"", ""tanh"", ""swish"", ""swish""], [""tanh"", ""tanh"", ""tanh"", ""tanh"", ""tanh"", ""tanh"", ""tanh"", ""tanh"", ""tanh"", ""tanh"", ""swish"", ""swish"", ""swish"", ""swish"", ""linear""]]",3,35,273,False
4adb09dfc98b,"[[""tanh"", ""tanh"", ""tanh"", ""tanh"", ""tanh"", ""tanh"", ""tanh"", ""swish"", ""swish"", ""swish"", ""linear""], [""tanh"", ""tanh"", ""tanh"", ""tanh"", ""tanh"", ""tanh"", ""tanh"", ""tanh"", ""swish"", ""swish"", ""swish"", ""linear""]]",2,23,190,False
b667993d5de5,"[[""tanh"", ""tanh"", ""tanh"", ""tanh"", ""tanh"", ""swish"", ""swish"", ""swish""], [""tanh"", ""tanh"", ""tanh"", ""tanh"", ""tanh"", ""tanh"", ""tanh"", ""tanh"", ""swish"", ""swish"", ""swish"", ""swish"", ""linear""], [""tanh"", ""tanh"", ""tanh"", ""tanh"", ""tanh"", ""tanh"", ""tanh"", ""swish"", ""swish"", ""swish"", ""linear""]]",3,32,307,False
7d038e451fd0,"[[""tanh"", ""tanh"", ""tanh"", ""tanh"", ""swish"", ""swish""], [""tanh"", ""tanh"", ""tanh"", ""tanh"", ""tanh"", ""tanh"", ""tanh"", ""swish"", ""swish"", ""swish"", ""linear""]]",2,17,107,False
12012d1b6700,"[[""tanh"", ""tanh"", ""tanh"", ""tanh"", ""tanh"", ""tanh"", ""tanh"", ""tanh"", ""tanh"", ""tanh"", ""swish"", ""swish"", ""swish"", ""swish"", ""swish"", ""linear""], [""tanh"", ""tanh"", ""tanh"", ""tanh"", ""tanh"", ""tanh"", ""tanh"", ""tanh"", ""tanh"", ""swish"", ""swish"", ""swish"", ""swish"", ""linear""], [""tanh"", ""tanh"", ""tanh"", ""tanh"", ""tanh"", ""swish"", ""swish""]]",3,37,399,False
e578f3e1132d,"[[""tanh"", ""tanh"", ""tanh"", ""tanh"", ""tanh"", ""tanh"", ""tanh"", ""tanh"", ""tanh"", ""swish"", ""swish"", ""swish"", ""swish"", ""linear""], [""tanh"", ""tanh"", ""tanh"", ""tanh"", ""tanh"", ""tanh"", ""tanh"", ""tanh"", ""swish"", ""swish"", ""swish"", ""swish"", ""linear""]]",2,27,251,False
294330b11a22,"[[""tanh"", ""tanh"", ""tanh"", ""tanh"", ""tanh"", ""swish"", ""swish""], [""tanh"", ""tanh"", ""tanh"", ""tanh"", ""swish"", ""swish""], [""tanh"", ""tanh"", ""tanh"", ""tanh"", ""tanh"", ""tanh"", ""swish"", ""swish"", ""swish""]]",3,22,142,False
b65e14aa96f2,"[[""tanh"", ""tanh"", ""tanh"", ""tanh"", ""tanh"", ""tanh"", ""tanh"", ""tanh"", ""tanh"", ""tanh"", ""swish"", ""swish"", ""swish"", ""swish"", ""swish"", ""linear""], [""tanh"", ""tanh"", ""tanh"", ""tanh"", ""tanh"", ""tanh"", ""tanh"", ""tanh"", ""swish"", ""swish"", ""swish"", ""linear""]]",2,28,265,False
62fe5d8225c3,"[[""tanh"", ""tanh"", ""tanh"", ""tanh"", ""tanh"", ""tanh"", ""tanh"", ""tanh"", ""tanh"", ""tanh"", ""swish"", ""swish"", ""swish"", ""swish"", ""swish"", ""linear""], [""tanh"", ""tanh"", ""tanh"", ""tanh"", ""tanh"", ""tanh"", ""tanh"", ""tanh"", ""swish"", ""swish"", ""swish"", ""swish"", ""linear""], [""tanh"", ""tanh"", ""tanh"", ""tanh"", ""tanh"", ""tanh"", ""tanh"", ""tanh"", ""tanh"", ""swish"", ""swish"", ""swish"", ""swish"", ""linear""]]",3,43,480,False
53debf430ff5,"[[""tanh"", ""tanh"", ""tanh"", ""tanh"", ""tanh"", ""tanh"", ""tanh"", ""tanh"", ""tanh"", ""tanh"", ""swish"", ""swish"", ""swish"", ""swish"", ""linear""], [""tanh"", ""tanh"", ""tanh"", ""tanh"", ""tanh"", ""tanh"", ""tanh"", ""tanh"", ""tanh"", ""tanh"", ""swish"", ""swish"", ""swish"", ""swish"", ""linear""]]",2,30,301,False
4c4dd2233cdf,"[[""tanh"", ""tanh"", ""tanh"", ""tanh"", ""tanh"", ""tanh"", ""tanh"", ""tanh"", ""tanh"", ""tanh"", ""swish"", ""swish"", ""swish"", ""swish"", ""linear""], [""tanh"", ""tanh"", ""tanh"", ""tanh"", ""tanh"", ""tanh"", ""tanh"", ""tanh"", ""swish"", ""swish"", ""swish"", ""linear""], [""tanh"", ""tanh"", ""tanh"", ""tanh"", ""tanh"", ""tanh"", ""tanh"", ""swish"", ""swish"", ""swish"", ""linear""]]",3,38,392,False
ce23d1411e52,"[[""tanh"", ""tanh"", ""tanh"", ""tanh"", ""swish"", ""swish""], [""tanh"", ""tanh"", ""tanh"", ""tanh"", ""tanh"", ""swish"", ""swish"", ""swish""]]",2,14,83,False
d9e81611c2c7,"[[""tanh"", ""tanh"", ""tanh"", ""tanh"", ""swish"", ""swish""], [""tanh"", ""tanh"", ""tanh"", ""tanh"", ""tanh"", ""tanh"", ""tanh"", ""swish"", ""swish"", ""swish"", ""linear""], [""tanh"", ""tanh"", ""tanh"", ""tanh"", ""tanh"", ""swish"", ""swish"", ""swish""]]",3,25,200,False
6ef5206a1926,"[[""tanh"", ""tanh"", ""tanh"", ""tanh"", ""tanh"", ""tanh"", ""tanh"", ""tanh"", ""swish"", ""swish"", ""swish"", ""swish"", ""linear""], [""tanh"", ""tanh"", ""tanh"", ""tanh"", ""tanh"", ""tanh"", ""swish"", ""swish"", ""swish"", ""linear""]]",2,23,190,False
80906a2f1b6d,"[[""tanh"", ""tanh"", ""tanh"", ""tanh"", ""tanh"", ""tanh"", ""tanh"", ""tanh"", ""swish"", ""swish"", ""swish"", ""linear""], [""tanh"", ""tanh"", ""tanh"", ""tanh"", ""tanh"", ""tanh"", ""tanh"", ""tanh"", ""tanh"", ""tanh"", ""swish"", ""swish"", ""swish"", ""swish"", ""swish"", ""linear""], [""tanh"", ""tanh"", ""tanh"", ""tanh"", ""tanh"", ""tanh"", ""tanh"", ""tanh"", ""tanh"", ""swish"", ""swish"", ""swish"", ""swish"", ""linear""]]",3,42,497,False
0b32e0b5cc37,"[[""tanh"", ""tanh"", ""tanh"", ""tanh"", ""tanh"", ""tanh"", ""swish"", ""swish"", ""swish""], [""tanh"", ""tanh"", ""tanh"", ""tanh"", ""tanh"", ""tanh"", ""swish"", ""swish"", ""swish"", ""linear""]]",2,19,138,False
4cf2bc7fa92b,"[[""tanh"", ""tanh"", ""tanh"", ""tanh"", ""tanh"", ""tanh"", ""tanh"", ""tanh"", ""tanh"", ""swish"", ""swish"", ""swish"", ""swish"", ""linear""], [""tanh"", ""tanh"", ""tanh"", ""tanh"", ""tanh"", ""swish"", ""swish""], [""tanh"", ""tanh"", ""tanh"", ""tanh"", ""tanh"", ""tanh"", ""tanh"", ""tanh"", ""swish"", ""swish"", ""swish"", ""linear""]]",3,33,256,False
e9cc8e140986,"[[""tanh"", ""tanh"", ""tanh"", ""tanh"", ""tanh"", ""swish"", ""swish""], [""tanh"", ""tanh"", ""tanh"", ""tanh"", ""tanh"", ""tanh"", ""tanh"", ""tanh"", ""swish"", ""swish"", ""swish"", ""swish"", ""linear""]]",2,20,139,False
1170fedd2674,"[[""tanh"", ""tanh"", ""tanh"", ""tanh"", ""swish"", ""swish""], [""tanh"", ""tanh"", ""tanh"", ""tanh"", ""tanh"", ""tanh"", ""tanh"", ""tanh"", ""tanh"", ""tanh"", ""swish"", ""swish"", ""swish"", ""swish"", ""swish"", ""linear""], [""tanh"", ""tanh"", ""tanh"", ""tanh"", ""tanh"", ""tanh"", ""tanh"", ""tanh"", ""tanh"", ""tanh"", ""swish"", ""swish"", ""swish"", ""swish"", ""linear""]]",3,37,401,False
ffd03ad87819,"[[""tanh"", ""tanh"", ""tanh"", ""tanh"", ""tanh"", ""tanh"", ""tanh"", ""tanh"", ""swish"", ""swish"", ""swish"", ""linear""], [""tanh"", ""tanh"", ""tanh"", ""tanh"", ""tanh"", ""tanh"", ""swish"", ""swish"", ""swish"", ""linear""]]",2,22,177,False
bab284bbf438,"[[""tanh"", ""tanh"", ""tanh"", ""tanh"", ""swish"", ""swish""], [""tanh"", ""tanh"", ""tanh"", ""tanh"", ""tanh"", ""tanh"", ""swish"", ""swish"", ""swish"", ""linear""], [""tanh"", ""tanh"", ""tanh"", ""tanh"", ""tanh"", ""tanh"", ""swish"", ""swish"", ""swish""]]",3,25,197,False
c0dba1067479,"[[""tanh"", ""tanh"", ""tanh"", ""tanh"", ""tanh"", ""tanh"", ""tanh"", ""tanh"", ""swish"", ""swish"", ""swish"", ""swish"", ""linear""], [""tanh"", ""tanh"", ""tanh"", ""tanh"", ""tanh"", ""swish"", ""swish"", ""swish""]]",2,21,160,False
5b36e3ddc0ed,"[[""tanh"", ""tanh"", ""tanh"", ""tanh"", ""tanh"", ""swish"", ""swish""], [""tanh"", ""tanh"", ""tanh"", ""tanh"", ""tanh"", ""swish"", ""swish""], [""tanh"", ""tanh"", ""tanh"", ""tanh"", ""tanh"", ""swish"", ""swish""]]",3,21,141,False
ff2ad395f94e,"[[""tanh"", ""tanh"", ""tanh"", ""tanh"", ""tanh"", ""tanh"", ""tanh"", ""tanh"", ""swish"", ""swish"", ""swish"", ""swish"", ""linear""], [""tanh"", ""tanh"", ""tanh"", ""tanh"", ""tanh"", ""tanh"", ""tanh"", ""tanh"", ""swish"", ""swish"", ""swish"", ""swish"", ""linear""]]",2,26,235,False
ae7094ba8eb3,"[[""tanh"", ""tanh"", ""tanh"", ""tanh"", ""tanh"", ""tanh"", ""tanh"", ""tanh"", ""swish"", ""swish"", ""swish"", ""swish"", ""linear""], [""tanh"", ""tanh"", ""tanh"", ""tanh"", ""tanh"", ""tanh"", ""tanh"", ""tanh"", ""tanh"", ""tanh"", ""swish"", ""swish"", ""swish"", ""swish"", ""linear""], [""tanh"", ""tanh"", ""tanh"", ""tanh"", ""tanh"", ""tanh"", ""tanh"", ""tanh"", ""tanh"", ""tanh"", ""swish"", ""swish"", ""swish"", ""swish"", ""linear""]]",3,43,505,False
5e9917497bb9,"[[""tanh"", ""tanh"", ""tanh"", ""tanh"", ""tanh"", ""tanh"", ""tanh"", ""swish"", ""swish"", ""swish"", ""linear""], [""tanh"", ""tanh"", ""tanh"", ""tanh"", ""tanh"", ""swish"", ""swish"", ""swish""]]",2,19,138,False
b2d42fdb8180,"[[""tanh"", ""tanh"", ""tanh"", ""tanh"", ""swish"", ""swish""], [""tanh"", ""tanh"", ""tanh"", ""tanh"", ""tanh"", ""tanh"", ""tanh"", ""tanh"", ""tanh"", ""tanh"", ""swish"", ""swish"", ""swish"", ""swish"", ""swish"", ""linear""], [""tanh"", ""tanh"", ""tanh"", ""tanh"", ""tanh"", ""tanh"", ""swish"", ""swish"", ""swish""]]",3,31,293,False
0c7c0a852c06,"[[""tanh"", ""tanh"", ""tanh"", ""tanh"", ""tanh"", ""tanh"", ""tanh"", ""swish"", ""swish"", ""swish"", ""linear""], [""tanh"", ""tanh"", ""tanh"", ""tanh"", ""tanh"", ""tanh"", ""tanh"", ""swish"", ""swish"", ""swish"", ""linear""]]",2,22,177,False
5dc1bdcdb0a7,"[[""tanh"", ""tanh"", ""tanh"", ""tanh"", ""tanh"", ""tanh"", ""tanh"", ""swish"", ""swish"", ""swish"", ""linear""], [""tanh"", ""tanh"", ""tanh"", ""tanh"", ""tanh"", ""tanh"", ""tanh"", ""tanh"", ""tanh"", ""tanh"", ""swish"", ""swish"", ""swish"", ""swish"", ""swish"", ""linear""], [""tanh"", ""tanh"", ""tanh"", ""tanh"", ""swish"", ""swish""]]",3,33,334,False
695635efd9aa,"[[""tanh"", ""tanh"", ""tanh"", ""tanh"", ""tanh"", ""tanh"", ""tanh"", ""swish"", ""swish"", ""swish"", ""linear""], [""tanh"", ""tanh"", ""tanh"", ""tanh"", ""tanh"", ""tanh"", ""swish"", ""swish"", ""swish""]]",2,20,151,False
2516a0bde6f3,"[[""tanh"", ""tanh"", ""tanh"", ""tanh"", ""tanh"", ""swish"", ""swish"", ""swish""], [""tanh"", ""tanh"", ""tanh"", ""tanh"", ""tanh"", ""swish"", ""swish"", ""swish""], [""tanh"", ""tanh"", ""tanh"", ""tanh"", ""tanh"", ""tanh"", ""tanh"", ""tanh"", ""swish"", ""swish"", ""swish"", ""linear""]]",3,28,217,False
3626c01a3db6,"[[""tanh"", ""tanh"", ""tanh"", ""tanh"", ""tanh"", ""tanh"", ""tanh"", ""tanh"", ""tanh"", ""tanh"", ""swish"", ""swish"", ""swish"", ""swish"", ""linear""], [""tanh"", ""tanh"", ""tanh"", ""tanh"", ""tanh"", ""tanh"", ""tanh"", ""swish"", ""swish"", ""swish"", ""linear""]]",2,26,233,False
ca6750ea93b9,"[[""tanh"", ""tanh"", ""tanh"", ""tanh"", ""tanh"", ""tanh"", ""swish"", ""swish"", ""swish""], [""tanh"", ""tanh"", ""tanh"", ""tanh"", ""tanh"", ""tanh"", ""tanh"", ""tanh"", ""tanh"", ""swish"", ""swish"", ""swish"", ""swish"", ""linear""], [""tanh"", ""tanh"", ""tanh"", ""tanh"", ""tanh"", ""swish"", ""swish""]]",3,30,280,False
a146d1f95805,"[[""tanh"", ""tanh"", ""tanh"", ""tanh"", ""tanh"", ""tanh"", ""tanh"", ""tanh"", ""tanh"", ""tanh"", ""swish"", ""swish"", ""swish"", ""swish"", ""linear""], [""tanh"", ""tanh"", ""tanh"", ""tanh"", ""tanh"", ""swish"", ""swish"", ""swish""]]",2,23,182,False
354aa3cc49c1,"[[""tanh"", ""tanh"", ""tanh"", ""tanh"", ""tanh"", ""tanh"", ""swish"", ""swish"", ""swish"", ""linear""], [""tanh"", ""tanh"", ""tanh"", ""tanh"", ""tanh"", ""tanh"", ""swish"", ""swish"", ""swish""], [""tanh"", ""tanh"", ""tanh"", ""tanh"", ""tanh"", ""tanh"", ""tanh"", ""tanh"", ""tanh"", ""tanh"", ""swish"", ""swish"", ""swish"", ""swish"", ""linear""]]",3,34,295,False
d85a145e1f51,"[[""tanh"", ""tanh"", ""tanh"", ""tanh"", ""tanh"", ""tanh"", ""swish"", ""swish"", ""swish"", ""linear""], [""tanh"", ""tanh"", ""tanh"", ""tanh"", ""swish"", ""swish""]]",2,16,103,False
2dcbeba9daea,"[[""tanh"", ""tanh"", ""tanh"", ""tanh"", ""tanh"", ""tanh"", ""tanh"", ""tanh"", ""tanh"", ""tanh"", ""swish"", ""swish"", ""swish"", ""swish"", ""swish"", ""linear""], [""tanh"", ""tanh"", ""tanh"", ""tanh"", ""tanh"", ""tanh"", ""swish"", ""swish"", ""swish"", ""linear""], [""tanh"", ""tanh"", ""tanh"", ""tanh"", ""tanh"", ""swish"", ""swish""]]",3,33,303,False
ea05626272c1,"[[""tanh"", ""tanh"", ""tanh"", ""tanh"", ""tanh"", ""tanh"", ""tanh"", ""tanh"", ""tanh"", ""tanh"", ""swish"", ""swish"", ""swish"", ""swish"", ""swish"", ""linear""], [""tanh"", ""tanh"", ""tanh"", ""tanh"", ""tanh"", ""swish"", ""swish"", ""swish""]]",2,24,193,False
b3119851e524,"[[""tanh"", ""tanh"", ""tanh"", ""tanh"", ""tanh"", ""swish"", ""swish""], [""tanh"", ""tanh"", ""tanh"", ""tanh"", ""tanh"", ""tanh"", ""tanh"", ""tanh"", ""tanh"", ""swish"", ""swish"", ""swish"", ""swish"", ""linear""], [""tanh"", ""tanh"", ""tanh"", ""tanh"", ""swish"", ""swish""]]",3,27,230,False
6cd43b74e179,"[[""tanh"", ""tanh"", ""tanh"", ""tanh"", ""tanh"", ""tanh"", ""swish"", ""swish"", ""swish"", ""linear""], [""tanh"", ""tanh"", ""tanh"", ""tanh"", ""tanh"", ""tanh"", ""tanh"", ""tanh"", ""swish"", ""swish"", ""swish"", ""swish"", ""linear""]]",2,23,187,False
8a4760811fea,"[[""tanh"", ""tanh"", ""tanh"", ""tanh"", ""tanh"", ""swish"", ""swish""], [""tanh"", ""tanh"", ""tanh"", ""tanh"", ""tanh"", ""tanh"", ""tanh"", ""tanh"", ""tanh"", ""tanh"", ""swish"", ""swish"", ""swish"", ""swish"", ""linear""], [""tanh"", ""tanh"", ""tanh"", ""tanh"", ""tanh"", ""tanh"", ""tanh"", ""tanh"", ""swish"", ""swish"", ""swish"", ""swish"", ""linear""]]",3,35,363,False
82e331ac3490,"[[""tanh"", ""tanh"", ""tanh"", ""tanh"", ""tanh"", ""swish"", ""swish""], [""tanh"", ""tanh"", ""tanh"", ""tanh"", ""tanh"", ""swish"", ""swish""]]",2,14,85,False
b0239f878865,"[[""tanh"", ""tanh"", ""tanh"", ""tanh"", ""tanh"", ""tanh"", ""tanh"", ""swish"", ""swish"", ""swish"", ""linear""], [""tanh"", ""tanh"", ""tanh"", ""tanh"", ""tanh"", ""swish"", ""swish""], [""tanh"", ""tanh"", ""tanh"", ""tanh"", ""tanh"", ""tanh"", ""tanh"", ""tanh"", ""tanh"", ""tanh"", ""swish"", ""swish"", ""swish"", ""swish"", ""linear""]]",3,33,253,False
472793c3cd82,"[[""tanh"", ""tanh"", ""tanh"", ""tanh"", ""tanh"", ""swish"", ""swish""], [""tanh"", ""tanh"", ""tanh"", ""tanh"", ""tanh"", ""tanh"", ""tanh"", ""tanh"", ""tanh"", ""swish"", ""swish"", ""swish"", ""swish"", ""linear""]]",2,21,148,False
4501d442ce9d,"[[""tanh"", ""tanh"", ""tanh"", ""tanh"", ""swish"", ""swish""], [""tanh"", ""tanh"", ""tanh"", ""tanh"", ""tanh"", ""tanh"", ""swish"", ""swish"", ""swish"", ""linear""], [""tanh"", ""tanh"", ""tanh"", ""tanh"", ""tanh"", ""swish"", ""swish""]]",3,23,173,False
0e08661cec92,"[[""tanh"", ""tanh"", ""tanh"", ""tanh"", ""tanh"", ""tanh"", ""tanh"", ""tanh"", ""tanh"", ""tanh"", ""swish"", ""swish"", ""swish"", ""swish"", ""linear""], [""tanh"", ""tanh"", ""tanh"", ""tanh"", ""tanh"", ""tanh"", ""swish"", ""swish"", ""swish"", ""linear""]]",2,25,216,False
c65fdc60a65e,"[[""tanh"", ""tanh"", ""tanh"", ""tanh"", ""tanh"", ""tanh"", ""tanh"", ""swish"", ""swish"", ""swish"", ""linear""], [""tanh"", ""tanh"", ""tanh"", ""tanh"", ""tanh"", ""swish"", ""swish""], [""tanh"", ""tanh"", ""tanh"", ""tanh"", ""swish"", ""swish""]]",3,24,172,False
63ac34bf4fdc,"[[""tanh"", ""tanh"", ""tanh"", ""tanh"", ""tanh"", ""tanh"", ""tanh"", ""tanh"", ""tanh"", ""tanh"", ""swish"", ""swish"", ""swish"", ""swish"", ""swish"", ""linear""], [""tanh"", ""tanh"", ""tanh"", ""tanh"", ""tanh"", ""swish"", ""swish""]]",2,23,175,False
f72b51b51fde,"[[""tanh"", ""tanh"", ""tanh"", ""tanh"", ""tanh"", ""tanh"", ""swish"", ""swish"", ""swish"", ""linear""], [""tanh"", ""tanh"", ""tanh"", ""tanh"", ""swish"", ""swish""], [""tanh"", ""tanh"", ""tanh"", ""tanh"", ""tanh"", ""swish"", ""swish""]]",3,23,153,False
65e1bc77172b,"[[""tanh"", ""tanh"", ""tanh"", ""tanh"", ""tanh"", ""tanh"", ""tanh"", ""tanh"", ""tanh"", ""tanh"", ""swish"", ""swish"", ""swish"", ""swish"", ""swish"", ""linear""], [""tanh"", ""tanh"", ""tanh"", ""tanh"", ""swish"", ""swish""]]",2,22,157,False
e9d1576370be,"[[""tanh"", ""tanh"", ""tanh"", ""tanh"", ""tanh"", ""tanh"", ""tanh"", ""tanh"", ""tanh"", ""swish"", ""swish"", ""swish"", ""swish"", ""linear""], [""tanh"", ""tanh"", ""tanh"", ""tanh"", ""tanh"", ""tanh"", ""tanh"", ""tanh"", ""swish"", ""swish"", ""swish"", ""linear""], [""tanh"", ""tanh"", ""tanh"", ""tanh"", ""tanh"", ""swish"", ""swish""]]",3,33,321,False
32140e45f15b,"[[""tanh"", ""tanh"", ""tanh"", ""tanh"", ""tanh"", ""tanh"", ""swish"", ""swish"", ""swish""], [""tanh"", ""tanh"", ""tanh"", ""tanh"", ""tanh"", ""tanh"", ""tanh"", ""tanh"", ""swish"", ""swish"", ""swish"", ""linear""]]",2,21,160,False
cd246c585946,"[[""tanh"", ""tanh"", ""tanh"", ""tanh"", ""tanh"", ""swish"", ""swish""], [""tanh"", ""tanh"", ""tanh"", ""tanh"", ""tanh"", ""tanh"", ""tanh"", ""tanh"", ""swish"", ""swish"", ""swish"", ""linear""], [""tanh"", ""tanh"", ""tanh"", ""tanh"", ""tanh"", ""swish"", ""swish""]]",3,26,216,False
08c21391ce12,"[[""tanh"", ""tanh"", ""tanh"", ""tanh"", ""swish"", ""swish""], [""tanh"", ""tanh"", ""tanh"", ""tanh"", ""swish"", ""swish""]]",2,12,67,False
c1bc07ecd9f6,"[[""tanh"", ""tanh"", ""tanh"", ""tanh"", ""tanh"", ""tanh"", ""tanh"", ""tanh"", ""swish"", ""swish"", ""swish"", ""swish"", ""linear""], [""tanh"", ""tanh"", ""tanh"", ""tanh"", ""tanh"", ""tanh"", ""tanh"", ""tanh"", ""tanh"", ""swish"", ""swish"", ""swish"", ""swish"", ""linear""], [""tanh"", ""tanh"", ""tanh"", ""tanh"", ""tanh"", ""tanh"", ""tanh"", ""tanh"", ""swish"", ""swish"", ""swish"", ""swish"", ""linear""]]",3,40,444,False
71e5648d979c,"[[""tanh"", ""tanh"", ""tanh"", ""tanh"", ""tanh"", ""tanh"", ""tanh"", ""tanh"", ""tanh"", ""swish"", ""swish"", ""swish"", ""swish"", ""linear""], [""tanh"", ""tanh"", ""tanh"", ""tanh"", ""tanh"", ""tanh"", ""tanh"", ""tanh"", ""tanh"", ""tanh"", ""swish"", ""swish"", ""swish"", ""swish"", ""swish"", ""linear""]]",2,30,299,False
4f3e02f3698a,"[[""tanh"", ""tanh"", ""tanh"", ""tanh"", ""tanh"", ""swish"", ""swish"", ""swish""], [""tanh"", ""tanh"", ""tanh"", ""tanh"", ""tanh"", ""tanh"", ""tanh"", ""swish"", ""swish"", ""swish"", ""linear""], [""tanh"", ""tanh"", ""tanh"", ""tanh"", ""tanh"", ""tanh"", ""swish"", ""swish"", ""swish"", ""linear""]]",3,29,254,False
bdb7b1da2c89,"[[""tanh"", ""tanh"", ""tanh"", ""tanh"", ""tanh"", ""tanh"", ""tanh"", ""swish"", ""swish"", ""swish"", ""linear""], [""tanh"", ""tanh"", ""tanh"", ""tanh"", ""tanh"", ""swish"", ""swish""]]",2,18,125,False
dcfd76ee28d1,"[[""tanh"", ""tanh"", ""tanh"", ""tanh"", ""tanh"", ""tanh"", ""tanh"", ""swish"", ""swish"", ""swish"", ""linear""], [""tanh"", ""tanh"", ""tanh"", ""tanh"", ""tanh"", ""tanh"", ""tanh"", ""tanh"", ""tanh"", ""swish"", ""swish"", ""swish"", ""swish"", ""linear""], [""tanh"", ""tanh"", ""tanh"", ""tanh"", ""tanh"", ""swish"", ""swish"", ""swish""]]",3,33,330,False
79dd956ba0dd,"[[""tanh"", ""tanh"", ""tanh"", ""tanh"", ""tanh"", ""tanh"", ""swish"", ""swish"", ""swish"", ""linear""], [""tanh"", ""tanh"", ""tanh"", ""tanh"", ""tanh"", ""swish"", ""swish"", ""swish""]]",2,18,127,False
0b9b294dc682,"[[""tanh"", ""tanh"", ""tanh"", ""tanh"", ""tanh"", ""swish"", ""swish"", ""swish""], [""tanh"", ""tanh"", ""tanh"", ""tanh"", ""tanh"", ""tanh"", ""tanh"", ""tanh"", ""swish"", ""swish"", ""swish"", ""swish"", ""linear""], [""tanh"", ""tanh"", ""tanh"", ""tanh"", ""swish"", ""swish""]]",3,27,232,False
3bec56726e24,"[[""tanh"", ""tanh"", ""tanh"", ""tanh"", ""tanh"", ""swish"", ""swish"", ""swish""], [""tanh"", ""tanh"", ""tanh"", ""tanh"", ""tanh"", ""swish"", ""swish"", ""swish""]]",2,16,105,False
79d514419089,"[[""tanh"", ""tanh"", ""tanh"", ""tanh"", ""tanh"", ""swish"", ""swish""], [""tanh"", ""tanh"", ""tanh"", ""tanh"", ""tanh"", ""tanh"", ""tanh"", ""swish"", ""swish"", ""swish"", ""linear""], [""tanh"", ""tanh"", ""tanh"", ""tanh"", ""tanh"", ""swish"", ""swish"", ""swish""]]",3,26,214,False
1f53e77ac345,"[[""tanh"", ""tanh"", ""tanh"", ""tanh"", ""swish"", ""swish""], [""tanh"", ""tanh"", ""tanh"", ""tanh"", ""tanh"", ""swish"", ""swish""]]",2,13,75,False
aa1ac457ac38,"[[""tanh"", ""tanh"", ""tanh"", ""tanh"", ""tanh"", ""tanh"", ""tanh"", ""tanh"", ""swish"", ""swish"", ""swish"", ""swish"", ""linear""], [""tanh"", ""tanh"", ""tanh"", ""tanh"", ""tanh"", ""tanh"", ""tanh"", ""tanh"", ""tanh"", ""tanh"", ""swish"", ""swish"", ""swish"", ""swish"", ""linear""], [""tanh"", ""tanh"", ""tanh"", ""tanh"", ""tanh"", ""tanh"", ""swish"", ""swish"", ""swish""]]",3,37,403,False
9f62a5c29465,"[[""tanh"", ""tanh"", ""tanh"", ""tanh"", ""swish"", ""swish""], [""tanh"", ""tanh"", ""tanh"", ""tanh"", ""tanh"", ""tanh"", ""tanh"", ""tanh"", ""swish"", ""swish"", ""swish"", ""swish"", ""linear""]]",2,19,123,False
fbb7014dbfb8,"[[""tanh"", ""tanh"", ""tanh"", ""tanh"", ""tanh"", ""tanh"", ""tanh"", ""swish"", ""swish"", ""swish"", ""linear""], [""tanh"", ""tanh"", ""tanh"", ""tanh"", ""tanh"", ""swish"", ""swish"", ""swish""], [""tanh"", ""tanh"", ""tanh"", ""tanh"", ""tanh"", ""swish"", ""swish"", ""swish""]]",3,27,210,False
0f9946ecb1b9,"[[""tanh"", ""tanh"", ""tanh"", ""tanh"", ""tanh"", ""tanh"", ""tanh"", ""tanh"", ""swish"", ""swish"", ""swish"", ""swish"", ""linear""], [""tanh"", ""tanh"", ""tanh"", ""tanh"", ""tanh"", ""tanh"", ""tanh"", ""tanh"", ""tanh"", ""swish"", ""swish"", ""swish"", ""swish"", ""linear""]]",2,27,250,False
987b3b9c04ac,"[[""tanh"", ""tanh"", ""tanh"", ""tanh"", ""tanh"", ""tanh"", ""tanh"", ""tanh"", ""swish"", ""swish"", ""swish"", ""linear""], [""tanh"", ""tanh"", ""tanh"", ""tanh"", ""tanh"", ""tanh"", ""tanh"", ""tanh"", ""tanh"", ""tanh"", ""swish"", ""swish"", ""swish"", ""swish"", ""swish"", ""linear""], [""tanh"", ""tanh"", ""tanh"", ""tanh"", ""tanh"", ""tanh"", ""tanh"", ""tanh"", ""swish"", ""swish"", ""swish"", ""linear""]]",3,40,461,False
ad5f647743eb,"[[""tanh"", ""tanh"", ""tanh"", ""tanh"", ""tanh"", ""tanh"", ""tanh"", ""tanh"", ""swish"", ""swish"", ""swish"", ""linear""], [""tanh"", ""tanh"", ""tanh"", ""tanh"", ""tanh"", ""swish"", ""swish""]]",2,19,135,False
4d6b05f0e0ae,"[[""tanh"", ""tanh"", ""tanh"", ""tanh"", ""tanh"", ""tanh"", ""swish"", ""swish"", ""swish"", ""linear""], [""tanh"", ""tanh"", ""tanh"", ""tanh"", ""tanh"", ""tanh"", ""tanh"", ""tanh"", ""swish"", ""swish"", ""swish"", ""swish"", ""linear""], [""tanh"", ""tanh"", ""tanh"", ""tanh"", ""tanh"", ""swish"", ""swish""]]",3,30,279,False
f7a5462e0bdd,"[[""tanh"", ""tanh"", ""tanh"", ""tanh"", ""tanh"", ""tanh"", ""tanh"", ""tanh"", ""swish"", ""swish"", ""swish"", ""linear""], [""tanh"", ""tanh"", ""tanh"", ""tanh"", ""tanh"", ""tanh"", ""tanh"", ""swish"", ""swish"", ""swish"", ""linear""]]",2,23,191,False
a9a86a58d71a,"[[""tanh"", ""tanh"", ""tanh"", ""tanh"", ""tanh"", ""tanh"", ""tanh"", ""swish"", ""swish"", ""swish"", ""linear""], [""tanh"", ""tanh"", ""tanh"", ""tanh"", ""tanh"", ""tanh"", ""tanh"", ""tanh"", ""swish"", ""swish"", ""swish"", ""swish"", ""linear""], [""tanh"", ""tanh"", ""tanh"", ""tanh"", ""tanh"", ""tanh"", ""tanh"", ""swish"", ""swish"", ""swish"", ""linear""]]",3,35,355,False
92770c95b91d,"[[""tanh"", ""tanh"", ""tanh"", ""tanh"", ""tanh"", ""tanh"", ""tanh"", ""tanh"", ""tanh"", ""tanh"", ""swish"", ""swish"", ""swish"", ""swish"", ""linear""], [""tanh"", ""tanh"", ""tanh"", ""tanh"", ""tanh"", ""tanh"", ""tanh"", ""tanh"", ""tanh"", ""tanh"", ""swish"", ""swish"", ""swish"", ""swish"", ""swish"", ""linear""]]",2,31,318,False
c81a214854af,"[[""tanh"", ""tanh"", ""tanh"", ""tanh"", ""tanh"", ""tanh"", ""tanh"", ""swish"", ""swish"", ""swish"", ""linear""], [""tanh"", ""tanh"", ""tanh"", ""tanh"", ""tanh"", ""tanh"", ""tanh"", ""tanh"", ""swish"", ""swish"", ""swish"", ""swish"", ""linear""], [""tanh"", ""tanh"", ""tanh"", ""tanh"", ""tanh"", ""tanh"", ""swish"", ""swish"", ""swish"", ""linear""]]",3,34,340,False
2aa6d8d61e5e,"[[""tanh"", ""tanh"", ""tanh"", ""tanh"", ""tanh"", ""tanh"", ""tanh"", ""tanh"", ""swish"", ""swish"", ""swish"", ""swish"", ""linear""], [""tanh"", ""tanh"", ""tanh"", ""tanh"", ""tanh"", ""tanh"", ""tanh"", ""swish"", ""swish"", ""swish"", ""linear""]]",2,24,205,False
b0cbb61f62a9,"[[""tanh"", ""tanh"", ""tanh"", ""tanh"", ""tanh"", ""tanh"", ""tanh"", ""swish"", ""swish"", ""swish"", ""linear""], [""tanh"", ""tanh"", ""tanh"", ""tanh"", ""swish"", ""swish""], [""tanh"", ""tanh"", ""tanh"", ""tanh"", ""tanh"", ""tanh"", ""swish"", ""swish"", ""swish"", ""linear""]]",3,27,186,False
ea7297794161,"[[""tanh"", ""tanh"", ""tanh"", ""tanh"", ""tanh"", ""swish"", ""swish""], [""tanh"", ""tanh"", ""tanh"", ""tanh"", ""tanh"", ""tanh"", ""tanh"", ""tanh"", ""tanh"", ""tanh"", ""swish"", ""swish"", ""swish"", ""swish"", ""linear""]]",2,22,157,False
b9cf54a53849,"[[""tanh"", ""tanh"", ""tanh"", ""tanh"", ""tanh"", ""swish"", ""swish""], [""tanh"", ""tanh"", ""tanh"", ""tanh"", ""swish"", ""swish""], [""tanh"", ""tanh"", ""tanh"", ""tanh"", ""tanh"", ""tanh"", ""tanh"", ""tanh"", ""tanh"", ""tanh"", ""swish"", ""swish"", ""swish"", ""swish"", ""swish"", ""linear""]]",3,29,198,False
f7a945b50054,"[[""tanh"", ""tanh"", ""tanh"", ""tanh"", ""tanh"", ""tanh"", ""tanh"", ""tanh"", ""tanh"", ""tanh"", ""swish"", ""swish"", ""swish"", ""swish"", ""swish"", ""linear""], [""tanh"", ""tanh"", ""tanh"", ""tanh"", ""tanh"", ""tanh"", ""tanh"", ""tanh"", ""tanh"", ""tanh"", ""swish"", ""swish"", ""swish"", ""swish"", ""swish"", ""linear""]]",2,32,337,False
dd19de7714c2,"[[""tanh"", ""tanh"", ""tanh"", ""tanh"", ""tanh"", ""tanh"", ""swish"", ""swish"", ""swish""], [""tanh"", ""tanh"", ""tanh"", ""tanh"", ""swish"", ""swish""], [""tanh"", ""tanh"", ""tanh"", ""tanh"", ""swish"", ""swish""]]",3,21,136,False
8208cae636f7,"[[""tanh"", ""tanh"", ""tanh"", ""tanh"", ""tanh"", ""swish"", ""swish""], [""tanh"", ""tanh"", ""tanh"", ""tanh"", ""tanh"", ""tanh"", ""swish"", ""swish"", ""swish""]]",2,16,103,False
86f02a90399d,"[[""tanh"", ""tanh"", ""tanh"", ""tanh"", ""tanh"", ""tanh"", ""swish"", ""swish"", ""swish"", ""linear""], [""tanh"", ""tanh"", ""tanh"", ""tanh"", ""tanh"", ""tanh"", ""swish"", ""swish"", ""swish"", ""linear""], [""tanh"", ""tanh"", ""tanh"", ""tanh"", ""tanh"", ""tanh"", ""tanh"", ""tanh"", ""tanh"", ""tanh"", ""swish"", ""swish"", ""swish"", ""swish"", ""swish"", ""linear""]]",3,36,333,False
92c11059ab40,"[[""tanh"", ""tanh"", ""tanh"", ""tanh"", ""tanh"", ""tanh"", ""tanh"", ""tanh"", ""swish"", ""swish"", ""swish"", ""swish"", ""linear""], [""tanh"", ""tanh"", ""tanh"", ""tanh"", ""swish"", ""swish""]]",2,19,130,False
4d04f04ccf40,"[[""tanh"", ""tanh"", ""tanh"", ""tanh"", ""tanh"", ""tanh"", ""tanh"", ""tanh"", ""tanh"", ""tanh"", ""swish"", ""swish"", ""swish"", ""swish"", ""swish"", ""linear""], [""tanh"", ""tanh"", ""tanh"", ""tanh"", ""tanh"", ""tanh"", ""tanh"", ""tanh"", ""tanh"", ""tanh"", ""swish"", ""swish"", ""swish"", ""swish"", ""swish"", ""linear""], [""tanh"", ""tanh"", ""tanh"", ""tanh"", ""tanh"", ""tanh"", ""tanh"", ""tanh"", ""tanh"", ""swish"", ""swish"", ""swish"", ""swish"", ""linear""]]",3,46,573,False
2fddeb0d57ee,"[[""tanh"", ""tanh"", ""tanh"", ""tanh"", ""tanh"", ""tanh"", ""swish"", ""swish"", ""swish""], [""tanh"", ""tanh"", ""tanh"", ""tanh"", ""tanh"", ""tanh"", ""tanh"", ""tanh"", ""tanh"", ""tanh"", ""swish"", ""swish"", ""swish"", ""swish"", ""swish"", ""linear""]]",2,25,204,False
78dc645378bd,"[[""tanh"", ""tanh"", ""tanh"", ""tanh"", ""tanh"", ""tanh"", ""swish"", ""swish"", ""swish""], [""tanh"", ""tanh"", ""tanh"", ""tanh"", ""tanh"", ""tanh"", ""swish"", ""swish"", ""swish""], [""tanh"", ""tanh"", ""tanh"", ""tanh"", ""tanh"", ""swish"", ""swish"", ""swish""]]",3,26,206,False
a6f0ab65ffc3,"[[""tanh"", ""tanh"", ""tanh"", ""tanh"", ""tanh"", ""tanh"", ""swish"", ""swish"", ""swish"", ""linear""], [""tanh"", ""tanh"", ""tanh"", ""tanh"", ""tanh"", ""tanh"", ""tanh"", ""tanh"", ""tanh"", ""tanh"", ""swish"", ""swish"", ""swish"", ""swish"", ""linear""]]",2,25,211,False
1adc42c9719a,"[[""tanh"", ""tanh"", ""tanh"", ""tanh"", ""tanh"", ""tanh"", ""tanh"", ""tanh"", ""tanh"", ""swish"", ""swish"", ""swish"", ""swish"", ""linear""], [""tanh"", ""tanh"", ""tanh"", ""tanh"", ""tanh"", ""swish"", ""swish""], [""tanh"", ""tanh"", ""tanh"", ""tanh"", ""tanh"", ""tanh"", ""tanh"", ""tanh"", ""tanh"", ""tanh"", ""swish"", ""swish"", ""swish"", ""swish"", ""swish"", ""linear""]]",3,37,292,False
ff396588ed39,"[[""tanh"", ""tanh"", ""tanh"", ""tanh"", ""tanh"", ""tanh"", ""tanh"", ""tanh"", ""swish"", ""swish"", ""swish"", ""linear""], [""tanh"", ""tanh"", ""tanh"", ""tanh"", ""tanh"", ""tanh"", ""tanh"", ""tanh"", ""tanh"", ""tanh"", ""swish"", ""swish"", ""swish"", ""swish"", ""swish"", ""linear""]]",2,28,261,False
023b2ede7ae3,"[[""tanh"", ""tanh"", ""tanh"", ""tanh"", ""swish"", ""swish""], [""tanh"", ""tanh"", ""tanh"", ""tanh"", ""tanh"", ""tanh"", ""tanh"", ""tanh"", ""swish"", ""swish"", ""swish"", ""linear""], [""tanh"", ""tanh"", ""tanh"", ""tanh"", ""tanh"", ""swish"", ""swish"", ""swish""]]",3,26,215,False
de4bbb115c72,"[[""tanh"", ""tanh"", ""tanh"", ""tanh"", ""tanh"", ""tanh"", ""tanh"", ""tanh"", ""tanh"", ""tanh"", ""swish"", ""swish"", ""swish"", ""swish"", ""swish"", ""linear""], [""tanh"", ""tanh"", ""tanh"", ""tanh"", ""tanh"", ""tanh"", ""tanh"", ""tanh"", ""tanh"", ""swish"", ""swish"", ""swish"", ""swish"", ""linear""]]",2,30,301,False
0397836559c7,"[[""tanh"", ""tanh"", ""tanh"", ""tanh"", ""tanh"", ""swish"", ""swish"", ""swish""], [""tanh"", ""tanh"", ""tanh"", ""tanh"", ""tanh"", ""tanh"", ""tanh"", ""tanh"", ""tanh"", ""tanh"", ""swish"", ""swish"", ""swish"", ""swish"", ""swish"", ""linear""], [""tanh"", ""tanh"", ""tanh"", ""tanh"", ""swish"", ""swish""]]",3,30,277,False
606902b2ab8e,"[[""tanh"", ""tanh"", ""tanh"", ""tanh"", ""tanh"", ""tanh"", ""tanh"", ""swish"", ""swish"", ""swish"", ""linear""], [""tanh"", ""tanh"", ""tanh"", ""tanh"", ""swish"", ""swish""]]",2,17,112,False
6c457fc7678c,"[[""tanh"", ""tanh"", ""tanh"", ""tanh"", ""tanh"", ""tanh"", ""tanh"", ""tanh"", ""tanh"", ""swish"", ""swish"", ""swish"", ""swish"", ""linear""], [""tanh"", ""tanh"", ""tanh"", ""tanh"", ""tanh"", ""tanh"", ""tanh"", ""tanh"", ""tanh"", ""tanh"", ""swish"", ""swish"", ""swish"", ""swish"", ""linear""], [""tanh"", ""tanh"", ""tanh"", ""tanh"", ""tanh"", ""tanh"", ""tanh"", ""tanh"", ""swish"", ""swish"", ""swish"", ""swish"", ""linear""]]",3,42,489,False
1ca798e569d1,"[[""tanh"", ""tanh"", ""tanh"", ""tanh"", ""tanh"", ""tanh"", ""tanh"", ""swish"", ""swish"", ""swish"", ""linear""], [""tanh"", ""tanh"", ""tanh"", ""tanh"", ""tanh"", ""tanh"", ""tanh"", ""tanh"", ""tanh"", ""tanh"", ""swish"", ""swish"", ""swish"", ""swish"", ""linear""]]",2,26,229,False
3d886c7c0351,"[[""tanh"", ""tanh"", ""tanh"", ""tanh"", ""tanh"", ""tanh"", ""swish"", ""swish"", ""swish"", ""linear""], [""tanh"", ""tanh"", ""tanh"", ""tanh"", ""tanh"", ""tanh"", ""tanh"", ""tanh"", ""tanh"", ""tanh"", ""swish"", ""swish"", ""swish"", ""swish"", ""swish"", ""linear""], [""tanh"", ""tanh"", ""tanh"", ""tanh"", ""swish"", ""swish""]]",3,32,315,False
d2c3e16038f9,"[[""tanh"", ""tanh"", ""tanh"", ""tanh"", ""tanh"", ""swish"", ""swish""], [""tanh"", ""tanh"", ""tanh"", ""tanh"", ""tanh"", ""swish"", ""swish"", ""swish""]]",2,15,94,False
e5c886845f8d,"[[""tanh"", ""tanh"", ""tanh"", ""tanh"", ""tanh"", ""tanh"", ""swish"", ""swish"", ""swish""], [""tanh"", ""tanh"", ""tanh"", ""tanh"", ""tanh"", ""tanh"", ""tanh"", ""tanh"", ""tanh"", ""tanh"", ""swish"", ""swish"", ""swish"", ""swish"", ""swish"", ""linear""], [""tanh"", ""tanh"", ""tanh"", ""tanh"", ""tanh"", ""tanh"", ""tanh"", ""tanh"", ""swish"", ""swish"", ""swish"", ""swish"", ""linear""]]",3,38,422,False
6a9850cbf87a,"[[""tanh"", ""tanh"", ""tanh"", ""tanh"", ""tanh"", ""swish"", ""swish"", ""swish""], [""tanh"", ""tanh"", ""tanh"", ""tanh"", ""swish"", ""swish""]]",2,14,85,False
de18b8849ff0,"[[""tanh"", ""tanh"", ""tanh"", ""tanh"", ""tanh"", ""tanh"", ""tanh"", ""tanh"", ""swish"", ""swish"", ""swish"", ""linear""], [""tanh"", ""tanh"", ""tanh"", ""tanh"", ""tanh"", ""tanh"", ""swish"", ""swish"", ""swish"", ""linear""], [""tanh"", ""tanh"", ""tanh"", ""tanh"", ""tanh"", ""tanh"", ""tanh"", ""swish"", ""swish"", ""swish"", ""linear""]]",3,33,299,False
abef9ac84965,"[[""tanh"", ""tanh"", ""tanh"", ""tanh"", ""swish"", ""swish""], [""tanh"", ""tanh"", ""tanh"", ""tanh"", ""tanh"", ""tanh"", ""swish"", ""swish"", ""swish""]]",2,15,91,False
54d6ed643bec,"[[""tanh"", ""tanh"", ""tanh"", ""tanh"", ""tanh"", ""tanh"", ""tanh"", ""swish"", ""swish"", ""swish"", ""linear""], [""tanh"", ""tanh"", ""tanh"", ""tanh"", ""tanh"", ""tanh"", ""tanh"", ""tanh"", ""swish"", ""swish"", ""swish"", ""linear""], [""tanh"", ""tanh"", ""tanh"", ""tanh"", ""tanh"", ""tanh"", ""tanh"", ""tanh"", ""swish"", ""swish"", ""swish"", ""swish"", ""linear""]]",3,36,360,False
cbe67b5ea1ea,"[[""tanh"", ""tanh"", ""tanh"", ""tanh"", ""tanh"", ""swish"", ""swish"", ""swish""], [""tanh"", ""tanh"", ""tanh"", ""tanh"", ""tanh"", ""tanh"", ""tanh"", ""tanh"", ""swish"", ""swish"", ""swish"", ""linear""]]",2,20,145,False
12f6a4f5cdee,"[[""tanh"", ""tanh"", ""tanh"", ""tanh"", ""tanh"", ""tanh"", ""tanh"", ""tanh"", ""tanh"", ""tanh"", ""swish"", ""swish"", ""swish"", ""swish"", ""swish"", ""linear""], [""tanh"", ""tanh"", ""tanh"", ""tanh"", ""tanh"", ""tanh"", ""tanh"", ""tanh"", ""tanh"", ""tanh"", ""swish"", ""swish"", ""swish"", ""swish"", ""swish"", ""linear""], [""tanh"", ""tanh"", ""tanh"", ""tanh"", ""tanh"", ""tanh"", ""tanh"", ""tanh"", ""tanh"", ""tanh"", ""swish"", ""swish"", ""swish"", ""swish"", ""swish"", ""linear""]]",3,48,609,False
f28e01f8bb2e,"[[""tanh"", ""tanh"", ""tanh"", ""tanh"", ""tanh"", ""tanh"", ""swish"", ""swish"", ""swish"", ""linear""], [""tanh"", ""tanh"", ""tanh"", ""tanh"", ""tanh"", ""tanh"", ""tanh"", ""tanh"", ""tanh"", ""swish"", ""swish"", ""swish"", ""swish"", ""linear""]]",2,24,199,False
17685a438033,"[[""tanh"", ""tanh"", ""tanh"", ""tanh"", ""tanh"", ""tanh"", ""tanh"", ""tanh"", ""swish"", ""swish"", ""swish"", ""swish"", ""linear""], [""tanh"", ""tanh"", ""tanh"", ""tanh"", ""tanh"", ""tanh"", ""swish"", ""swish"", ""swish"", ""linear""], [""tanh"", ""tanh"", ""tanh"", ""tanh"", ""tanh"", ""tanh"", ""tanh"", ""tanh"", ""tanh"", ""tanh"", ""swish"", ""swish"", ""swish"", ""swish"", ""linear""]]",3,38,360,False
2ef691f27d20,"[[""tanh"", ""tanh"", ""tanh"", ""tanh"", ""tanh"", ""swish"", ""swish""], [""tanh"", ""tanh"", ""tanh"", ""tanh"", ""tanh"", ""tanh"", ""tanh"", ""swish"", ""swish"", ""swish"", ""linear""]]",2,18,121,False
35b7413e31e3,"[[""tanh"", ""tanh"", ""tanh"", ""tanh"", ""swish"", ""swish""], [""tanh"", ""tanh"", ""tanh"", ""tanh"", ""swish"", ""swish""], [""tanh"", ""tanh"", ""tanh"", ""tanh"", ""tanh"", ""tanh"", ""tanh"", ""tanh"", ""tanh"", ""tanh"", ""swish"", ""swish"", ""swish"", ""swish"", ""linear""]]",3,27,181,False
1c350a8a4e71,"[[""tanh"", ""tanh"", ""tanh"", ""tanh"", ""tanh"", ""tanh"", ""swish"", ""swish"", ""swish"", ""linear""], [""tanh"", ""tanh"", ""tanh"", ""tanh"", ""tanh"", ""tanh"", ""swish"", ""swish"", ""swish"", ""linear""]]",2,20,151,False
79cfaa4a4f4a,"[[""tanh"", ""tanh"", ""tanh"", ""tanh"", ""tanh"", ""tanh"", ""swish"", ""swish"", ""swish"", ""linear""], [""tanh"", ""tanh"", ""tanh"", ""tanh"", ""tanh"", ""tanh"", ""tanh"", ""tanh"", ""swish"", ""swish"", ""swish"", ""linear""], [""tanh"", ""tanh"", ""tanh"", ""tanh"", ""tanh"", ""tanh"", ""swish"", ""swish"", ""swish"", ""linear""]]",3,32,303,False
bad4d6e9dbfd,"[[""tanh"", ""tanh"", ""tanh"", ""tanh"", ""tanh"", ""tanh"", ""tanh"", ""tanh"", ""tanh"", ""swish"", ""swish"", ""swish"", ""swish"", ""linear""], [""tanh"", ""tanh"", ""tanh"", ""tanh"", ""tanh"", ""swish"", ""swish""]]",2,21,155,False
a41fca7db217,"[[""tanh"", ""tanh"", ""tanh"", ""tanh"", ""swish"", ""swish""], [""tanh"", ""tanh"", ""tanh"", ""tanh"", ""tanh"", ""swish"", ""swish""], [""tanh"", ""tanh"", ""tanh"", ""tanh"", ""swish"", ""swish""]]",3,19,122,False
84766ecceda0,"[[""tanh"", ""tanh"", ""tanh"", ""tanh"", ""tanh"", ""tanh"", ""swish"", ""swish"", ""swish""], [""tanh"", ""tanh"", ""tanh"", ""tanh"", ""tanh"", ""tanh"", ""swish"", ""swish"", ""swish""]]",2,18,127,False
20639851a640,"[[""tanh"", ""tanh"", ""tanh"", ""tanh"", ""tanh"", ""tanh"", ""swish"", ""swish"", ""swish"", ""linear""], [""tanh"", ""tanh"", ""tanh"", ""tanh"", ""tanh"", ""tanh"", ""tanh"", ""tanh"", ""tanh"", ""tanh"", ""swish"", ""swish"", ""swish"", ""swish"", ""linear""], [""tanh"", ""tanh"", ""tanh"", ""tanh"", ""tanh"", ""tanh"", ""swish"", ""swish"", ""swish""]]",3,34,349,False
5abbdc2b5c5b,"[[""tanh"", ""tanh"", ""tanh"", ""tanh"", ""tanh"", ""swish"", ""swish"", ""swish""], [""tanh"", ""tanh"", ""tanh"", ""tanh"", ""tanh"", ""tanh"", ""swish"", ""swish"", ""swish""]]",2,17,115,False
f7ff4e12b07e,"[[""tanh"", ""tanh"", ""tanh"", ""tanh"", ""tanh"", ""tanh"", ""swish"", ""swish"", ""swish""], [""tanh"", ""tanh"", ""tanh"", ""tanh"", ""tanh"", ""tanh"", ""tanh"", ""tanh"", ""tanh"", ""tanh"", ""swish"", ""swish"", ""swish"", ""swish"", ""linear""], [""tanh"", ""tanh"", ""tanh"", ""tanh"", ""tanh"", ""tanh"", ""tanh"", ""tanh"", ""tanh"", ""swish"", ""swish"", ""swish"", ""swish"", ""linear""]]",3,38,416,False
278228d007fd,"[[""tanh"", ""tanh"", ""tanh"", ""tanh"", ""tanh"", ""tanh"", ""tanh"", ""tanh"", ""tanh"", ""tanh"", ""swish"", ""swish"", ""swish"", ""swish"", ""linear""], [""tanh"", ""tanh"", ""tanh"", ""tanh"", ""tanh"", ""tanh"", ""tanh"", ""tanh"", ""tanh"", ""swish"", ""swish"", ""swish"", ""swish"", ""linear""]]",2,29,284,False
1799169567b1,"[[""tanh"", ""tanh"", ""tanh"", ""tanh"", ""tanh"", ""tanh"", ""tanh"", ""swish"", ""swish"", ""swish"", ""linear""], [""tanh"", ""tanh"", ""tanh"", ""tanh"", ""tanh"", ""tanh"", ""swish"", ""swish"", ""swish""], [""tanh"", ""tanh"", ""tanh"", ""tanh"", ""tanh"", ""tanh"", ""tanh"", ""tanh"", ""swish"", ""swish"", ""swish"", ""linear""]]",3,32,274,False
7f36cc58e795,"[[""tanh"", ""tanh"", ""tanh"", ""tanh"", ""tanh"", ""swish"", ""swish""], [""tanh"", ""tanh"", ""tanh"", ""tanh"", ""tanh"", ""tanh"", ""tanh"", ""tanh"", ""tanh"", ""tanh"", ""swish"", ""swish"", ""swish"", ""swish"", ""swish"", ""linear""]]",2,23,166,False
f35cfb08e7d5,"[[""tanh"", ""tanh"", ""tanh"", ""tanh"", ""tanh"", ""tanh"", ""swish"", ""swish"", ""swish""], [""tanh"", ""tanh"", ""tanh"", ""tanh"", ""tanh"", ""tanh"", ""tanh"", ""tanh"", ""swish"", ""swish"", ""swish"", ""linear""], [""tanh"", ""tanh"", ""tanh"", ""tanh"", ""tanh"", ""swish"", ""swish"", ""swish""]]",3,29,260,False
e68e1838b45f,"[[""tanh"", ""tanh"", ""tanh"", ""tanh"", ""tanh"", ""tanh"", ""tanh"", ""tanh"", ""tanh"", ""tanh"", ""swish"", ""swish"", ""swish"", ""swish"", ""linear""], [""tanh"", ""tanh"", ""tanh"", ""tanh"", ""tanh"", ""tanh"", ""tanh"", ""tanh"", ""swish"", ""swish"", ""swish"", ""linear""]]",2,27,250,False
792b8b84f6c5,"[[""tanh"", ""tanh"", ""tanh"", ""tanh"", ""tanh"", ""tanh"", ""tanh"", ""tanh"", ""tanh"", ""swish"", ""swish"", ""swish"", ""swish"", ""linear""], [""tanh"", ""tanh"", ""tanh"", ""tanh"", ""swish"", ""swish""], [""tanh"", ""tanh"", ""tanh"", ""tanh"", ""tanh"", ""swish"", ""swish"", ""swish""]]",3,28,197,False
50e133ccf878,"[[""tanh"", ""tanh"", ""tanh"", ""tanh"", ""tanh"", ""tanh"", ""tanh"", ""tanh"", ""tanh"", ""tanh"", ""swish"", ""swish"", ""swish"", ""swish"", ""linear""], [""tanh"", ""tanh"", ""tanh"", ""tanh"", ""swish"", ""swish""]]",2,21,148,False
a55cddba25a1,"[[""tanh"", ""tanh"", ""tanh"", ""tanh"", ""tanh"", ""tanh"", ""tanh"", ""tanh"", ""tanh"", ""tanh"", ""swish"", ""swish"", ""swish"", ""swish"", ""linear""], [""tanh"", ""tanh"", ""tanh"", ""tanh"", ""tanh"", ""tanh"", ""swish"", ""swish"", ""swish""], [""tanh"", ""tanh"", ""tanh"", ""tanh"", ""tanh"", ""tanh"", ""tanh"", ""swish"", ""swish"", ""swish"", ""linear""]]",3,35,311,False
2272d4973b18,"[[""tanh"", ""tanh"", ""tanh"", ""tanh"", ""tanh"", ""tanh"", ""tanh"", ""tanh"", ""tanh"", ""tanh"", ""swish"", ""swish"", ""swish"", ""swish"", ""swish"", ""linear""], [""tanh"", ""tanh"", ""tanh"", ""tanh"", ""tanh"", ""tanh"", ""tanh"", ""swish"", ""swish"", ""swish"", ""linear""]]",2,27,247,False
ab23f5da2923,"[[""tanh"", ""tanh"", ""tanh"", ""tanh"", ""tanh"", ""tanh"", ""tanh"", ""tanh"", ""tanh"", ""tanh"", ""swish"", ""swish"", ""swish"", ""swish"", ""swish"", ""linear""], [""tanh"", ""tanh"", ""tanh"", ""tanh"", ""tanh"", ""tanh"", ""swish"", ""swish"", ""swish""], [""tanh"", ""tanh"", ""tanh"", ""tanh"", ""tanh"", ""tanh"", ""swish"", ""swish"", ""swish"", ""linear""]]",3,35,312,False
a76f14dabeae,"[[""tanh"", ""tanh"", ""tanh"", ""tanh"", ""tanh"", ""tanh"", ""tanh"", ""tanh"", ""tanh"", ""swish"", ""swish"", ""swish"", ""swish"", ""linear""], [""tanh"", ""tanh"", ""tanh"", ""tanh"", ""tanh"", ""tanh"", ""tanh"", ""tanh"", ""tanh"", ""tanh"", ""swish"", ""swish"", ""swish"", ""swish"", ""linear""]]",2,29,283,False
71bf4af23e63,"[[""tanh"", ""tanh"", ""tanh"", ""tanh"", ""tanh"", ""tanh"", ""tanh"", ""swish"", ""swish"", ""swish"", ""linear""], [""tanh"", ""tanh"", ""tanh"", ""tanh"", ""tanh"", ""swish"", ""swish"", ""swish""], [""tanh"", ""tanh"", ""tanh"", ""tanh"", ""tanh"", ""swish"", ""swish""]]",3,26,200,False
32d27f20f234,"[[""tanh"", ""tanh"", ""tanh"", ""tanh"", ""tanh"", ""tanh"", ""swish"", ""swish"", ""swish"", ""linear""], [""tanh"", ""tanh"", ""tanh"", ""tanh"", ""tanh"", ""swish"", ""swish""]]",2,17,115,False
8d4da0a28c72,"[[""tanh"", ""tanh"", ""tanh"", ""tanh"", ""tanh"", ""tanh"", ""tanh"", ""tanh"", ""tanh"", ""swish"", ""swish"", ""swish"", ""swish"", ""linear""], [""tanh"", ""tanh"", ""tanh"", ""tanh"", ""swish"", ""swish""], [""tanh"", ""tanh"", ""tanh"", ""tanh"", ""tanh"", ""tanh"", ""tanh"", ""tanh"", ""tanh"", ""tanh"", ""swish"", ""swish"", ""swish"", ""swish"", ""swish"", ""linear""]]",3,36,261,False
92b722b95782,"[[""tanh"", ""tanh"", ""tanh"", ""tanh"", ""tanh"", ""tanh"", ""tanh"", ""tanh"", ""tanh"", ""tanh"", ""swish"", ""swish"", ""swish"", ""swish"", ""swish"", ""linear""], [""tanh"", ""tanh"", ""tanh"", ""tanh"", ""tanh"", ""tanh"", ""tanh"", ""tanh"", ""swish"", ""swish"", ""swish"", ""swish"", ""linear""]]",2,29,283,False
c5c78af6ef50,"[[""tanh"", ""tanh"", ""tanh"", ""tanh"", ""swish"", ""swish""], [""tanh"", ""tanh"", ""tanh"", ""tanh"", ""tanh"", ""tanh"", ""tanh"", ""swish"", ""swish"", ""swish"", ""linear""], [""tanh"", ""tanh"", ""tanh"", ""tanh"", ""tanh"", ""tanh"", ""swish"", ""swish"", ""swish"", ""linear""]]",3,27,226,False
d2063f3bd499,"[[""tanh"", ""tanh"", ""tanh"", ""tanh"", ""tanh"", ""tanh"", ""tanh"", ""tanh"", ""tanh"", ""swish"", ""swish"", ""swish"", ""swish"", ""linear""], [""tanh"", ""tanh"", ""tanh"", ""tanh"", ""tanh"", ""tanh"", ""swish"", ""swish"", ""swish""]]",2,23,187,False
06950b5a1766,"[[""tanh"", ""tanh"", ""tanh"", ""tanh"", ""tanh"", ""tanh"", ""tanh"", ""tanh"", ""tanh"", ""swish"", ""swish"", ""swish"", ""swish"", ""linear""], [""tanh"", ""tanh"", ""tanh"", ""tanh"", ""tanh"", ""tanh"", ""tanh"", ""tanh"", ""swish"", ""swish"", ""swish"", ""swish"", ""linear""], [""tanh"", ""tanh"", ""tanh"", ""tanh"", ""tanh"", ""tanh"", ""tanh"", ""tanh"", ""swish"", ""swish"", ""swish"", ""swish"", ""linear""]]",3,40,433,False
b9526604d25d,"[[""tanh"", ""tanh"", ""tanh"", ""tanh"", ""tanh"", ""swish"", ""swish""], [""tanh"", ""tanh"", ""tanh"", ""tanh"", ""tanh"", ""tanh"", ""swish"", ""swish"", ""swish"", ""linear""]]",2,17,112,False
16c544414ce2,"[[""tanh"", ""tanh"", ""tanh"", ""tanh"", ""tanh"", ""tanh"", ""tanh"", ""tanh"", ""tanh"", ""swish"", ""swish"", ""swish"", ""swish"", ""linear""], [""tanh"", ""tanh"", ""tanh"", ""tanh"", ""swish"", ""swish""], [""tanh"", ""tanh"", ""tanh"", ""tanh"", ""tanh"", ""tanh"", ""tanh"", ""tanh"", ""tanh"", ""tanh"", ""swish"", ""swish"", ""swish"", ""swish"", ""linear""]]",3,35,253,False
eaf5448906a3,"[[""tanh"", ""tanh"", ""tanh"", ""tanh"", ""tanh"", ""tanh"", ""tanh"", ""tanh"", ""swish"", ""swish"", ""swish"", ""linear""], [""tanh"", ""tanh"", ""tanh"", ""tanh"", ""tanh"", ""tanh"", ""tanh"", ""tanh"", ""swish"", ""swish"", ""swish"", ""swish"", ""linear""]]",2,25,219,False
99f733d47d77,"[[""tanh"", ""tanh"", ""tanh"", ""tanh"", ""tanh"", ""swish"", ""swish"", ""swish""], [""tanh"", ""tanh"", ""tanh"", ""tanh"", ""tanh"", ""tanh"", ""tanh"", ""tanh"", ""tanh"", ""tanh"", ""swish"", ""swish"", ""swish"", ""swish"", ""swish"", ""linear""], [""tanh"", ""tanh"", ""tanh"", ""tanh"", ""tanh"", ""swish"", ""swish""]]",3,31,295,False
02bc6f8b0823,"[[""tanh"", ""tanh"", ""tanh"", ""tanh"", ""swish"", ""swish""], [""tanh"", ""tanh"", ""tanh"", ""tanh"", ""tanh"", ""tanh"", ""tanh"", ""tanh"", ""tanh"", ""tanh"", ""swish"", ""swish"", ""swish"", ""swish"", ""linear""]]",2,21,139,False
8edba866994b,"[[""tanh"", ""tanh"", ""tanh"", ""tanh"", ""tanh"", ""swish"", ""swish"", ""swish""], [""tanh"", ""tanh"", ""tanh"", ""tanh"", ""tanh"", ""tanh"", ""tanh"", ""tanh"", ""swish"", ""swish"", ""swish"", ""linear""], [""tanh"", ""tanh"", ""tanh"", ""tanh"", ""tanh"", ""swish"", ""swish"", ""swish""]]",3,28,245,False
350f7245eaed,"[[""tanh"", ""tanh"", ""tanh"", ""tanh"", ""tanh"", ""tanh"", ""swish"", ""swish"", ""swish"", ""linear""], [""tanh"", ""tanh"", ""tanh"", ""tanh"", ""tanh"", ""tanh"", ""tanh"", ""swish"", ""swish"", ""swish"", ""linear""]]",2,21,163,False
4b3d2e131a95,"[[""tanh"", ""tanh"", ""tanh"", ""tanh"", ""tanh"", ""tanh"", ""tanh"", ""tanh"", ""tanh"", ""tanh"", ""swish"", ""swish"", ""swish"", ""swish"", ""swish"", ""linear""], [""tanh"", ""tanh"", ""tanh"", ""tanh"", ""tanh"", ""tanh"", ""tanh"", ""tanh"", ""swish"", ""swish"", ""swish"", ""swish"", ""linear""], [""tanh"", ""tanh"", ""tanh"", ""tanh"", ""tanh"", ""tanh"", ""swish"", ""swish"", ""swish""]]",3,38,405,False
e7ffab97e7bf,"[[""tanh"", ""tanh"", ""tanh"", ""tanh"", ""tanh"", ""tanh"", ""tanh"", ""tanh"", ""tanh"", ""swish"", ""swish"", ""swish"", ""swish"", ""linear""], [""tanh"", ""tanh"", ""tanh"", ""tanh"", ""tanh"", ""tanh"", ""tanh"", ""tanh"", ""tanh"", ""swish"", ""swish"", ""swish"", ""swish"", ""linear""]]",2,28,267,False
062de7a1a8b2,"[[""tanh"", ""tanh"", ""tanh"", ""tanh"", ""tanh"", ""tanh"", ""tanh"", ""tanh"", ""swish"", ""swish"", ""swish"", ""swish"", ""linear""], [""tanh"", ""tanh"", ""tanh"", ""tanh"", ""tanh"", ""swish"", ""swish""], [""tanh"", ""tanh"", ""tanh"", ""tanh"", ""tanh"", ""tanh"", ""tanh"", ""tanh"", ""swish"", ""swish"", ""swish"", ""swish"", ""linear""]]",3,33,255,False
da53fea67006,"[[""tanh"", ""tanh"", ""tanh"", ""tanh"", ""tanh"", ""tanh"", ""tanh"", ""tanh"", ""swish"", ""swish"", ""swish"", ""linear""], [""tanh"", ""tanh"", ""tanh"", ""tanh"", ""swish"", ""swish""]]",2,18,121,False
d46f6efbf44e,"[[""tanh"", ""tanh"", ""tanh"", ""tanh"", ""tanh"", ""tanh"", ""tanh"", ""tanh"", ""swish"", ""swish"", ""swish"", ""swish"", ""linear""], [""tanh"", ""tanh"", ""tanh"", ""tanh"", ""tanh"", ""tanh"", ""tanh"", ""tanh"", ""tanh"", ""tanh"", ""swish"", ""swish"", ""swish"", ""swish"", ""swish"", ""linear""], [""tanh"", ""tanh"", ""tanh"", ""tanh"", ""tanh"", ""tanh"", ""tanh"", ""tanh"", ""swish"", ""swish"", ""swish"", ""linear""]]",3,41,480,False
49325a682b9c,"[[""tanh"", ""tanh"", ""tanh"", ""tanh"", ""tanh"", ""swish"", ""swish"", ""swish""], [""tanh"", ""tanh"", ""tanh"", ""tanh"", ""tanh"", ""tanh"", ""tanh"", ""tanh"", ""swish"", ""swish"", ""swish"", ""swish"", ""linear""]]",2,21,155,False
acf7bb3e7386,"[[""tanh"", ""tanh"", ""tanh"", ""tanh"", ""tanh"", ""tanh"", ""tanh"", ""swish"", ""swish"", ""swish"", ""linear""], [""tanh"", ""tanh"", ""tanh"", ""tanh"", ""tanh"", ""swish"", ""swish"", ""swish""], [""tanh"", ""tanh"", ""tanh"", ""tanh"", ""tanh"", ""tanh"", ""tanh"", ""tanh"", ""tanh"", ""tanh"", ""swish"", ""swish"", ""swish"", ""swish"", ""linear""]]",3,34,280,False
cadb79b4aaff,"[[""tanh"", ""tanh"", ""tanh"", ""tanh"", ""tanh"", ""tanh"", ""tanh"", ""swish"", ""swish"", ""swish"", ""linear""], [""tanh"", ""tanh"", ""tanh"", ""tanh"", ""tanh"", ""tanh"", ""tanh"", ""tanh"", ""tanh"", ""swish"", ""swish"", ""swish"", ""swish"", ""linear""]]",2,25,216,False
91b6d434de79,"[[""tanh"", ""tanh"", ""tanh"", ""tanh"", ""swish"", ""swish""], [""tanh"", ""tanh"", ""tanh"", ""tanh"", ""tanh"", ""tanh"", ""tanh"", ""swish"", ""swish"", ""swish"", ""linear""], [""tanh"", ""tanh"", ""tanh"", ""tanh"", ""tanh"", ""tanh"", ""tanh"", ""tanh"", ""tanh"", ""tanh"", ""swish"", ""swish"", ""swish"", ""swish"", ""swish"", ""linear""]]",3,33,304,False
a4867b250db1,"[[""tanh"", ""tanh"", ""tanh"", ""tanh"", ""tanh"", ""tanh"", ""tanh"", ""tanh"", ""tanh"", ""swish"", ""swish"", ""swish"", ""swish"", ""linear""], [""tanh"", ""tanh"", ""tanh"", ""tanh"", ""tanh"", ""tanh"", ""swish"", ""swish"", ""swish"", ""linear""]]",2,24,203,False
31a5d52cb9d4,"[[""tanh"", ""tanh"", ""tanh"", ""tanh"", ""tanh"", ""tanh"", ""tanh"", ""tanh"", ""swish"", ""swish"", ""swish"", ""swish"", ""linear""], [""tanh"", ""tanh"", ""tanh"", ""tanh"", ""tanh"", ""tanh"", ""tanh"", ""tanh"", ""swish"", ""swish"", ""swish"", ""linear""], [""tanh"", ""tanh"", ""tanh"", ""tanh"", ""tanh"", ""tanh"", ""swish"", ""swish"", ""swish"", ""linear""]]",3,35,348,False
2d5d4450c03c,"[[""tanh"", ""tanh"", ""tanh"", ""tanh"", ""swish"", ""swish""], [""tanh"", ""tanh"", ""tanh"", ""tanh"", ""tanh"", ""tanh"", ""tanh"", ""tanh"", ""swish"", ""swish"", ""swish"", ""linear""]]",2,18,115,False
9ad19e8a1c88,"[[""tanh"", ""tanh"", ""tanh"", ""tanh"", ""swish"", ""swish""], [""tanh"", ""tanh"", ""tanh"", ""tanh"", ""tanh"", ""tanh"", ""tanh"", ""tanh"", ""swish"", ""swish"", ""swish"", ""linear""], [""tanh"", ""tanh"", ""tanh"", ""tanh"", ""tanh"", ""tanh"", ""tanh"", ""tanh"", ""swish"", ""swish"", ""swish"", ""linear""]]",3,30,271,False
c37d79934187,"[[""tanh"", ""tanh"", ""tanh"", ""tanh"", ""swish"", ""swish""], [""tanh"", ""tanh"", ""tanh"", ""tanh"", ""tanh"", ""tanh"", ""tanh"", ""tanh"", ""tanh"", ""tanh"", ""swish"", ""swish"", ""swish"", ""swish"", ""swish"", ""linear""]]",2,22,147,False
c243425f0785,"[[""tanh"", ""tanh"", ""tanh"", ""tanh"", ""tanh"", ""swish"", ""swish"", ""swish""], [""tanh"", ""tanh"", ""tanh"", ""tanh"", ""tanh"", ""tanh"", ""swish"", ""swish"", ""swish"", ""linear""], [""tanh"", ""tanh"", ""tanh"", ""tanh"", ""tanh"", ""tanh"", ""tanh"", ""tanh"", ""swish"", ""swish"", ""swish"", ""swish"", ""linear""]]",3,31,271,False
9b752088ffe4,"[[""tanh"", ""tanh"", ""tanh"", ""tanh"", ""tanh"", ""tanh"", ""swish"", ""swish"", ""swish"", ""linear""], [""tanh"", ""tanh"", ""tanh"", ""tanh"", ""tanh"", ""tanh"", ""tanh"", ""tanh"", ""tanh"", ""tanh"", ""swish"", ""swish"", ""swish"", ""swish"", ""swish"", ""linear""]]",2,26,223,False
0c2decfe60e0,"[[""tanh"", ""tanh"", ""tanh"", ""tanh"", ""tanh"", ""tanh"", ""tanh"", ""tanh"", ""tanh"", ""tanh"", ""swish"", ""swish"", ""swish"", ""swish"", ""swish"", ""linear""], [""tanh"", ""tanh"", ""tanh"", ""tanh"", ""tanh"", ""tanh"", ""tanh"", ""tanh"", ""tanh"", ""swish"", ""swish"", ""swish"", ""swish"", ""linear""], [""tanh"", ""tanh"", ""tanh"", ""tanh"", ""tanh"", ""tanh"", ""tanh"", ""tanh"", ""tanh"", ""swish"", ""swish"", ""swish"", ""swish"", ""linear""]]",3,44,511,False
88895893530f,"[[""tanh"", ""tanh"", ""tanh"", ""tanh"", ""tanh"", ""tanh"", ""tanh"", ""tanh"", ""tanh"", ""swish"", ""swish"", ""swish"", ""swish"", ""linear""], [""tanh"", ""tanh"", ""tanh"", ""tanh"", ""tanh"", ""swish"", ""swish"", ""swish""]]",2,22,171,False
0831b7cfaba5,"[[""tanh"", ""tanh"", ""tanh"", ""tanh"", ""tanh"", ""tanh"", ""tanh"", ""tanh"", ""tanh"", ""swish"", ""swish"", ""swish"", ""swish"", ""linear""], [""tanh"", ""tanh"", ""tanh"", ""tanh"", ""swish"", ""swish""], [""tanh"", ""tanh"", ""tanh"", ""tanh"", ""tanh"", ""tanh"", ""swish"", ""swish"", ""swish"", ""linear""]]",3,30,213,False
f35950a994a1,"[[""tanh"", ""tanh"", ""tanh"", ""tanh"", ""swish"", ""swish""], [""tanh"", ""tanh"", ""tanh"", ""tanh"", ""tanh"", ""tanh"", ""tanh"", ""tanh"", ""tanh"", ""swish"", ""swish"", ""swish"", ""swish"", ""linear""]]",2,20,131,False
bdd6f3b56dca,"[[""tanh"", ""tanh"", ""tanh"", ""tanh"", ""tanh"", ""swish"", ""swish"", ""swish""], [""tanh"", ""tanh"", ""tanh"", ""tanh"", ""tanh"", ""tanh"", ""tanh"", ""tanh"", ""swish"", ""swish"", ""swish"", ""linear""], [""tanh"", ""tanh"", ""tanh"", ""tanh"", ""swish"", ""swish""]]",3,26,217,False
cf271074f368,"[[""tanh"", ""tanh"", ""tanh"", ""tanh"", ""swish"", ""swish""], [""tanh"", ""tanh"", ""tanh"", ""tanh"", ""tanh"", ""tanh"", ""swish"", ""swish"", ""swish"", ""linear""]]",2,16,99,False
07358eac89c4,"[[""tanh"", ""tanh"", ""tanh"", ""tanh"", ""tanh"", ""swish"", ""swish"", ""swish""], [""tanh"", ""tanh"", ""tanh"", ""tanh"", ""tanh"", ""tanh"", ""tanh"", ""swish"", ""swish"", ""swish"", ""linear""], [""tanh"", ""tanh"", ""tanh"", ""tanh"", ""tanh"", ""swish"", ""swish""]]",3,26,215,False
59e77abb40d7,"[[""tanh"", ""tanh"", ""tanh"", ""tanh"", ""tanh"", ""tanh"", ""swish"", ""swish"", ""swish""], [""tanh"", ""tanh"", ""tanh"", ""tanh"", ""tanh"", ""swish"", ""swish"", ""swish""]]",2,17,116,False
1699c655cb58,"[[""tanh"", ""tanh"", ""tanh"", ""tanh"", ""tanh"", ""tanh"", ""tanh"", ""tanh"", ""swish"", ""swish"", ""swish"", ""linear""], [""tanh"", ""tanh"", ""tanh"", ""tanh"", ""tanh"", ""tanh"", ""swish"", ""swish"", ""swish""], [""tanh"", ""tanh"", ""tanh"", ""tanh"", ""tanh"", ""tanh"", ""swish"", ""swish"", ""swish"", ""linear""]]",3,31,264,False
b617d7fc3e83,"[[""tanh"", ""tanh"", ""tanh"", ""tanh"", ""tanh"", ""swish"", ""swish""], [""tanh"", ""tanh"", ""tanh"", ""tanh"", ""swish"", ""swish""]]",2,13,76,False
71c7aa33ee3a,"[[""tanh"", ""tanh"", ""tanh"", ""tanh"", ""tanh"", ""tanh"", ""tanh"", ""tanh"", ""tanh"", ""tanh"", ""swish"", ""swish"", ""swish"", ""swish"", ""swish"", ""linear""], [""tanh"", ""tanh"", ""tanh"", ""tanh"", ""tanh"", ""swish"", ""swish""], [""tanh"", ""tanh"", ""tanh"", ""tanh"", ""tanh"", ""tanh"", ""swish"", ""swish"", ""swish"", ""linear""]]",3,33,258,False
8b1e98dcfd11,"[[""tanh"", ""tanh"", ""tanh"", ""tanh"", ""tanh"", ""tanh"", ""swish"", ""swish"", ""swish""], [""tanh"", ""tanh"", ""tanh"", ""tanh"", ""tanh"", ""tanh"", ""tanh"", ""tanh"", ""swish"", ""swish"", ""swish"", ""swish"", ""linear""]]",2,22,171,False
8a856f7b522d,"[[""tanh"", ""tanh"", ""tanh"", ""tanh"", ""tanh"", ""tanh"", ""tanh"", ""tanh"", ""tanh"", ""tanh"", ""swish"", ""swish"", ""swish"", ""swish"", ""linear""], [""tanh"", ""tanh"", ""tanh"", ""tanh"", ""swish"", ""swish""], [""tanh"", ""tanh"", ""tanh"", ""tanh"", ""tanh"", ""tanh"", ""tanh"", ""tanh"", ""swish"", ""swish"", ""swish"", ""swish"", ""linear""]]",3,34,246,False
043b493765db,"[[""tanh"", ""tanh"", ""tanh"", ""tanh"", ""tanh"", ""tanh"", ""tanh"", ""tanh"", ""tanh"", ""tanh"", ""swish"", ""swish"", ""swish"", ""swish"", ""linear""], [""tanh"", ""tanh"", ""tanh"", ""tanh"", ""tanh"", ""swish"", ""swish""]]",2,22,165,False
beab2d135f31,"[[""tanh"", ""tanh"", ""tanh"", ""tanh"", ""tanh"", ""tanh"", ""tanh"", ""tanh"", ""swish"", ""swish"", ""swish"", ""swish"", ""linear""], [""tanh"", ""tanh"", ""tanh"", ""tanh"", ""tanh"", ""tanh"", ""swish"", ""swish"", ""swish"", ""linear""], [""tanh"", ""tanh"", ""tanh"", ""tanh"", ""tanh"", ""tanh"", ""tanh"", ""tanh"", ""swish"", ""swish"", ""swish"", ""linear""]]",3,35,324,False
ea6c509afd20,"[[""tanh"", ""tanh"", ""tanh"", ""tanh"", ""tanh"", ""tanh"", ""tanh"", ""tanh"", ""swish"", ""swish"", ""swish"", ""linear""], [""tanh"", ""tanh"", ""tanh"", ""tanh"", ""tanh"", ""tanh"", ""swish"", ""swish"", ""swish""]]",2,21,163,False
b2625082af48,"[[""tanh"", ""tanh"", ""tanh"", ""tanh"", ""tanh"", ""tanh"", ""swish"", ""swish"", ""swish""], [""tanh"", ""tanh"", ""tanh"", ""tanh"", ""tanh"", ""tanh"", ""tanh"", ""tanh"", ""tanh"", ""tanh"", ""swish"", ""swish"", ""swish"", ""swish"", ""swish"", ""linear""], [""tanh"", ""tanh"", ""tanh"", ""tanh"", ""tanh"", ""tanh"", ""tanh"", ""tanh"", ""swish"", ""swish"", ""swish"", ""linear""]]",3,37,404,False
97a8e4f7c0c3,"[[""tanh"", ""tanh"", ""tanh"", ""tanh"", ""tanh"", ""tanh"", ""tanh"", ""tanh"", ""tanh"", ""tanh"", ""swish"", ""swish"", ""swish"", ""swish"", ""linear""], [""tanh"", ""tanh"", ""tanh"", ""tanh"", ""tanh"", ""tanh"", ""swish"", ""swish"", ""swish""]]",2,24,199,False
0214c5bf2c0c,"[[""tanh"", ""tanh"", ""tanh"", ""tanh"", ""tanh"", ""tanh"", ""tanh"", ""tanh"", ""tanh"", ""swish"", ""swish"", ""swish"", ""swish"", ""linear""], [""tanh"", ""tanh"", ""tanh"", ""tanh"", ""tanh"", ""tanh"", ""tanh"", ""tanh"", ""tanh"", ""tanh"", ""swish"", ""swish"", ""swish"", ""swish"", ""linear""], [""tanh"", ""tanh"", ""tanh"", ""tanh"", ""tanh"", ""swish"", ""swish"", ""swish""]]",3,37,404,False
378fd44b5701,"[[""tanh"", ""tanh"", ""tanh"", ""tanh"", ""tanh"", ""tanh"", ""swish"", ""swish"", ""swish""], [""tanh"", ""tanh"", ""tanh"", ""tanh"", ""swish"", ""swish""]]",2,15,94,False
ad20b20dca76,"[[""tanh"", ""tanh"", ""tanh"", ""tanh"", ""tanh"", ""tanh"", ""swish"", ""swish"", ""swish""], [""tanh"", ""tanh"", ""tanh"", ""tanh"", ""tanh"", ""tanh"", ""tanh"", ""swish"", ""swish"", ""swish"", ""linear""], [""tanh"", ""tanh"", ""tanh"", ""tanh"", ""tanh"", ""tanh"", ""tanh"", ""swish"", ""swish"", ""swish"", ""linear""]]",3,31,281,False
50bf4c4c4dbe,"[[""tanh"", ""tanh"", ""tanh"", ""tanh"", ""tanh"", ""tanh"", ""tanh"", ""tanh"", ""tanh"", ""swish"", ""swish"", ""swish"", ""swish"", ""linear""], [""tanh"", ""tanh"", ""tanh"", ""tanh"", ""swish"", ""swish""]]",2,20,139,False
6855af18be05,"[[""tanh"", ""tanh"", ""tanh"", ""tanh"", ""tanh"", ""swish"", ""swish"", ""swish""], [""tanh"", ""tanh"", ""tanh"", ""tanh"", ""tanh"", ""tanh"", ""tanh"", ""tanh"", ""tanh"", ""swish"", ""swish"", ""swish"", ""swish"", ""linear""], [""tanh"", ""tanh"", ""tanh"", ""tanh"", ""tanh"", ""tanh"", ""tanh"", ""swish"", ""swish"", ""swish"", ""linear""]]",3,33,327,False
6d9be9f4789d,"[[""tanh"", ""tanh"", ""tanh"", ""tanh"", ""tanh"", ""swish"", ""swish"", ""swish""], [""tanh"", ""tanh"", ""tanh"", ""tanh"", ""tanh"", ""tanh"", ""swish"", ""swish"", ""swish"", ""linear""]]",2,18,125,False
318cfec9494f,"[[""tanh"", ""tanh"", ""tanh"", ""tanh"", ""swish"", ""swish""], [""tanh"", ""tanh"", ""tanh"", ""tanh"", ""tanh"", ""tanh"", ""tanh"", ""tanh"", ""swish"", ""swish"", ""swish"", ""swish"", ""linear""], [""tanh"", ""tanh"", ""tanh"", ""tanh"", ""tanh"", ""tanh"", ""swish"", ""swish"", ""swish""]]",3,28,245,False
03bf18a2b11a,"[[""tanh"", ""tanh"", ""tanh"", ""tanh"", ""tanh"", ""tanh"", ""swish"", ""swish"", ""swish""], [""tanh"", ""tanh"", ""tanh"", ""tanh"", ""tanh"", ""tanh"", ""tanh"", ""tanh"", ""tanh"", ""swish"", ""swish"", ""swish"", ""swish"", ""linear""]]",2,23,182,False
b457e96d6d7a,"[[""tanh"", ""tanh"", ""tanh"", ""tanh"", ""tanh"", ""swish"", ""swish"", ""swish""], [""tanh"", ""tanh"", ""tanh"", ""tanh"", ""tanh"", ""tanh"", ""tanh"", ""tanh"", ""tanh"", ""tanh"", ""swish"", ""swish"", ""swish"", ""swish"", ""linear""], [""tanh"", ""tanh"", ""tanh"", ""tanh"", ""tanh"", ""tanh"", ""tanh"", ""tanh"", ""swish"", ""swish"", ""swish"", ""swish"", ""linear""]]",3,36,381,False
d01133261697,"[[""tanh"", ""tanh"", ""tanh"", ""tanh"", ""tanh"", ""tanh"", ""tanh"", ""tanh"", ""tanh"", ""tanh"", ""swish"", ""swish"", ""swish"", ""swish"", ""swish"", ""linear""], [""tanh"", ""tanh"", ""tanh"", ""tanh"", ""tanh"", ""tanh"", ""swish"", ""swish"", ""swish""]]",2,25,211,False
a4efd9b3eef3,"[[""tanh"", ""tanh"", ""tanh"", ""tanh"", ""tanh"", ""tanh"", ""tanh"", ""tanh"", ""swish"", ""swish"", ""swish"", ""linear""], [""tanh"", ""tanh"", ""tanh"", ""tanh"", ""tanh"", ""swish"", ""swish""], [""tanh"", ""tanh"", ""tanh"", ""tanh"", ""tanh"", ""tanh"", ""tanh"", ""swish"", ""swish"", ""swish"", ""linear""]]",3,30,227,False
2a8fa0d55428,"[[""tanh"", ""tanh"", ""tanh"", ""tanh"", ""tanh"", ""tanh"", ""tanh"", ""tanh"", ""tanh"", ""tanh"", ""swish"", ""swish"", ""swish"", ""swish"", ""swish"", ""linear""], [""tanh"", ""tanh"", ""tanh"", ""tanh"", ""tanh"", ""tanh"", ""tanh"", ""tanh"", ""tanh"", ""tanh"", ""swish"", ""swish"", ""swish"", ""swish"", ""linear""]]",2,31,319,False
c00b1fd6af8a,"[[""tanh"", ""tanh"", ""tanh"", ""tanh"", ""tanh"", ""swish"", ""swish""], [""tanh"", ""tanh"", ""tanh"", ""tanh"", ""swish"", ""swish""], [""tanh"", ""tanh"", ""tanh"", ""tanh"", ""tanh"", ""swish"", ""swish""]]",3,20,126,False
add7303a493a,"[[""tanh"", ""tanh"", ""tanh"", ""tanh"", ""tanh"", ""tanh"", ""tanh"", ""tanh"", ""swish"", ""swish"", ""swish"", ""swish"", ""linear""], [""tanh"", ""tanh"", ""tanh"", ""tanh"", ""tanh"", ""tanh"", ""tanh"", ""tanh"", ""tanh"", ""tanh"", ""swish"", ""swish"", ""swish"", ""swish"", ""linear""]]",2,28,265,False
1c1fc3b08c0c,"[[""tanh"", ""tanh"", ""tanh"", ""tanh"", ""tanh"", ""tanh"", ""tanh"", ""swish"", ""swish"", ""swish"", ""linear""], [""tanh"", ""tanh"", ""tanh"", ""tanh"", ""tanh"", ""tanh"", ""tanh"", ""tanh"", ""swish"", ""swish"", ""swish"", ""swish"", ""linear""], [""tanh"", ""tanh"", ""tanh"", ""tanh"", ""tanh"", ""swish"", ""swish"", ""swish""]]",3,32,310,False
fe6ed31694f6,"[[""tanh"", ""tanh"", ""tanh"", ""tanh"", ""tanh"", ""swish"", ""swish"", ""swish""], [""tanh"", ""tanh"", ""tanh"", ""tanh"", ""tanh"", ""tanh"", ""tanh"", ""tanh"", ""tanh"", ""tanh"", ""swish"", ""swish"", ""swish"", ""swish"", ""linear""]]",2,23,175,False
e8b5efa32dfd,"[[""tanh"", ""tanh"", ""tanh"", ""tanh"", ""tanh"", ""swish"", ""swish""], [""tanh"", ""tanh"", ""tanh"", ""tanh"", ""tanh"", ""tanh"", ""swish"", ""swish"", ""swish"", ""linear""], [""tanh"", ""tanh"", ""tanh"", ""tanh"", ""tanh"", ""tanh"", ""tanh"", ""tanh"", ""tanh"", ""tanh"", ""swish"", ""swish"", ""swish"", ""swish"", ""swish"", ""linear""]]",3,33,294,False
48a878866ca4,"[[""tanh"", ""tanh"", ""tanh"", ""tanh"", ""tanh"", ""swish"", ""swish"", ""swish""], [""tanh"", ""tanh"", ""tanh"", ""tanh"", ""tanh"", ""swish"", ""swish""]]",2,15,95,False
45d7ccf0c88c,"[[""tanh"", ""tanh"", ""tanh"", ""tanh"", ""tanh"", ""swish"", ""swish"", ""swish""], [""tanh"", ""tanh"", ""tanh"", ""tanh"", ""tanh"", ""tanh"", ""tanh"", ""tanh"", ""swish"", ""swish"", ""swish"", ""swish"", ""linear""], [""tanh"", ""tanh"", ""tanh"", ""tanh"", ""tanh"", ""swish"", ""swish"", ""swish""]]",3,29,262,False
0a9fa471a6b2,"[[""tanh"", ""tanh"", ""tanh"", ""tanh"", ""tanh"", ""swish"", ""swish""], [""tanh"", ""tanh"", ""tanh"", ""tanh"", ""tanh"", ""tanh"", ""tanh"", ""tanh"", ""swish"", ""swish"", ""swish"", ""linear""]]",2,19,130,False
05cd4cd8e588,"[[""tanh"", ""tanh"", ""tanh"", ""tanh"", ""tanh"", ""swish"", ""swish"", ""swish""], [""tanh"", ""tanh"", ""tanh"", ""tanh"", ""swish"", ""swish""], [""tanh"", ""tanh"", ""tanh"", ""tanh"", ""swish"", ""swish""]]",3,20,127,False
d32fad66d509,"[[""tanh"", ""tanh"", ""tanh"", ""tanh"", ""tanh"", ""tanh"", ""swish"", ""swish"", ""swish"", ""linear""], [""tanh"", ""tanh"", ""tanh"", ""tanh"", ""tanh"", ""tanh"", ""tanh"", ""tanh"", ""swish"", ""swish"", ""swish"", ""linear""]]",2,22,175,False
2ee90a9b0399,"[[""tanh"", ""tanh"", ""tanh"", ""tanh"", ""tanh"", ""tanh"", ""swish"", ""swish"", ""swish""], [""tanh"", ""tanh"", ""tanh"", ""tanh"", ""tanh"", ""tanh"", ""tanh"", ""tanh"", ""swish"", ""swish"", ""swish"", ""swish"", ""linear""], [""tanh"", ""tanh"", ""tanh"", ""tanh"", ""tanh"", ""tanh"", ""tanh"", ""tanh"", ""swish"", ""swish"", ""swish"", ""linear""]]",3,34,338,False
ecd6ac385d18,"[[""tanh"", ""tanh"", ""tanh"", ""tanh"", ""tanh"", ""tanh"", ""swish"", ""swish"", ""swish""], [""tanh"", ""tanh"", ""tanh"", ""tanh"", ""tanh"", ""tanh"", ""tanh"", ""tanh"", ""tanh"", ""tanh"", ""swish"", ""swish"", ""swish"", ""swish"", ""swish"", ""linear""], [""tanh"", ""tanh"", ""tanh"", ""tanh"", ""swish"", ""swish""]]",3,31,296,False
61fa8d0a99c2,"[[""tanh"", ""tanh"", ""tanh"", ""tanh"", ""tanh"", ""tanh"", ""tanh"", ""tanh"", ""tanh"", ""tanh"", ""swish"", ""swish"", ""swish"", ""swish"", ""linear""], [""tanh"", ""tanh"", ""tanh"", ""tanh"", ""tanh"", ""tanh"", ""tanh"", ""tanh"", ""tanh"", ""swish"", ""swish"", ""swish"", ""swish"", ""linear""], [""tanh"", ""tanh"", ""tanh"", ""tanh"", ""tanh"", ""tanh"", ""tanh"", ""tanh"", ""tanh"", ""tanh"", ""swish"", ""swish"", ""swish"", ""swish"", ""linear""]]",3,44,510,False
ed88b9fe02fa,"[[""tanh"", ""tanh"", ""tanh"", ""tanh"", ""tanh"", ""tanh"", ""tanh"", ""tanh"", ""tanh"", ""tanh"", ""swish"", ""swish"", ""swish"", ""swish"", ""swish"", ""linear""], [""tanh"", ""tanh"", ""tanh"", ""tanh"", ""tanh"", ""tanh"", ""swish"", ""swish"", ""swish""], [""tanh"", ""tanh"", ""tanh"", ""tanh"", ""tanh"", ""tanh"", ""tanh"", ""tanh"", ""swish"", ""swish"", ""swish"", ""swish"", ""linear""]]",3,38,345,False
5c5311816d4c,"[[""tanh"", ""tanh"", ""tanh"", ""tanh"", ""tanh"", ""tanh"", ""tanh"", ""tanh"", ""tanh"", ""tanh"", ""swish"", ""swish"", ""swish"", ""swish"", ""swish"", ""linear""], [""tanh"", ""tanh"", ""tanh"", ""tanh"", ""tanh"", ""tanh"", ""tanh"", ""tanh"", ""tanh"", ""swish"", ""swish"", ""swish"", ""swish"", ""linear""], [""tanh"", ""tanh"", ""tanh"", ""tanh"", ""tanh"", ""tanh"", ""tanh"", ""tanh"", ""tanh"", ""tanh"", ""swish"", ""swish"", ""swish"", ""swish"", ""linear""]]",3,45,527,False
be35ceb89495,"[[""tanh"", ""tanh"", ""tanh"", ""tanh"", ""tanh"", ""swish"", ""swish"", ""swish""], [""tanh"", ""tanh"", ""tanh"", ""tanh"", ""tanh"", ""tanh"", ""swish"", ""swish"", ""swish"", ""linear""], [""tanh"", ""tanh"", ""tanh"", ""tanh"", ""tanh"", ""tanh"", ""tanh"", ""swish"", ""swish"", ""swish"", ""linear""]]",3,29,247,False
f7ac8babffbb,"[[""tanh"", ""tanh"", ""tanh"", ""tanh"", ""swish"", ""swish""], [""tanh"", ""tanh"", ""tanh"", ""tanh"", ""tanh"", ""swish"", ""swish""], [""tanh"", ""tanh"", ""tanh"", ""tanh"", ""tanh"", ""tanh"", ""tanh"", ""tanh"", ""swish"", ""swish"", ""swish"", ""swish"", ""linear""]]",3,26,185,False
86e195885365,"[[""tanh"", ""tanh"", ""tanh"", ""tanh"", ""tanh"", ""tanh"", ""tanh"", ""tanh"", ""swish"", ""swish"", ""swish"", ""swish"", ""linear""], [""tanh"", ""tanh"", ""tanh"", ""tanh"", ""tanh"", ""tanh"", ""tanh"", ""tanh"", ""tanh"", ""swish"", ""swish"", ""swish"", ""swish"", ""linear""], [""tanh"", ""tanh"", ""tanh"", ""tanh"", ""tanh"", ""tanh"", ""tanh"", ""tanh"", ""tanh"", ""tanh"", ""swish"", ""swish"", ""swish"", ""swish"", ""linear""]]",3,42,476,False
96c5b3ed554c,"[[""tanh"", ""tanh"", ""tanh"", ""tanh"", ""tanh"", ""swish"", ""swish"", ""swish""], [""tanh"", ""tanh"", ""tanh"", ""tanh"", ""tanh"", ""tanh"", ""tanh"", ""tanh"", ""tanh"", ""swish"", ""swish"", ""swish"", ""swish"", ""linear""], [""tanh"", ""tanh"", ""tanh"", ""tanh"", ""tanh"", ""swish"", ""swish"", ""swish""]]",3,30,279,False
aa63e0f7d57a,"[[""tanh"", ""tanh"", ""tanh"", ""tanh"", ""tanh"", ""tanh"", ""swish"", ""swish"", ""swish"", ""linear""], [""tanh"", ""tanh"", ""tanh"", ""tanh"", ""tanh"", ""tanh"", ""tanh"", ""tanh"", ""swish"", ""swish"", ""swish"", ""linear""], [""tanh"", ""tanh"", ""tanh"", ""tanh"", ""tanh"", ""tanh"", ""tanh"", ""tanh"", ""tanh"", ""tanh"", ""swish"", ""swish"", ""swish"", ""swish"", ""linear""]]",3,37,373,False
012b0652fff8,"[[""tanh"", ""tanh"", ""tanh"", ""tanh"", ""tanh"", ""tanh"", ""tanh"", ""tanh"", ""tanh"", ""tanh"", ""swish"", ""swish"", ""swish"", ""swish"", ""linear""], [""tanh"", ""tanh"", ""tanh"", ""tanh"", ""tanh"", ""tanh"", ""swish"", ""swish"", ""swish""], [""tanh"", ""tanh"", ""tanh"", ""tanh"", ""tanh"", ""tanh"", ""swish"", ""swish"", ""swish""]]",3,33,289,False
88b65cba07f2,"[[""tanh"", ""tanh"", ""tanh"", ""tanh"", ""tanh"", ""swish"", ""swish""], [""tanh"", ""tanh"", ""tanh"", ""tanh"", ""tanh"", ""tanh"", ""tanh"", ""tanh"", ""tanh"", ""tanh"", ""swish"", ""swish"", ""swish"", ""swish"", ""swish"", ""linear""], [""tanh"", ""tanh"", ""tanh"", ""tanh"", ""tanh"", ""swish"", ""swish"", ""swish""]]",3,31,294,False
dec3dcb8b55d,"[[""tanh"", ""tanh"", ""tanh"", ""tanh"", ""tanh"", ""tanh"", ""tanh"", ""tanh"", ""tanh"", ""swish"", ""swish"", ""swish"", ""swish"", ""linear""], [""tanh"", ""tanh"", ""tanh"", ""tanh"", ""tanh"", ""tanh"", ""swish"", ""swish"", ""swish""], [""tanh"", ""tanh"", ""tanh"", ""tanh"", ""swish"", ""swish""]]",3,29,244,False
a07b4e7116b7,"[[""tanh"", ""tanh"", ""tanh"", ""tanh"", ""tanh"", ""tanh"", ""tanh"", ""tanh"", ""swish"", ""swish"", ""swish"", ""swish"", ""linear""], [""tanh"", ""tanh"", ""tanh"", ""tanh"", ""tanh"", ""tanh"", ""tanh"", ""tanh"", ""tanh"", ""swish"", ""swish"", ""swish"", ""swish"", ""linear""], [""tanh"", ""tanh"", ""tanh"", ""tanh"", ""tanh"", ""tanh"", ""tanh"", ""tanh"", ""tanh"", ""swish"", ""swish"", ""swish"", ""swish"", ""linear""]]",3,41,460,False
120600ea4118,"[[""tanh"", ""tanh"", ""tanh"", ""tanh"", ""swish"", ""swish""], [""tanh"", ""tanh"", ""tanh"", ""tanh"", ""tanh"", ""swish"", ""swish""], [""tanh"", ""tanh"", ""tanh"", ""tanh"", ""tanh"", ""swish"", ""swish"", ""swish""]]",3,21,140,False
316eeb46dd0b,"[[""tanh"", ""tanh"", ""tanh"", ""tanh"", ""tanh"", ""swish"", ""swish""], [""tanh"", ""tanh"", ""tanh"", ""tanh"", ""tanh"", ""swish"", ""swish"", ""swish""], [""tanh"", ""tanh"", ""tanh"", ""tanh"", ""tanh"", ""tanh"", ""swish"", ""swish"", ""swish"", ""linear""]]",3,25,186,False
4542f3353df5,"[[""tanh"", ""tanh"", ""tanh"", ""tanh"", ""tanh"", ""tanh"", ""tanh"", ""tanh"", ""swish"", ""swish"", ""swish"", ""linear""], [""tanh"", ""tanh"", ""tanh"", ""tanh"", ""tanh"", ""tanh"", ""tanh"", ""tanh"", ""tanh"", ""tanh"", ""swish"", ""swish"", ""swish"", ""swish"", ""linear""], [""tanh"", ""tanh"", ""tanh"", ""tanh"", ""swish"", ""swish""]]",3,33,334,False
a36ca594cd3e,"[[""tanh"", ""tanh"", ""tanh"", ""tanh"", ""tanh"", ""tanh"", ""swish"", ""swish"", ""swish""], [""tanh"", ""tanh"", ""tanh"", ""tanh"", ""tanh"", ""tanh"", ""tanh"", ""tanh"", ""swish"", ""swish"", ""swish"", ""linear""], [""tanh"", ""tanh"", ""tanh"", ""tanh"", ""tanh"", ""tanh"", ""swish"", ""swish"", ""swish"", ""linear""]]",3,31,288,False
08529e51f372,"[[""tanh"", ""tanh"", ""tanh"", ""tanh"", ""tanh"", ""tanh"", ""tanh"", ""swish"", ""swish"", ""swish"", ""linear""], [""tanh"", ""tanh"", ""tanh"", ""tanh"", ""tanh"", ""tanh"", ""tanh"", ""swish"", ""swish"", ""swish"", ""linear""], [""tanh"", ""tanh"", ""tanh"", ""tanh"", ""swish"", ""swish""]]",3,28,244,False
f9fc3f2c76a5,"[[""tanh"", ""tanh"", ""tanh"", ""tanh"", ""tanh"", ""tanh"", ""tanh"", ""swish"", ""swish"", ""swish"", ""linear""], [""tanh"", ""tanh"", ""tanh"", ""tanh"", ""swish"", ""swish""], [""tanh"", ""tanh"", ""tanh"", ""tanh"", ""tanh"", ""swish"", ""swish"", ""swish""]]",3,25,170,False
b060998839b2,"[[""tanh"", ""tanh"", ""tanh"", ""tanh"", ""tanh"", ""tanh"", ""swish"", ""swish"", ""swish"", ""linear""], [""tanh"", ""tanh"", ""tanh"", ""tanh"", ""tanh"", ""tanh"", ""tanh"", ""tanh"", ""tanh"", ""swish"", ""swish"", ""swish"", ""swish"", ""linear""], [""tanh"", ""tanh"", ""tanh"", ""tanh"", ""tanh"", ""tanh"", ""tanh"", ""tanh"", ""tanh"", ""tanh"", ""swish"", ""swish"", ""swish"", ""swish"", ""swish"", ""linear""]]",3,40,441,False
e271047075a0,"[[""tanh"", ""tanh"", ""tanh"", ""tanh"", ""tanh"", ""tanh"", ""tanh"", ""swish"", ""swish"", ""swish"", ""linear""], [""tanh"", ""tanh"", ""tanh"", ""tanh"", ""tanh"", ""tanh"", ""swish"", ""swish"", ""swish""], [""tanh"", ""tanh"", ""tanh"", ""tanh"", ""tanh"", ""tanh"", ""swish"", ""swish"", ""swish"", ""linear""]]",3,30,252,False
a26b3c8be3cb,"[[""tanh"", ""tanh"", ""tanh"", ""tanh"", ""swish"", ""swish""], [""tanh"", ""tanh"", ""tanh"", ""tanh"", ""tanh"", ""swish"", ""swish"", ""swish""], [""tanh"", ""tanh"", ""tanh"", ""tanh"", ""tanh"", ""swish"", ""swish"", ""swish""]]",3,22,155,False
f9d15274af94,"[[""tanh"", ""tanh"", ""tanh"", ""tanh"", ""tanh"", ""tanh"", ""tanh"", ""tanh"", ""swish"", ""swish"", ""swish"", ""swish"", ""linear""], [""tanh"", ""tanh"", ""tanh"", ""tanh"", ""tanh"", ""tanh"", ""swish"", ""swish"", ""swish""], [""tanh"", ""tanh"", ""tanh"", ""tanh"", ""tanh"", ""tanh"", ""swish"", ""swish"", ""swish"", ""linear""]]",3,32,276,False
645fc1875568,"[[""tanh"", ""tanh"", ""tanh"", ""tanh"", ""swish"", ""swish""], [""tanh"", ""tanh"", ""tanh"", ""tanh"", ""tanh"", ""tanh"", ""tanh"", ""tanh"", ""tanh"", ""tanh"", ""swish"", ""swish"", ""swish"", ""swish"", ""linear""], [""tanh"", ""tanh"", ""tanh"", ""tanh"", ""tanh"", ""swish"", ""swish""]]",3,28,243,False
f266e9957787,"[[""tanh"", ""tanh"", ""tanh"", ""tanh"", ""tanh"", ""tanh"", ""tanh"", ""tanh"", ""swish"", ""swish"", ""swish"", ""linear""], [""tanh"", ""tanh"", ""tanh"", ""tanh"", ""tanh"", ""tanh"", ""tanh"", ""tanh"", ""swish"", ""swish"", ""swish"", ""linear""], [""tanh"", ""tanh"", ""tanh"", ""tanh"", ""tanh"", ""tanh"", ""tanh"", ""tanh"", ""tanh"", ""swish"", ""swish"", ""swish"", ""swish"", ""linear""]]",3,38,389,False
6cc542264b76,"[[""tanh"", ""tanh"", ""tanh"", ""tanh"", ""tanh"", ""tanh"", ""tanh"", ""tanh"", ""tanh"", ""tanh"", ""swish"", ""swish"", ""swish"", ""swish"", ""swish"", ""linear""], [""tanh"", ""tanh"", ""tanh"", ""tanh"", ""swish"", ""swish""], [""tanh"", ""tanh"", ""tanh"", ""tanh"", ""tanh"", ""tanh"", ""tanh"", ""tanh"", ""tanh"", ""tanh"", ""swish"", ""swish"", ""swish"", ""swish"", ""linear""]]",3,37,271,False
2e453042894b,"[[""tanh"", ""tanh"", ""tanh"", ""tanh"", ""tanh"", ""tanh"", ""swish"", ""swish"", ""swish"", ""linear""], [""tanh"", ""tanh"", ""tanh"", ""tanh"", ""tanh"", ""tanh"", ""swish"", ""swish"", ""swish"", ""linear""], [""tanh"", ""tanh"", ""tanh"", ""tanh"", ""tanh"", ""swish"", ""swish"", ""swish""]]",3,28,237,False
59587a19b39e,"[[""tanh"", ""tanh"", ""tanh"", ""tanh"", ""tanh"", ""swish"", ""swish""], [""tanh"", ""tanh"", ""tanh"", ""tanh"", ""tanh"", ""tanh"", ""swish"", ""swish"", ""swish"", ""linear""], [""tanh"", ""tanh"", ""tanh"", ""tanh"", ""tanh"", ""tanh"", ""tanh"", ""tanh"", ""tanh"", ""swish"", ""swish"", ""swish"", ""swish"", ""linear""]]",3,31,270,False
bbbe1745b841,"[[""tanh"", ""tanh"", ""tanh"", ""tanh"", ""tanh"", ""tanh"", ""swish"", ""swish"", ""swish""], [""tanh"", ""tanh"", ""tanh"", ""tanh"", ""swish"", ""swish""], [""tanh"", ""tanh"", ""tanh"", ""tanh"", ""tanh"", ""tanh"", ""tanh"", ""tanh"", ""tanh"", ""tanh"", ""swish"", ""swish"", ""swish"", ""swish"", ""swish"", ""linear""]]",3,31,216,False
313a208a94aa,"[[""tanh"", ""tanh"", ""tanh"", ""tanh"", ""tanh"", ""tanh"", ""tanh"", ""tanh"", ""tanh"", ""swish"", ""swish"", ""swish"", ""swish"", ""linear""], [""tanh"", ""tanh"", ""tanh"", ""tanh"", ""tanh"", ""tanh"", ""tanh"", ""tanh"", ""tanh"", ""tanh"", ""swish"", ""swish"", ""swish"", ""swish"", ""linear""], [""tanh"", ""tanh"", ""tanh"", ""tanh"", ""tanh"", ""tanh"", ""tanh"", ""tanh"", ""tanh"", ""swish"", ""swish"", ""swish"", ""swish"", ""linear""]]",3,43,506,False
5ba1f5de29da,"[[""tanh"", ""tanh"", ""tanh"", ""tanh"", ""tanh"", ""tanh"", ""tanh"", ""tanh"", ""swish"", ""swish"", ""swish"", ""swish"", ""linear""], [""tanh"", ""tanh"", ""tanh"", ""tanh"", ""tanh"", ""tanh"", ""swish"", ""swish"", ""swish"", ""linear""], [""tanh"", ""tanh"", ""tanh"", ""tanh"", ""tanh"", ""tanh"", ""tanh"", ""tanh"", ""swish"", ""swish"", ""swish"", ""swish"", ""linear""]]",3,36,336,False
5ee08af18a21,"[[""tanh"", ""tanh"", ""tanh"", ""tanh"", ""swish"", ""swish""], [""tanh"", ""tanh"", ""tanh"", ""tanh"", ""tanh"", ""tanh"", ""tanh"", ""tanh"", ""tanh"", ""tanh"", ""swish"", ""swish"", ""swish"", ""swish"", ""swish"", ""linear""], [""tanh"", ""tanh"", ""tanh"", ""tanh"", ""tanh"", ""tanh"", ""tanh"", ""tanh"", ""tanh"", ""swish"", ""swish"", ""swish"", ""swish"", ""linear""]]",3,36,383,False
de6a76512f53,"[[""tanh"", ""tanh"", ""tanh"", ""tanh"", ""tanh"", ""swish"", ""swish""], [""tanh"", ""tanh"", ""tanh"", ""tanh"", ""tanh"", ""tanh"", ""tanh"", ""tanh"", ""tanh"", ""tanh"", ""swish"", ""swish"", ""swish"", ""swish"", ""linear""], [""tanh"", ""tanh"", ""tanh"", ""tanh"", ""swish"", ""swish""]]",3,28,244,False
ea02e86897aa,"[[""tanh"", ""tanh"", ""tanh"", ""tanh"", ""tanh"", ""swish"", ""swish""], [""tanh"", ""tanh"", ""tanh"", ""tanh"", ""tanh"", ""tanh"", ""tanh"", ""tanh"", ""tanh"", ""tanh"", ""swish"", ""swish"", ""swish"", ""swish"", ""linear""], [""tanh"", ""tanh"", ""tanh"", ""tanh"", ""tanh"", ""tanh"", ""swish"", ""swish"", ""swish"", ""linear""]]",3,32,312,False
2a6e0e9a3988,"[[""tanh"", ""tanh"", ""tanh"", ""tanh"", ""tanh"", ""tanh"", ""tanh"", ""tanh"", ""tanh"", ""tanh"", ""swish"", ""swish"", ""swish"", ""swish"", ""swish"", ""linear""], [""tanh"", ""tanh"", ""tanh"", ""tanh"", ""tanh"", ""tanh"", ""tanh"", ""tanh"", ""swish"", ""swish"", ""swish"", ""swish"", ""linear""], [""tanh"", ""tanh"", ""tanh"", ""tanh"", ""swish"", ""swish""]]",3,35,360,False
9de329de26ac,"[[""tanh"", ""tanh"", ""tanh"", ""tanh"", ""tanh"", ""tanh"", ""tanh"", ""tanh"", ""swish"", ""swish"", ""swish"", ""linear""], [""tanh"", ""tanh"", ""tanh"", ""tanh"", ""tanh"", ""swish"", ""swish"", ""swish""], [""tanh"", ""tanh"", ""tanh"", ""tanh"", ""tanh"", ""tanh"", ""swish"", ""swish"", ""swish""]]",3,29,231,False
65c087767425,"[[""tanh"", ""tanh"", ""tanh"", ""tanh"", ""tanh"", ""tanh"", ""tanh"", ""tanh"", ""tanh"", ""swish"", ""swish"", ""swish"", ""swish"", ""linear""], [""tanh"", ""tanh"", ""tanh"", ""tanh"", ""tanh"", ""swish"", ""swish"", ""swish""], [""tanh"", ""tanh"", ""tanh"", ""tanh"", ""tanh"", ""swish"", ""swish"", ""swish""]]",3,30,243,False
26385772af65,"[[""tanh"", ""tanh"", ""tanh"", ""tanh"", ""swish"", ""swish""], [""tanh"", ""tanh"", ""tanh"", ""tanh"", ""tanh"", ""tanh"", ""tanh"", ""tanh"", ""swish"", ""swish"", ""swish"", ""linear""], [""tanh"", ""tanh"", ""tanh"", ""tanh"", ""tanh"", ""tanh"", ""tanh"", ""tanh"", ""tanh"", ""tanh"", ""swish"", ""swish"", ""swish"", ""swish"", ""swish"", ""linear""]]",3,34,327,False
3c9b2213f243,"[[""tanh"", ""tanh"", ""tanh"", ""tanh"", ""tanh"", ""tanh"", ""swish"", ""swish"", ""swish""], [""tanh"", ""tanh"", ""tanh"", ""tanh"", ""tanh"", ""tanh"", ""swish"", ""swish"", ""swish""], [""tanh"", ""tanh"", ""tanh"", ""tanh"", ""tanh"", ""tanh"", ""tanh"", ""tanh"", ""tanh"", ""tanh"", ""swish"", ""swish"", ""swish"", ""swish"", ""swish"", ""linear""]]",3,34,294,False
1b93e544a0d7,"[[""tanh"", ""tanh"", ""tanh"", ""tanh"", ""tanh"", ""tanh"", ""tanh"", ""swish"", ""swish"", ""swish"", ""linear""], [""tanh"", ""tanh"", ""tanh"", ""tanh"", ""tanh"", ""tanh"", ""tanh"", ""swish"", ""swish"", ""swish"", ""linear""], [""tanh"", ""tanh"", ""tanh"", ""tanh"", ""tanh"", ""tanh"", ""tanh"", ""tanh"", ""tanh"", ""swish"", ""swish"", ""swish"", ""swish"", ""linear""]]",3,36,348,False
e49381f690a4,"[[""tanh"", ""tanh"", ""tanh"", ""tanh"", ""tanh"", ""swish"", ""swish""], [""tanh"", ""tanh"", ""tanh"", ""tanh"", ""tanh"", ""tanh"", ""tanh"", ""tanh"", ""tanh"", ""swish"", ""swish"", ""swish"", ""swish"", ""linear""], [""tanh"", ""tanh"", ""tanh"", ""tanh"", ""tanh"", ""tanh"", ""tanh"", ""tanh"", ""tanh"", ""tanh"", ""swish"", ""swish"", ""swish"", ""swish"", ""swish"", ""linear""]]",3,37,390,False
5be37e758e0b,"[[""tanh"", ""tanh"", ""tanh"", ""tanh"", ""tanh"", ""tanh"", ""tanh"", ""tanh"", ""tanh"", ""tanh"", ""swish"", ""swish"", ""swish"", ""swish"", ""linear""], [""tanh"", ""tanh"", ""tanh"", ""tanh"", ""tanh"", ""tanh"", ""tanh"", ""tanh"", ""swish"", ""swish"", ""swish"", ""swish"", ""linear""], [""tanh"", ""tanh"", ""tanh"", ""tanh"", ""tanh"", ""tanh"", ""tanh"", ""tanh"", ""tanh"", ""tanh"", ""swish"", ""swish"", ""swish"", ""swish"", ""linear""]]",3,43,479,False
127aca83445d,"[[""tanh"", ""tanh"", ""tanh"", ""tanh"", ""tanh"", ""tanh"", ""swish"", ""swish"", ""swish""], [""tanh"", ""tanh"", ""tanh"", ""tanh"", ""tanh"", ""tanh"", ""swish"", ""swish"", ""swish""], [""tanh"", ""tanh"", ""tanh"", ""tanh"", ""tanh"", ""tanh"", ""tanh"", ""swish"", ""swish"", ""swish"", ""linear""]]",3,29,239,False
9f34028b52c1,"[[""tanh"", ""tanh"", ""tanh"", ""tanh"", ""tanh"", ""tanh"", ""tanh"", ""tanh"", ""swish"", ""swish"", ""swish"", ""swish"", ""linear""], [""tanh"", ""tanh"", ""tanh"", ""tanh"", ""tanh"", ""tanh"", ""tanh"", ""swish"", ""swish"", ""swish"", ""linear""], [""tanh"", ""tanh"", ""tanh"", ""tanh"", ""tanh"", ""swish"", ""swish""]]",3,31,285,False
b05e9ce7fcba,"[[""tanh"", ""tanh"", ""tanh"", ""tanh"", ""tanh"", ""tanh"", ""swish"", ""swish"", ""swish"", ""linear""], [""tanh"", ""tanh"", ""tanh"", ""tanh"", ""tanh"", ""swish"", ""swish"", ""swish""], [""tanh"", ""tanh"", ""tanh"", ""tanh"", ""tanh"", ""tanh"", ""tanh"", ""swish"", ""swish"", ""swish"", ""linear""]]",3,29,229,False
53b58a2aed3e,"[[""tanh"", ""tanh"", ""tanh"", ""tanh"", ""tanh"", ""swish"", ""swish"", ""swish""], [""tanh"", ""tanh"", ""tanh"", ""tanh"", ""tanh"", ""tanh"", ""swish"", ""swish"", ""swish""], [""tanh"", ""tanh"", ""tanh"", ""tanh"", ""tanh"", ""tanh"", ""tanh"", ""tanh"", ""swish"", ""swish"", ""swish"", ""swish"", ""linear""]]",3,30,249,False
e4fc39e4eda6,"[[""tanh"", ""tanh"", ""tanh"", ""tanh"", ""tanh"", ""swish"", ""swish""], [""tanh"", ""tanh"", ""tanh"", ""tanh"", ""tanh"", ""swish"", ""swish""], [""tanh"", ""tanh"", ""tanh"", ""tanh"", ""swish"", ""swish""]]",3,20,132,False
d05bfd4c97d3,"[[""tanh"", ""tanh"", ""tanh"", ""tanh"", ""tanh"", ""swish"", ""swish""], [""tanh"", ""tanh"", ""tanh"", ""tanh"", ""tanh"", ""tanh"", ""tanh"", ""tanh"", ""tanh"", ""tanh"", ""swish"", ""swish"", ""swish"", ""swish"", ""linear""], [""tanh"", ""tanh"", ""tanh"", ""tanh"", ""tanh"", ""tanh"", ""swish"", ""swish"", ""swish""]]",3,31,295,False
ef5836bbf8b7,"[[""tanh"", ""tanh"", ""tanh"", ""tanh"", ""tanh"", ""tanh"", ""tanh"", ""tanh"", ""tanh"", ""tanh"", ""swish"", ""swish"", ""swish"", ""swish"", ""linear""], [""tanh"", ""tanh"", ""tanh"", ""tanh"", ""tanh"", ""tanh"", ""tanh"", ""tanh"", ""swish"", ""swish"", ""swish"", ""linear""], [""tanh"", ""tanh"", ""tanh"", ""tanh"", ""tanh"", ""tanh"", ""swish"", ""swish"", ""swish"", ""linear""]]",3,37,378,False
0e93f5b13b88,"[[""tanh"", ""tanh"", ""tanh"", ""tanh"", ""tanh"", ""tanh"", ""tanh"", ""tanh"", ""swish"", ""swish"", ""swish"", ""linear""], [""tanh"", ""tanh"", ""tanh"", ""tanh"", ""tanh"", ""tanh"", ""tanh"", ""tanh"", ""tanh"", ""tanh"", ""swish"", ""swish"", ""swish"", ""swish"", ""swish"", ""linear""], [""tanh"", ""tanh"", ""tanh"", ""tanh"", ""tanh"", ""tanh"", ""swish"", ""swish"", ""swish"", ""linear""]]",3,38,425,False
04c2a568bfb1,"[[""tanh"", ""tanh"", ""tanh"", ""tanh"", ""tanh"", ""swish"", ""swish""], [""tanh"", ""tanh"", ""tanh"", ""tanh"", ""swish"", ""swish""], [""tanh"", ""tanh"", ""tanh"", ""tanh"", ""tanh"", ""tanh"", ""tanh"", ""tanh"", ""tanh"", ""swish"", ""swish"", ""swish"", ""swish"", ""linear""]]",3,27,182,False
432b8dc1448f,"[[""tanh"", ""tanh"", ""tanh"", ""tanh"", ""tanh"", ""tanh"", ""swish"", ""swish"", ""swish"", ""linear""], [""tanh"", ""tanh"", ""tanh"", ""tanh"", ""tanh"", ""swish"", ""swish""], [""tanh"", ""tanh"", ""tanh"", ""tanh"", ""tanh"", ""tanh"", ""tanh"", ""swish"", ""swish"", ""swish"", ""linear""]]",3,28,207,False
f592417185e7,"[[""tanh"", ""tanh"", ""tanh"", ""tanh"", ""tanh"", ""swish"", ""swish""], [""tanh"", ""tanh"", ""tanh"", ""tanh"", ""tanh"", ""tanh"", ""tanh"", ""tanh"", ""tanh"", ""tanh"", ""swish"", ""swish"", ""swish"", ""swish"", ""swish"", ""linear""], [""tanh"", ""tanh"", ""tanh"", ""tanh"", ""tanh"", ""tanh"", ""tanh"", ""tanh"", ""swish"", ""swish"", ""swish"", ""swish"", ""linear""]]",3,36,384,False
9383145863a9,"[[""tanh"", ""tanh"", ""tanh"", ""tanh"", ""tanh"", ""tanh"", ""tanh"", ""tanh"", ""tanh"", ""tanh"", ""swish"", ""swish"", ""swish"", ""swish"", ""swish"", ""linear""], [""tanh"", ""tanh"", ""tanh"", ""tanh"", ""tanh"", ""tanh"", ""swish"", ""swish"", ""swish"", ""linear""], [""tanh"", ""tanh"", ""tanh"", ""tanh"", ""tanh"", ""tanh"", ""tanh"", ""swish"", ""swish"", ""swish"", ""linear""]]",3,37,351,False
33379b1399ba,"[[""tanh"", ""tanh"", ""tanh"", ""tanh"", ""tanh"", ""swish"", ""swish""], [""tanh"", ""tanh"", ""tanh"", ""tanh"", ""tanh"", ""tanh"", ""tanh"", ""tanh"", ""tanh"", ""tanh"", ""swish"", ""swish"", ""swish"", ""swish"", ""linear""], [""tanh"", ""tanh"", ""tanh"", ""tanh"", ""tanh"", ""tanh"", ""tanh"", ""tanh"", ""tanh"", ""tanh"", ""swish"", ""swish"", ""swish"", ""swish"", ""linear""]]",3,37,397,False
d3bde0ad8668,"[[""tanh"", ""tanh"", ""tanh"", ""tanh"", ""tanh"", ""swish"", ""swish""], [""tanh"", ""tanh"", ""tanh"", ""tanh"", ""tanh"", ""tanh"", ""tanh"", ""tanh"", ""tanh"", ""tanh"", ""swish"", ""swish"", ""swish"", ""swish"", ""linear""], [""tanh"", ""tanh"", ""tanh"", ""tanh"", ""tanh"", ""tanh"", ""tanh"", ""swish"", ""swish"", ""swish"", ""linear""]]",3,33,329,False
f6197d1b9774,"[[""tanh"", ""tanh"", ""tanh"", ""tanh"", ""tanh"", ""tanh"", ""tanh"", ""tanh"", ""tanh"", ""swish"", ""swish"", ""swish"", ""swish"", ""linear""], [""tanh"", ""tanh"", ""tanh"", ""tanh"", ""tanh"", ""swish"", ""swish"", ""swish""], [""tanh"", ""tanh"", ""tanh"", ""tanh"", ""tanh"", ""swish"", ""swish""]]",3,29,233,False
da263c9b542b,"[[""tanh"", ""tanh"", ""tanh"", ""tanh"", ""tanh"", ""swish"", ""swish""], [""tanh"", ""tanh"", ""tanh"", ""tanh"", ""tanh"", ""tanh"", ""swish"", ""swish"", ""swish"", ""linear""], [""tanh"", ""tanh"", ""tanh"", ""tanh"", ""tanh"", ""tanh"", ""tanh"", ""tanh"", ""swish"", ""swish"", ""swish"", ""swish"", ""linear""]]",3,30,258,False
46e5a813bf7d,"[[""tanh"", ""tanh"", ""tanh"", ""tanh"", ""tanh"", ""tanh"", ""tanh"", ""swish"", ""swish"", ""swish"", ""linear""], [""tanh"", ""tanh"", ""tanh"", ""tanh"", ""tanh"", ""tanh"", ""swish"", ""swish"", ""swish""], [""tanh"", ""tanh"", ""tanh"", ""tanh"", ""tanh"", ""tanh"", ""tanh"", ""swish"", ""swish"", ""swish"", ""linear""]]",3,31,263,False
aaf1f5a838b1,"[[""tanh"", ""tanh"", ""tanh"", ""tanh"", ""tanh"", ""tanh"", ""tanh"", ""tanh"", ""swish"", ""swish"", ""swish"", ""swish"", ""linear""], [""tanh"", ""tanh"", ""tanh"", ""tanh"", ""tanh"", ""tanh"", ""tanh"", ""tanh"", ""tanh"", ""tanh"", ""swish"", ""swish"", ""swish"", ""swish"", ""linear""], [""tanh"", ""tanh"", ""tanh"", ""tanh"", ""tanh"", ""tanh"", ""tanh"", ""tanh"", ""tanh"", ""tanh"", ""swish"", ""swish"", ""swish"", ""swish"", ""swish"", ""linear""]]",3,44,522,False
55bc7a05295f,"[[""tanh"", ""tanh"", ""tanh"", ""tanh"", ""tanh"", ""swish"", ""swish"", ""swish""], [""tanh"", ""tanh"", ""tanh"", ""tanh"", ""tanh"", ""tanh"", ""tanh"", ""tanh"", ""swish"", ""swish"", ""swish"", ""swish"", ""linear""], [""tanh"", ""tanh"", ""tanh"", ""tanh"", ""tanh"", ""tanh"", ""swish"", ""swish"", ""swish"", ""linear""]]",3,31,292,False
67906f417401,"[[""tanh"", ""tanh"", ""tanh"", ""tanh"", ""tanh"", ""swish"", ""swish""], [""tanh"", ""tanh"", ""tanh"", ""tanh"", ""swish"", ""swish""], [""tanh"", ""tanh"", ""tanh"", ""tanh"", ""tanh"", ""swish"", ""swish"", ""swish""]]",3,21,134,False
dfa7af45899b,"[[""tanh"", ""tanh"", ""tanh"", ""tanh"", ""tanh"", ""tanh"", ""swish"", ""swish"", ""swish"", ""linear""], [""tanh"", ""tanh"", ""tanh"", ""tanh"", ""tanh"", ""tanh"", ""swish"", ""swish"", ""swish""], [""tanh"", ""tanh"", ""tanh"", ""tanh"", ""tanh"", ""swish"", ""swish""]]",3,26,207,False
008fd7f2d457,"[[""tanh"", ""tanh"", ""tanh"", ""tanh"", ""tanh"", ""tanh"", ""tanh"", ""tanh"", ""swish"", ""swish"", ""swish"", ""swish"", ""linear""], [""tanh"", ""tanh"", ""tanh"", ""tanh"", ""swish"", ""swish""], [""tanh"", ""tanh"", ""tanh"", ""tanh"", ""tanh"", ""tanh"", ""tanh"", ""tanh"", ""tanh"", ""tanh"", ""swish"", ""swish"", ""swish"", ""swish"", ""linear""]]",3,34,244,False
f7b2ba586d8b,"[[""tanh"", ""tanh"", ""tanh"", ""tanh"", ""tanh"", ""tanh"", ""swish"", ""swish"", ""swish""], [""tanh"", ""tanh"", ""tanh"", ""tanh"", ""tanh"", ""tanh"", ""tanh"", ""tanh"", ""tanh"", ""tanh"", ""swish"", ""swish"", ""swish"", ""swish"", ""linear""], [""tanh"", ""tanh"", ""tanh"", ""tanh"", ""tanh"", ""swish"", ""swish""]]",3,31,297,False
790cb8ba2727,"[[""tanh"", ""tanh"", ""tanh"", ""tanh"", ""tanh"", ""tanh"", ""swish"", ""swish"", ""swish""], [""tanh"", ""tanh"", ""tanh"", ""tanh"", ""tanh"", ""tanh"", ""tanh"", ""tanh"", ""tanh"", ""tanh"", ""swish"", ""swish"", ""swish"", ""swish"", ""linear""], [""tanh"", ""tanh"", ""tanh"", ""tanh"", ""tanh"", ""tanh"", ""tanh"", ""tanh"", ""swish"", ""swish"", ""swish"", ""linear""]]",3,36,382,False
5f0fa1676505,"[[""tanh"", ""tanh"", ""tanh"", ""tanh"", ""swish"", ""swish""], [""tanh"", ""tanh"", ""tanh"", ""tanh"", ""swish"", ""swish""], [""tanh"", ""tanh"", ""tanh"", ""tanh"", ""tanh"", ""tanh"", ""tanh"", ""tanh"", ""tanh"", ""swish"", ""swish"", ""swish"", ""swish"", ""linear""]]",3,26,173,False
1f7937195484,"[[""tanh"", ""tanh"", ""tanh"", ""tanh"", ""tanh"", ""tanh"", ""swish"", ""swish"", ""swish"", ""linear""], [""tanh"", ""tanh"", ""tanh"", ""tanh"", ""tanh"", ""swish"", ""swish""], [""tanh"", ""tanh"", ""tanh"", ""tanh"", ""tanh"", ""swish"", ""swish"", ""swish""]]",3,25,180,False
cd111bef51a8,"[[""tanh"", ""tanh"", ""tanh"", ""tanh"", ""tanh"", ""tanh"", ""tanh"", ""tanh"", ""tanh"", ""tanh"", ""swish"", ""swish"", ""swish"", ""swish"", ""linear""], [""tanh"", ""tanh"", ""tanh"", ""tanh"", ""tanh"", ""tanh"", ""tanh"", ""tanh"", ""tanh"", ""tanh"", ""swish"", ""swish"", ""swish"", ""swish"", ""swish"", ""linear""], [""tanh"", ""tanh"", ""tanh"", ""tanh"", ""tanh"", ""tanh"", ""tanh"", ""swish"", ""swish"", ""swish"", ""linear""]]",3,42,500,False
420638cc1c6c,"[[""tanh"", ""tanh"", ""tanh"", ""tanh"", ""tanh"", ""tanh"", ""tanh"", ""tanh"", ""tanh"", ""tanh"", ""swish"", ""swish"", ""swish"", ""swish"", ""swish"", ""linear""], [""tanh"", ""tanh"", ""tanh"", ""tanh"", ""tanh"", ""tanh"", ""swish"", ""swish"", ""swish"", ""linear""], [""tanh"", ""tanh"", ""tanh"", ""tanh"", ""tanh"", ""tanh"", ""tanh"", ""tanh"", ""tanh"", ""tanh"", ""swish"", ""swish"", ""swish"", ""swish"", ""linear""]]",3,41,399,False
0bdb242dc602,"[[""tanh"", ""tanh"", ""tanh"", ""tanh"", ""tanh"", ""tanh"", ""tanh"", ""tanh"", ""swish"", ""swish"", ""swish"", ""swish"", ""linear""], [""tanh"", ""tanh"", ""tanh"", ""tanh"", ""tanh"", ""swish"", ""swish""], [""tanh"", ""tanh"", ""tanh"", ""tanh"", ""tanh"", ""tanh"", ""tanh"", ""tanh"", ""tanh"", ""swish"", ""swish"", ""swish"", ""swish"", ""linear""]]",3,34,264,False
004345fbd39f,"[[""tanh"", ""tanh"", ""tanh"", ""tanh"", ""tanh"", ""tanh"", ""tanh"", ""tanh"", ""swish"", ""swish"", ""swish"", ""linear""], [""tanh"", ""tanh"", ""tanh"", ""tanh"", ""tanh"", ""tanh"", ""tanh"", ""tanh"", ""tanh"", ""swish"", ""swish"", ""swish"", ""swish"", ""linear""], [""tanh"", ""tanh"", ""tanh"", ""tanh"", ""swish"", ""swish""]]",3,32,315,False
93fc79e226f5,"[[""tanh"", ""tanh"", ""tanh"", ""tanh"", ""tanh"", ""tanh"", ""swish"", ""swish"", ""swish"", ""linear""], [""tanh"", ""tanh"", ""tanh"", ""tanh"", ""swish"", ""swish""], [""tanh"", ""tanh"", ""tanh"", ""tanh"", ""tanh"", ""swish"", ""swish"", ""swish""]]",3,24,161,False
a392346e01e7,"[[""tanh"", ""tanh"", ""tanh"", ""tanh"", ""tanh"", ""tanh"", ""tanh"", ""swish"", ""swish"", ""swish"", ""linear""], [""tanh"", ""tanh"", ""tanh"", ""tanh"", ""tanh"", ""tanh"", ""tanh"", ""tanh"", ""swish"", ""swish"", ""swish"", ""linear""], [""tanh"", ""tanh"", ""tanh"", ""tanh"", ""tanh"", ""tanh"", ""tanh"", ""tanh"", ""tanh"", ""tanh"", ""swish"", ""swish"", ""swish"", ""swish"", ""linear""]]",3,38,388,False
cdcaf130d40e,"[[""tanh"", ""tanh"", ""tanh"", ""tanh"", ""tanh"", ""tanh"", ""tanh"", ""tanh"", ""swish"", ""swish"", ""swish"", ""swish"", ""linear""], [""tanh"", ""tanh"", ""tanh"", ""tanh"", ""tanh"", ""swish"", ""swish""], [""tanh"", ""tanh"", ""tanh"", ""tanh"", ""tanh"", ""swish"", ""swish""]]",3,27,201,False
faef39b3111e,"[[""tanh"", ""tanh"", ""tanh"", ""tanh"", ""tanh"", ""tanh"", ""tanh"", ""tanh"", ""swish"", ""swish"", ""swish"", ""linear""], [""tanh"", ""tanh"", ""tanh"", ""tanh"", ""tanh"", ""tanh"", ""tanh"", ""tanh"", ""tanh"", ""swish"", ""swish"", ""swish"", ""swish"", ""linear""], [""tanh"", ""tanh"", ""tanh"", ""tanh"", ""tanh"", ""tanh"", ""tanh"", ""tanh"", ""swish"", ""swish"", ""swish"", ""linear""]]",3,38,411,False
024846828692,"[[""tanh"", ""tanh"", ""tanh"", ""tanh"", ""tanh"", ""tanh"", ""tanh"", ""tanh"", ""tanh"", ""swish"", ""swish"", ""swish"", ""swish"", ""linear""], [""tanh"", ""tanh"", ""tanh"", ""tanh"", ""tanh"", ""tanh"", ""tanh"", ""tanh"", ""tanh"", ""tanh"", ""swish"", ""swish"", ""swish"", ""swish"", ""swish"", ""linear""], [""tanh"", ""tanh"", ""tanh"", ""tanh"", ""tanh"", ""tanh"", ""tanh"", ""tanh"", ""swish"", ""swish"", ""swish"", ""swish"", ""linear""]]",3,43,517,False
afe339f35ea3,"[[""tanh"", ""tanh"", ""tanh"", ""tanh"", ""swish"", ""swish""], [""tanh"", ""tanh"", ""tanh"", ""tanh"", ""tanh"", ""tanh"", ""tanh"", ""tanh"", ""swish"", ""swish"", ""swish"", ""linear""], [""tanh"", ""tanh"", ""tanh"", ""tanh"", ""tanh"", ""tanh"", ""swish"", ""swish"", ""swish"", ""linear""]]",3,28,243,False
c20e1c9d0762,"[[""tanh"", ""tanh"", ""tanh"", ""tanh"", ""tanh"", ""tanh"", ""tanh"", ""tanh"", ""swish"", ""swish"", ""swish"", ""swish"", ""linear""], [""tanh"", ""tanh"", ""tanh"", ""tanh"", ""tanh"", ""tanh"", ""tanh"", ""tanh"", ""swish"", ""swish"", ""swish"", ""linear""], [""tanh"", ""tanh"", ""tanh"", ""tanh"", ""swish"", ""swish""]]",3,31,292,False
0281209aa6bc,"[[""tanh"", ""tanh"", ""tanh"", ""tanh"", ""tanh"", ""tanh"", ""tanh"", ""swish"", ""swish"", ""swish"", ""linear""], [""tanh"", ""tanh"", ""tanh"", ""tanh"", ""tanh"", ""tanh"", ""tanh"", ""tanh"", ""tanh"", ""swish"", ""swish"", ""swish"", ""swish"", ""linear""], [""tanh"", ""tanh"", ""tanh"", ""tanh"", ""tanh"", ""tanh"", ""tanh"", ""swish"", ""swish"", ""swish"", ""linear""]]",3,36,378,False
2dc1ce8c06b8,"[[""tanh"", ""tanh"", ""tanh"", ""tanh"", ""tanh"", ""swish"", ""swish"", ""swish""], [""tanh"", ""tanh"", ""tanh"", ""tanh"", ""swish"", ""swish""], [""tanh"", ""tanh"", ""tanh"", ""tanh"", ""tanh"", ""tanh"", ""swish"", ""swish"", ""swish""]]",3,23,151,False
a53ac5ce39b7,"[[""tanh"", ""tanh"", ""tanh"", ""tanh"", ""tanh"", ""tanh"", ""tanh"", ""tanh"", ""swish"", ""swish"", ""swish"", ""swish"", ""linear""], [""tanh"", ""tanh"", ""tanh"", ""tanh"", ""tanh"", ""tanh"", ""tanh"", ""swish"", ""swish"", ""swish"", ""linear""], [""tanh"", ""tanh"", ""tanh"", ""tanh"", ""tanh"", ""swish"", ""swish"", ""swish""]]",3,32,298,False
cf0d24d8bb54,"[[""tanh"", ""tanh"", ""tanh"", ""tanh"", ""tanh"", ""swish"", ""swish"", ""swish""], [""tanh"", ""tanh"", ""tanh"", ""tanh"", ""tanh"", ""tanh"", ""tanh"", ""tanh"", ""tanh"", ""swish"", ""swish"", ""swish"", ""swish"", ""linear""], [""tanh"", ""tanh"", ""tanh"", ""tanh"", ""tanh"", ""swish"", ""swish""]]",3,29,263,False
31b3b67bb2ee,"[[""tanh"", ""tanh"", ""tanh"", ""tanh"", ""tanh"", ""tanh"", ""tanh"", ""tanh"", ""tanh"", ""swish"", ""swish"", ""swish"", ""swish"", ""linear""], [""tanh"", ""tanh"", ""tanh"", ""tanh"", ""tanh"", ""tanh"", ""tanh"", ""tanh"", ""tanh"", ""tanh"", ""swish"", ""swish"", ""swish"", ""swish"", ""swish"", ""linear""], [""tanh"", ""tanh"", ""tanh"", ""tanh"", ""tanh"", ""swish"", ""swish""]]",3,37,409,False
7f28632f7922,"[[""tanh"", ""tanh"", ""tanh"", ""tanh"", ""tanh"", ""tanh"", ""swish"", ""swish"", ""swish""], [""tanh"", ""tanh"", ""tanh"", ""tanh"", ""tanh"", ""tanh"", ""tanh"", ""tanh"", ""tanh"", ""swish"", ""swish"", ""swish"", ""swish"", ""linear""], [""tanh"", ""tanh"", ""tanh"", ""tanh"", ""tanh"", ""tanh"", ""tanh"", ""tanh"", ""tanh"", ""tanh"", ""swish"", ""swish"", ""swish"", ""swish"", ""swish"", ""linear""]]",3,39,424,False
3b0c73cfa9ac,"[[""tanh"", ""tanh"", ""tanh"", ""tanh"", ""tanh"", ""tanh"", ""swish"", ""swish"", ""swish""], [""tanh"", ""tanh"", ""tanh"", ""tanh"", ""swish"", ""swish""], [""tanh"", ""tanh"", ""tanh"", ""tanh"", ""tanh"", ""swish"", ""swish"", ""swish""]]",3,23,152,False
21be8444b6c1,"[[""tanh"", ""tanh"", ""tanh"", ""tanh"", ""tanh"", ""tanh"", ""swish"", ""swish"", ""swish"", ""linear""], [""tanh"", ""tanh"", ""tanh"", ""tanh"", ""tanh"", ""swish"", ""swish""], [""tanh"", ""tanh"", ""tanh"", ""tanh"", ""tanh"", ""tanh"", ""swish"", ""swish"", ""swish""]]",3,26,189,False
1ceae5d8deb3,"[[""tanh"", ""tanh"", ""tanh"", ""tanh"", ""tanh"", ""tanh"", ""tanh"", ""tanh"", ""tanh"", ""tanh"", ""swish"", ""swish"", ""swish"", ""swish"", ""linear""], [""tanh"", ""tanh"", ""tanh"", ""tanh"", ""tanh"", ""tanh"", ""swish"", ""swish"", ""swish"", ""linear""], [""tanh"", ""tanh"", ""tanh"", ""tanh"", ""tanh"", ""tanh"", ""tanh"", ""tanh"", ""swish"", ""swish"", ""swish"", ""swish"", ""linear""]]",3,38,362,False
cd2326d38352,"[[""tanh"", ""tanh"", ""tanh"", ""tanh"", ""tanh"", ""tanh"", ""swish"", ""swish"", ""swish"", ""linear""], [""tanh"", ""tanh"", ""tanh"", ""tanh"", ""tanh"", ""tanh"", ""swish"", ""swish"", ""swish""], [""tanh"", ""tanh"", ""tanh"", ""tanh"", ""tanh"", ""swish"", ""swish"", ""swish""]]",3,27,218,False
e6aed323674b,"[[""tanh"", ""tanh"", ""tanh"", ""tanh"", ""tanh"", ""tanh"", ""tanh"", ""swish"", ""swish"", ""swish"", ""linear""], [""tanh"", ""tanh"", ""tanh"", ""tanh"", ""tanh"", ""swish"", ""swish""], [""tanh"", ""tanh"", ""tanh"", ""tanh"", ""tanh"", ""tanh"", ""tanh"", ""tanh"", ""swish"", ""swish"", ""swish"", ""linear""]]",3,30,226,False
dcfa9a9f9d4d,"[[""tanh"", ""tanh"", ""tanh"", ""tanh"", ""tanh"", ""tanh"", ""tanh"", ""tanh"", ""tanh"", ""tanh"", ""swish"", ""swish"", ""swish"", ""swish"", ""swish"", ""linear""], [""tanh"", ""tanh"", ""tanh"", ""tanh"", ""tanh"", ""tanh"", ""tanh"", ""tanh"", ""tanh"", ""tanh"", ""swish"", ""swish"", ""swish"", ""swish"", ""linear""], [""tanh"", ""tanh"", ""tanh"", ""tanh"", ""tanh"", ""tanh"", ""tanh"", ""tanh"", ""swish"", ""swish"", ""swish"", ""swish"", ""linear""]]",3,44,525,False
3b77a390c554,"[[""tanh"", ""tanh"", ""tanh"", ""tanh"", ""tanh"", ""tanh"", ""swish"", ""swish"", ""swish"", ""linear""], [""tanh"", ""tanh"", ""tanh"", ""tanh"", ""tanh"", ""tanh"", ""tanh"", ""tanh"", ""swish"", ""swish"", ""swish"", ""linear""], [""tanh"", ""tanh"", ""tanh"", ""tanh"", ""tanh"", ""swish"", ""swish"", ""swish""]]",3,30,275,False
d743acfbe649,"[[""tanh"", ""tanh"", ""tanh"", ""tanh"", ""tanh"", ""tanh"", ""tanh"", ""tanh"", ""tanh"", ""tanh"", ""swish"", ""swish"", ""swish"", ""swish"", ""swish"", ""linear""], [""tanh"", ""tanh"", ""tanh"", ""tanh"", ""tanh"", ""swish"", ""swish""], [""tanh"", ""tanh"", ""tanh"", ""tanh"", ""tanh"", ""tanh"", ""tanh"", ""tanh"", ""tanh"", ""tanh"", ""swish"", ""swish"", ""swish"", ""swish"", ""swish"", ""linear""]]",3,39,312,False
e8deddfe5224,"[[""tanh"", ""tanh"", ""tanh"", ""tanh"", ""tanh"", ""tanh"", ""tanh"", ""tanh"", ""tanh"", ""tanh"", ""swish"", ""swish"", ""swish"", ""swish"", ""swish"", ""linear""], [""tanh"", ""tanh"", ""tanh"", ""tanh"", ""tanh"", ""tanh"", ""swish"", ""swish"", ""swish""], [""tanh"", ""tanh"", ""tanh"", ""tanh"", ""tanh"", ""tanh"", ""tanh"", ""tanh"", ""tanh"", ""tanh"", ""swish"", ""swish"", ""swish"", ""swish"", ""linear""]]",3,40,367,False
2a2b0097cc7c,"[[""tanh"", ""tanh"", ""tanh"", ""tanh"", ""tanh"", ""tanh"", ""tanh"", ""tanh"", ""tanh"", ""swish"", ""swish"", ""swish"", ""swish"", ""linear""], [""tanh"", ""tanh"", ""tanh"", ""tanh"", ""tanh"", ""tanh"", ""tanh"", ""tanh"", ""tanh"", ""tanh"", ""swish"", ""swish"", ""swish"", ""swish"", ""linear""], [""tanh"", ""tanh"", ""tanh"", ""tanh"", ""tanh"", ""tanh"", ""tanh"", ""tanh"", ""swish"", ""swish"", ""swish"", ""linear""]]",3,41,472,False
c099ce9572b3,"[[""tanh"", ""tanh"", ""tanh"", ""tanh"", ""tanh"", ""tanh"", ""tanh"", ""tanh"", ""swish"", ""swish"", ""swish"", ""swish"", ""linear""], [""tanh"", ""tanh"", ""tanh"", ""tanh"", ""tanh"", ""tanh"", ""tanh"", ""tanh"", ""swish"", ""swish"", ""swish"", ""linear""], [""tanh"", ""tanh"", ""tanh"", ""tanh"", ""tanh"", ""swish"", ""swish"", ""swish""]]",3,33,320,False
15e687360e6e,"[[""tanh"", ""tanh"", ""tanh"", ""tanh"", ""tanh"", ""swish"", ""swish""], [""tanh"", ""tanh"", ""tanh"", ""tanh"", ""tanh"", ""swish"", ""swish""], [""tanh"", ""tanh"", ""tanh"", ""tanh"", ""tanh"", ""tanh"", ""tanh"", ""swish"", ""swish"", ""swish"", ""linear""]]",3,25,177,False
c9b686e46e35,"[[""tanh"", ""tanh"", ""tanh"", ""tanh"", ""tanh"", ""tanh"", ""tanh"", ""tanh"", ""tanh"", ""tanh"", ""swish"", ""swish"", ""swish"", ""swish"", ""linear""], [""tanh"", ""tanh"", ""tanh"", ""tanh"", ""tanh"", ""tanh"", ""tanh"", ""tanh"", ""tanh"", ""tanh"", ""swish"", ""swish"", ""swish"", ""swish"", ""linear""], [""tanh"", ""tanh"", ""tanh"", ""tanh"", ""tanh"", ""tanh"", ""tanh"", ""swish"", ""swish"", ""swish"", ""linear""]]",3,41,473,False
d69af59d2dfc,"[[""tanh"", ""tanh"", ""tanh"", ""tanh"", ""tanh"", ""tanh"", ""tanh"", ""swish"", ""swish"", ""swish"", ""linear""], [""tanh"", ""tanh"", ""tanh"", ""tanh"", ""tanh"", ""tanh"", ""tanh"", ""tanh"", ""tanh"", ""swish"", ""swish"", ""swish"", ""swish"", ""linear""], [""tanh"", ""tanh"", ""tanh"", ""tanh"", ""tanh"", ""tanh"", ""tanh"", ""tanh"", ""tanh"", ""tanh"", ""swish"", ""swish"", ""swish"", ""swish"", ""linear""]]",3,40,442,False
e755a4663133,"[[""tanh"", ""tanh"", ""tanh"", ""tanh"", ""swish"", ""swish""], [""tanh"", ""tanh"", ""tanh"", ""tanh"", ""tanh"", ""tanh"", ""tanh"", ""tanh"", ""tanh"", ""swish"", ""swish"", ""swish"", ""swish"", ""linear""], [""tanh"", ""tanh"", ""tanh"", ""tanh"", ""tanh"", ""tanh"", ""swish"", ""swish"", ""swish""]]",3,29,261,False
02ecc0f641f4,"[[""tanh"", ""tanh"", ""tanh"", ""tanh"", ""tanh"", ""tanh"", ""swish"", ""swish"", ""swish"", ""linear""], [""tanh"", ""tanh"", ""tanh"", ""tanh"", ""tanh"", ""tanh"", ""tanh"", ""tanh"", ""swish"", ""swish"", ""swish"", ""linear""], [""tanh"", ""tanh"", ""tanh"", ""tanh"", ""tanh"", ""swish"", ""swish""]]",3,29,261,False
49a7b51ca2b7,"[[""tanh"", ""tanh"", ""tanh"", ""tanh"", ""tanh"", ""tanh"", ""tanh"", ""tanh"", ""tanh"", ""tanh"", ""swish"", ""swish"", ""swish"", ""swish"", ""linear""], [""tanh"", ""tanh"", ""tanh"", ""tanh"", ""tanh"", ""tanh"", ""swish"", ""swish"", ""swish""], [""tanh"", ""tanh"", ""tanh"", ""tanh"", ""tanh"", ""tanh"", ""swish"", ""swish"", ""swish"", ""linear""]]",3,34,300,False
d1040ef11a30,"[[""tanh"", ""tanh"", ""tanh"", ""tanh"", ""tanh"", ""tanh"", ""tanh"", ""swish"", ""swish"", ""swish"", ""linear""], [""tanh"", ""tanh"", ""tanh"", ""tanh"", ""tanh"", ""tanh"", ""tanh"", ""tanh"", ""tanh"", ""swish"", ""swish"", ""swish"", ""swish"", ""linear""], [""tanh"", ""tanh"", ""tanh"", ""tanh"", ""swish"", ""swish""]]",3,31,298,False
d9c0d689b6aa,"[[""tanh"", ""tanh"", ""tanh"", ""tanh"", ""tanh"", ""tanh"", ""tanh"", ""tanh"", ""swish"", ""swish"", ""swish"", ""swish"", ""linear""], [""tanh"", ""tanh"", ""tanh"", ""tanh"", ""tanh"", ""tanh"", ""tanh"", ""swish"", ""swish"", ""swish"", ""linear""], [""tanh"", ""tanh"", ""tanh"", ""tanh"", ""tanh"", ""tanh"", ""tanh"", ""tanh"", ""tanh"", ""tanh"", ""swish"", ""swish"", ""swish"", ""swish"", ""linear""]]",3,39,389,False
81e164ad2540,"[[""tanh"", ""tanh"", ""tanh"", ""tanh"", ""tanh"", ""tanh"", ""tanh"", ""swish"", ""swish"", ""swish"", ""linear""], [""tanh"", ""tanh"", ""tanh"", ""tanh"", ""tanh"", ""tanh"", ""tanh"", ""tanh"", ""swish"", ""swish"", ""swish"", ""linear""], [""tanh"", ""tanh"", ""tanh"", ""tanh"", ""swish"", ""swish""]]",3,29,262,False
a7e19f90cdc2,"[[""tanh"", ""tanh"", ""tanh"", ""tanh"", ""tanh"", ""tanh"", ""tanh"", ""tanh"", ""swish"", ""swish"", ""swish"", ""linear""], [""tanh"", ""tanh"", ""tanh"", ""tanh"", ""tanh"", ""tanh"", ""tanh"", ""tanh"", ""swish"", ""swish"", ""swish"", ""linear""], [""tanh"", ""tanh"", ""tanh"", ""tanh"", ""tanh"", ""tanh"", ""tanh"", ""tanh"", ""tanh"", ""tanh"", ""swish"", ""swish"", ""swish"", ""swish"", ""linear""]]",3,39,403,False
85e300ee747b,"[[""tanh"", ""tanh"", ""tanh"", ""tanh"", ""tanh"", ""tanh"", ""tanh"", ""tanh"", ""swish"", ""swish"", ""swish"", ""swish"", ""linear""], [""tanh"", ""tanh"", ""tanh"", ""tanh"", ""tanh"", ""swish"", ""swish"", ""swish""], [""tanh"", ""tanh"", ""tanh"", ""tanh"", ""tanh"", ""tanh"", ""tanh"", ""tanh"", ""tanh"", ""swish"", ""swish"", ""swish"", ""swish"", ""linear""]]",3,35,292,False
aa39855b0745,"[[""tanh"", ""tanh"", ""tanh"", ""tanh"", ""swish"", ""swish""], [""tanh"", ""tanh"", ""tanh"", ""tanh"", ""tanh"", ""tanh"", ""tanh"", ""tanh"", ""swish"", ""swish"", ""swish"", ""swish"", ""linear""], [""tanh"", ""tanh"", ""tanh"", ""tanh"", ""tanh"", ""tanh"", ""tanh"", ""tanh"", ""swish"", ""swish"", ""swish"", ""linear""]]",3,31,290,False
04fe4e391bc8,"[[""tanh"", ""tanh"", ""tanh"", ""tanh"", ""tanh"", ""tanh"", ""tanh"", ""tanh"", ""swish"", ""swish"", ""swish"", ""linear""], [""tanh"", ""tanh"", ""tanh"", ""tanh"", ""tanh"", ""tanh"", ""swish"", ""swish"", ""swish"", ""linear""], [""tanh"", ""tanh"", ""tanh"", ""tanh"", ""tanh"", ""tanh"", ""tanh"", ""tanh"", ""swish"", ""swish"", ""swish"", ""linear""]]",3,34,311,False
e731e80b22c5,"[[""tanh"", ""tanh"", ""tanh"", ""tanh"", ""tanh"", ""tanh"", ""tanh"", ""tanh"", ""tanh"", ""swish"", ""swish"", ""swish"", ""swish"", ""linear""], [""tanh"", ""tanh"", ""tanh"", ""tanh"", ""tanh"", ""tanh"", ""swish"", ""swish"", ""swish"", ""linear""], [""tanh"", ""tanh"", ""tanh"", ""tanh"", ""tanh"", ""tanh"", ""tanh"", ""swish"", ""swish"", ""swish"", ""linear""]]",3,35,325,False
4c9fd6d1acfa,"[[""tanh"", ""tanh"", ""tanh"", ""tanh"", ""tanh"", ""tanh"", ""tanh"", ""swish"", ""swish"", ""swish"", ""linear""], [""tanh"", ""tanh"", ""tanh"", ""tanh"", ""swish"", ""swish""], [""tanh"", ""tanh"", ""tanh"", ""tanh"", ""tanh"", ""tanh"", ""tanh"", ""tanh"", ""swish"", ""swish"", ""swish"", ""swish"", ""linear""]]",3,30,210,False
422185349276,"[[""tanh"", ""tanh"", ""tanh"", ""tanh"", ""tanh"", ""tanh"", ""swish"", ""swish"", ""swish"", ""linear""], [""tanh"", ""tanh"", ""tanh"", ""tanh"", ""swish"", ""swish""], [""tanh"", ""tanh"", ""tanh"", ""tanh"", ""tanh"", ""tanh"", ""tanh"", ""tanh"", ""swish"", ""swish"", ""swish"", ""linear""]]",3,28,193,False
4453775f83a5,"[[""tanh"", ""tanh"", ""tanh"", ""tanh"", ""tanh"", ""tanh"", ""swish"", ""swish"", ""swish""], [""tanh"", ""tanh"", ""tanh"", ""tanh"", ""tanh"", ""tanh"", ""tanh"", ""tanh"", ""tanh"", ""tanh"", ""swish"", ""swish"", ""swish"", ""swish"", ""swish"", ""linear""], [""tanh"", ""tanh"", ""tanh"", ""tanh"", ""tanh"", ""tanh"", ""swish"", ""swish"", ""swish""]]",3,34,350,False
726e7a2c3fa0,"[[""tanh"", ""tanh"", ""tanh"", ""tanh"", ""tanh"", ""tanh"", ""swish"", ""swish"", ""swish""], [""tanh"", ""tanh"", ""tanh"", ""tanh"", ""tanh"", ""tanh"", ""tanh"", ""swish"", ""swish"", ""swish"", ""linear""], [""tanh"", ""tanh"", ""tanh"", ""tanh"", ""swish"", ""swish""]]",3,26,216,False
d88644d69ba6,"[[""tanh"", ""tanh"", ""tanh"", ""tanh"", ""tanh"", ""swish"", ""swish"", ""swish""], [""tanh"", ""tanh"", ""tanh"", ""tanh"", ""tanh"", ""tanh"", ""tanh"", ""tanh"", ""swish"", ""swish"", ""swish"", ""swish"", ""linear""], [""tanh"", ""tanh"", ""tanh"", ""tanh"", ""tanh"", ""tanh"", ""tanh"", ""tanh"", ""swish"", ""swish"", ""swish"", ""linear""]]",3,33,322,False
a310efd9fdea,"[[""tanh"", ""tanh"", ""tanh"", ""tanh"", ""tanh"", ""tanh"", ""tanh"", ""tanh"", ""tanh"", ""tanh"", ""swish"", ""swish"", ""swish"", ""swish"", ""linear""], [""tanh"", ""tanh"", ""tanh"", ""tanh"", ""swish"", ""swish""], [""tanh"", ""tanh"", ""tanh"", ""tanh"", ""tanh"", ""tanh"", ""tanh"", ""tanh"", ""tanh"", ""tanh"", ""swish"", ""swish"", ""swish"", ""swish"", ""swish"", ""linear""]]",3,37,270,False
e51f36cc544d,"[[""tanh"", ""tanh"", ""tanh"", ""tanh"", ""tanh"", ""tanh"", ""tanh"", ""tanh"", ""swish"", ""swish"", ""swish"", ""swish"", ""linear""], [""tanh"", ""tanh"", ""tanh"", ""tanh"", ""tanh"", ""tanh"", ""swish"", ""swish"", ""swish""], [""tanh"", ""tanh"", ""tanh"", ""tanh"", ""tanh"", ""tanh"", ""tanh"", ""tanh"", ""tanh"", ""tanh"", ""swish"", ""swish"", ""swish"", ""swish"", ""linear""]]",3,37,331,False
f83131d959b9,"[[""tanh"", ""tanh"", ""tanh"", ""tanh"", ""tanh"", ""swish"", ""swish"", ""swish""], [""tanh"", ""tanh"", ""tanh"", ""tanh"", ""tanh"", ""tanh"", ""tanh"", ""tanh"", ""tanh"", ""tanh"", ""swish"", ""swish"", ""swish"", ""swish"", ""linear""], [""tanh"", ""tanh"", ""tanh"", ""tanh"", ""tanh"", ""swish"", ""swish""]]",3,30,279,False
920600b67d86,"[[""tanh"", ""tanh"", ""tanh"", ""tanh"", ""swish"", ""swish""], [""tanh"", ""tanh"", ""tanh"", ""tanh"", ""swish"", ""swish""], [""tanh"", ""tanh"", ""tanh"", ""tanh"", ""tanh"", ""tanh"", ""swish"", ""swish"", ""swish""]]",3,21,133,False
8651eaabe3e3,"[[""tanh"", ""tanh"", ""tanh"", ""tanh"", ""tanh"", ""swish"", ""swish""], [""tanh"", ""tanh"", ""tanh"", ""tanh"", ""tanh"", ""tanh"", ""tanh"", ""tanh"", ""tanh"", ""tanh"", ""swish"", ""swish"", ""swish"", ""swish"", ""swish"", ""linear""], [""tanh"", ""tanh"", ""tanh"", ""tanh"", ""tanh"", ""tanh"", ""tanh"", ""tanh"", ""swish"", ""swish"", ""swish"", ""linear""]]",3,35,366,False
f56c0c1bf0a5,"[[""tanh"", ""tanh"", ""tanh"", ""tanh"", ""tanh"", ""tanh"", ""tanh"", ""tanh"", ""tanh"", ""tanh"", ""swish"", ""swish"", ""swish"", ""swish"", ""swish"", ""linear""], [""tanh"", ""tanh"", ""tanh"", ""tanh"", ""tanh"", ""swish"", ""swish"", ""swish""], [""tanh"", ""tanh"", ""tanh"", ""tanh"", ""swish"", ""swish""]]",3,30,245,False
1d1d53f329a4,"[[""tanh"", ""tanh"", ""tanh"", ""tanh"", ""tanh"", ""tanh"", ""tanh"", ""swish"", ""swish"", ""swish"", ""linear""], [""tanh"", ""tanh"", ""tanh"", ""tanh"", ""tanh"", ""tanh"", ""tanh"", ""tanh"", ""tanh"", ""swish"", ""swish"", ""swish"", ""swish"", ""linear""], [""tanh"", ""tanh"", ""tanh"", ""tanh"", ""tanh"", ""swish"", ""swish""]]",3,32,314,False
325ebeb30267,"[[""tanh"", ""tanh"", ""tanh"", ""tanh"", ""tanh"", ""swish"", ""swish""], [""tanh"", ""tanh"", ""tanh"", ""tanh"", ""swish"", ""swish""], [""tanh"", ""tanh"", ""tanh"", ""tanh"", ""tanh"", ""tanh"", ""tanh"", ""tanh"", ""tanh"", ""tanh"", ""swish"", ""swish"", ""swish"", ""swish"", ""linear""]]",3,28,190,False
18fc940582c2,"[[""tanh"", ""tanh"", ""tanh"", ""tanh"", ""tanh"", ""tanh"", ""swish"", ""swish"", ""swish""], [""tanh"", ""tanh"", ""tanh"", ""tanh"", ""swish"", ""swish""], [""tanh"", ""tanh"", ""tanh"", ""tanh"", ""tanh"", ""tanh"", ""swish"", ""swish"", ""swish"", ""linear""]]",3,25,168,False
e434f3253255,"[[""tanh"", ""tanh"", ""tanh"", ""tanh"", ""swish"", ""swish""], [""tanh"", ""tanh"", ""tanh"", ""tanh"", ""tanh"", ""tanh"", ""swish"", ""swish"", ""swish""], [""tanh"", ""tanh"", ""tanh"", ""tanh"", ""tanh"", ""tanh"", ""tanh"", ""tanh"", ""tanh"", ""swish"", ""swish"", ""swish"", ""swish"", ""linear""]]",3,29,236,False
ef2b6042c37e,"[[""tanh"", ""tanh"", ""tanh"", ""tanh"", ""tanh"", ""tanh"", ""tanh"", ""tanh"", ""tanh"", ""tanh"", ""swish"", ""swish"", ""swish"", ""swish"", ""swish"", ""linear""], [""tanh"", ""tanh"", ""tanh"", ""tanh"", ""tanh"", ""tanh"", ""tanh"", ""tanh"", ""swish"", ""swish"", ""swish"", ""linear""], [""tanh"", ""tanh"", ""tanh"", ""tanh"", ""tanh"", ""tanh"", ""tanh"", ""swish"", ""swish"", ""swish"", ""linear""]]",3,39,407,False
a76870511d2a,"[[""tanh"", ""tanh"", ""tanh"", ""tanh"", ""tanh"", ""swish"", ""swish"", ""swish""], [""tanh"", ""tanh"", ""tanh"", ""tanh"", ""tanh"", ""tanh"", ""swish"", ""swish"", ""swish""], [""tanh"", ""tanh"", ""tanh"", ""tanh"", ""tanh"", ""tanh"", ""tanh"", ""tanh"", ""tanh"", ""tanh"", ""swish"", ""swish"", ""swish"", ""swish"", ""swish"", ""linear""]]",3,33,282,False
7c4ecd972972,"[[""tanh"", ""tanh"", ""tanh"", ""tanh"", ""swish"", ""swish""], [""tanh"", ""tanh"", ""tanh"", ""tanh"", ""tanh"", ""tanh"", ""tanh"", ""swish"", ""swish"", ""swish"", ""linear""], [""tanh"", ""tanh"", ""tanh"", ""tanh"", ""tanh"", ""tanh"", ""tanh"", ""tanh"", ""swish"", ""swish"", ""swish"", ""linear""]]",3,29,252,False
813ba44ed0c3,"[[""tanh"", ""tanh"", ""tanh"", ""tanh"", ""tanh"", ""tanh"", ""tanh"", ""tanh"", ""swish"", ""swish"", ""swish"", ""linear""], [""tanh"", ""tanh"", ""tanh"", ""tanh"", ""tanh"", ""tanh"", ""swish"", ""swish"", ""swish"", ""linear""], [""tanh"", ""tanh"", ""tanh"", ""tanh"", ""tanh"", ""tanh"", ""swish"", ""swish"", ""swish"", ""linear""]]",3,32,287,False
39a9d9d4a8b4,"[[""tanh"", ""tanh"", ""tanh"", ""tanh"", ""tanh"", ""tanh"", ""tanh"", ""tanh"", ""tanh"", ""tanh"", ""swish"", ""swish"", ""swish"", ""swish"", ""swish"", ""linear""], [""tanh"", ""tanh"", ""tanh"", ""tanh"", ""swish"", ""swish""], [""tanh"", ""tanh"", ""tanh"", ""tanh"", ""tanh"", ""swish"", ""swish"", ""swish""]]",3,30,215,False
f7e9d38c078d,"[[""tanh"", ""tanh"", ""tanh"", ""tanh"", ""tanh"", ""tanh"", ""tanh"", ""tanh"", ""swish"", ""swish"", ""swish"", ""linear""], [""tanh"", ""tanh"", ""tanh"", ""tanh"", ""tanh"", ""tanh"", ""tanh"", ""tanh"", ""swish"", ""swish"", ""swish"", ""linear""], [""tanh"", ""tanh"", ""tanh"", ""tanh"", ""tanh"", ""tanh"", ""tanh"", ""swish"", ""swish"", ""swish"", ""linear""]]",3,35,347,False
98791033d2ca,"[[""tanh"", ""tanh"", ""tanh"", ""tanh"", ""tanh"", ""tanh"", ""tanh"", ""tanh"", ""tanh"", ""swish"", ""swish"", ""swish"", ""swish"", ""linear""], [""tanh"", ""tanh"", ""tanh"", ""tanh"", ""tanh"", ""tanh"", ""tanh"", ""tanh"", ""swish"", ""swish"", ""swish"", ""linear""], [""tanh"", ""tanh"", ""tanh"", ""tanh"", ""tanh"", ""tanh"", ""tanh"", ""swish"", ""swish"", ""swish"", ""linear""]]",3,37,377,False
8f886c778490,"[[""tanh"", ""tanh"", ""tanh"", ""tanh"", ""tanh"", ""tanh"", ""swish"", ""swish"", ""swish""], [""tanh"", ""tanh"", ""tanh"", ""tanh"", ""tanh"", ""tanh"", ""tanh"", ""tanh"", ""tanh"", ""swish"", ""swish"", ""swish"", ""swish"", ""linear""], [""tanh"", ""tanh"", ""tanh"", ""tanh"", ""tanh"", ""tanh"", ""swish"", ""swish"", ""swish""]]",3,32,312,False
edd62204d6c2,"[[""tanh"", ""tanh"", ""tanh"", ""tanh"", ""swish"", ""swish""], [""tanh"", ""tanh"", ""tanh"", ""tanh"", ""tanh"", ""swish"", ""swish"", ""swish""], [""tanh"", ""tanh"", ""tanh"", ""tanh"", ""tanh"", ""tanh"", ""tanh"", ""swish"", ""swish"", ""swish"", ""linear""]]",3,25,185,False
7a1704fca4d9,"[[""tanh"", ""tanh"", ""tanh"", ""tanh"", ""tanh"", ""tanh"", ""tanh"", ""swish"", ""swish"", ""swish"", ""linear""], [""tanh"", ""tanh"", ""tanh"", ""tanh"", ""tanh"", ""tanh"", ""tanh"", ""tanh"", ""swish"", ""swish"", ""swish"", ""swish"", ""linear""], [""tanh"", ""tanh"", ""tanh"", ""tanh"", ""tanh"", ""swish"", ""swish""]]",3,31,295,False
94c5119b8ba1,"[[""tanh"", ""tanh"", ""tanh"", ""tanh"", ""swish"", ""swish""], [""tanh"", ""tanh"", ""tanh"", ""tanh"", ""tanh"", ""tanh"", ""tanh"", ""tanh"", ""tanh"", ""swish"", ""swish"", ""swish"", ""swish"", ""linear""], [""tanh"", ""tanh"", ""tanh"", ""tanh"", ""tanh"", ""tanh"", ""tanh"", ""tanh"", ""swish"", ""swish"", ""swish"", ""swish"", ""linear""]]",3,33,325,False
c57b3cb66708,"[[""tanh"", ""tanh"", ""tanh"", ""tanh"", ""tanh"", ""tanh"", ""swish"", ""swish"", ""swish""], [""tanh"", ""tanh"", ""tanh"", ""tanh"", ""tanh"", ""tanh"", ""tanh"", ""tanh"", ""tanh"", ""tanh"", ""swish"", ""swish"", ""swish"", ""swish"", ""linear""], [""tanh"", ""tanh"", ""tanh"", ""tanh"", ""tanh"", ""tanh"", ""swish"", ""swish"", ""swish"", ""linear""]]",3,34,348,False
27d13d15410c,"[[""tanh"", ""tanh"", ""tanh"", ""tanh"", ""tanh"", ""tanh"", ""swish"", ""swish"", ""swish"", ""linear""], [""tanh"", ""tanh"", ""tanh"", ""tanh"", ""tanh"", ""tanh"", ""swish"", ""swish"", ""swish""], [""tanh"", ""tanh"", ""tanh"", ""tanh"", ""swish"", ""swish""]]",3,25,196,False
16c673f78ee8,"[[""tanh"", ""tanh"", ""tanh"", ""tanh"", ""tanh"", ""tanh"", ""tanh"", ""swish"", ""swish"", ""swish"", ""linear""], [""tanh"", ""tanh"", ""tanh"", ""tanh"", ""tanh"", ""tanh"", ""tanh"", ""tanh"", ""swish"", ""swish"", ""swish"", ""linear""], [""tanh"", ""tanh"", ""tanh"", ""tanh"", ""tanh"", ""tanh"", ""tanh"", ""tanh"", ""swish"", ""swish"", ""swish"", ""linear""]]",3,35,346,False
ddd567475031,"[[""tanh"", ""tanh"", ""tanh"", ""tanh"", ""tanh"", ""tanh"", ""tanh"", ""tanh"", ""swish"", ""swish"", ""swish"", ""swish"", ""linear""], [""tanh"", ""tanh"", ""tanh"", ""tanh"", ""tanh"", ""swish"", ""swish""], [""tanh"", ""tanh"", ""tanh"", ""tanh"", ""swish"", ""swish""]]",3,26,192,False
602f39717f6e,"[[""tanh"", ""tanh"", ""tanh"", ""tanh"", ""tanh"", ""swish"", ""swish"", ""swish""], [""tanh"", ""tanh"", ""tanh"", ""tanh"", ""tanh"", ""tanh"", ""tanh"", ""tanh"", ""swish"", ""swish"", ""swish"", ""linear""], [""tanh"", ""tanh"", ""tanh"", ""tanh"", ""tanh"", ""tanh"", ""tanh"", ""tanh"", ""tanh"", ""tanh"", ""swish"", ""swish"", ""swish"", ""swish"", ""linear""]]",3,35,343,False
9fe1740ff699,"[[""tanh"", ""tanh"", ""tanh"", ""tanh"", ""tanh"", ""tanh"", ""tanh"", ""swish"", ""swish"", ""swish"", ""linear""], [""tanh"", ""tanh"", ""tanh"", ""tanh"", ""tanh"", ""tanh"", ""tanh"", ""tanh"", ""tanh"", ""tanh"", ""swish"", ""swish"", ""swish"", ""swish"", ""swish"", ""linear""], [""tanh"", ""tanh"", ""tanh"", ""tanh"", ""tanh"", ""tanh"", ""swish"", ""swish"", ""swish""]]",3,36,388,False
2b17dbb90277,"[[""tanh"", ""tanh"", ""tanh"", ""tanh"", ""swish"", ""swish""], [""tanh"", ""tanh"", ""tanh"", ""tanh"", ""tanh"", ""swish"", ""swish"", ""swish""], [""tanh"", ""tanh"", ""tanh"", ""tanh"", ""tanh"", ""tanh"", ""tanh"", ""tanh"", ""swish"", ""swish"", ""swish"", ""linear""]]",3,26,195,False
66f142064c4d,"[[""tanh"", ""tanh"", ""tanh"", ""tanh"", ""swish"", ""swish""], [""tanh"", ""tanh"", ""tanh"", ""tanh"", ""tanh"", ""tanh"", ""tanh"", ""tanh"", ""swish"", ""swish"", ""swish"", ""swish"", ""linear""], [""tanh"", ""tanh"", ""tanh"", ""tanh"", ""tanh"", ""tanh"", ""tanh"", ""tanh"", ""tanh"", ""tanh"", ""swish"", ""swish"", ""swish"", ""swish"", ""swish"", ""linear""]]",3,35,350,False
a9e190a54d7a,"[[""tanh"", ""tanh"", ""tanh"", ""tanh"", ""tanh"", ""tanh"", ""tanh"", ""tanh"", ""swish"", ""swish"", ""swish"", ""linear""], [""tanh"", ""tanh"", ""tanh"", ""tanh"", ""tanh"", ""tanh"", ""swish"", ""swish"", ""swish""], [""tanh"", ""tanh"", ""tanh"", ""tanh"", ""tanh"", ""swish"", ""swish"", ""swish""]]",3,29,242,False
9aba5f3a3489,"[[""tanh"", ""tanh"", ""tanh"", ""tanh"", ""tanh"", ""swish"", ""swish"", ""swish""], [""tanh"", ""tanh"", ""tanh"", ""tanh"", ""tanh"", ""tanh"", ""tanh"", ""tanh"", ""swish"", ""swish"", ""swish"", ""linear""], [""tanh"", ""tanh"", ""tanh"", ""tanh"", ""tanh"", ""tanh"", ""tanh"", ""tanh"", ""swish"", ""swish"", ""swish"", ""linear""]]",3,32,301,False
a60d20729507,"[[""tanh"", ""tanh"", ""tanh"", ""tanh"", ""tanh"", ""tanh"", ""tanh"", ""tanh"", ""tanh"", ""swish"", ""swish"", ""swish"", ""swish"", ""linear""], [""tanh"", ""tanh"", ""tanh"", ""tanh"", ""tanh"", ""tanh"", ""tanh"", ""swish"", ""swish"", ""swish"", ""linear""], [""tanh"", ""tanh"", ""tanh"", ""tanh"", ""tanh"", ""swish"", ""swish""]]",3,32,299,False
32b862bef52d,"[[""tanh"", ""tanh"", ""tanh"", ""tanh"", ""tanh"", ""swish"", ""swish"", ""swish""], [""tanh"", ""tanh"", ""tanh"", ""tanh"", ""tanh"", ""tanh"", ""tanh"", ""swish"", ""swish"", ""swish"", ""linear""], [""tanh"", ""tanh"", ""tanh"", ""tanh"", ""tanh"", ""tanh"", ""tanh"", ""tanh"", ""swish"", ""swish"", ""swish"", ""linear""]]",3,31,280,False
23818894d53b,"[[""tanh"", ""tanh"", ""tanh"", ""tanh"", ""tanh"", ""tanh"", ""swish"", ""swish"", ""swish"", ""linear""], [""tanh"", ""tanh"", ""tanh"", ""tanh"", ""tanh"", ""swish"", ""swish"", ""swish""], [""tanh"", ""tanh"", ""tanh"", ""tanh"", ""tanh"", ""tanh"", ""tanh"", ""tanh"", ""tanh"", ""tanh"", ""swish"", ""swish"", ""swish"", ""swish"", ""swish"", ""linear""]]",3,34,279,False
caaba29c9096,"[[""tanh"", ""tanh"", ""tanh"", ""tanh"", ""tanh"", ""swish"", ""swish"", ""swish""], [""tanh"", ""tanh"", ""tanh"", ""tanh"", ""tanh"", ""swish"", ""swish"", ""swish""], [""tanh"", ""tanh"", ""tanh"", ""tanh"", ""tanh"", ""tanh"", ""tanh"", ""tanh"", ""swish"", ""swish"", ""swish"", ""swish"", ""linear""]]",3,29,227,False
97661927cc77,"[[""tanh"", ""tanh"", ""tanh"", ""tanh"", ""tanh"", ""swish"", ""swish"", ""swish""], [""tanh"", ""tanh"", ""tanh"", ""tanh"", ""tanh"", ""swish"", ""swish""], [""tanh"", ""tanh"", ""tanh"", ""tanh"", ""tanh"", ""tanh"", ""swish"", ""swish"", ""swish""]]",3,24,169,False
3abf60590a7f,"[[""tanh"", ""tanh"", ""tanh"", ""tanh"", ""tanh"", ""tanh"", ""tanh"", ""tanh"", ""swish"", ""swish"", ""swish"", ""linear""], [""tanh"", ""tanh"", ""tanh"", ""tanh"", ""tanh"", ""tanh"", ""tanh"", ""swish"", ""swish"", ""swish"", ""linear""], [""tanh"", ""tanh"", ""tanh"", ""tanh"", ""tanh"", ""tanh"", ""tanh"", ""tanh"", ""tanh"", ""tanh"", ""swish"", ""swish"", ""swish"", ""swish"", ""linear""]]",3,38,375,False
d281d519c7ac,"[[""tanh"", ""tanh"", ""tanh"", ""tanh"", ""tanh"", ""tanh"", ""tanh"", ""tanh"", ""tanh"", ""swish"", ""swish"", ""swish"", ""swish"", ""linear""], [""tanh"", ""tanh"", ""tanh"", ""tanh"", ""tanh"", ""tanh"", ""tanh"", ""swish"", ""swish"", ""swish"", ""linear""], [""tanh"", ""tanh"", ""tanh"", ""tanh"", ""tanh"", ""swish"", ""swish"", ""swish""]]",3,33,312,False
131fca4126ca,"[[""tanh"", ""tanh"", ""tanh"", ""tanh"", ""tanh"", ""swish"", ""swish""], [""tanh"", ""tanh"", ""tanh"", ""tanh"", ""tanh"", ""tanh"", ""swish"", ""swish"", ""swish""], [""tanh"", ""tanh"", ""tanh"", ""tanh"", ""tanh"", ""tanh"", ""swish"", ""swish"", ""swish""]]",3,25,193,False
ec2e1b871713,"[[""tanh"", ""tanh"", ""tanh"", ""tanh"", ""tanh"", ""tanh"", ""swish"", ""swish"", ""swish""], [""tanh"", ""tanh"", ""tanh"", ""tanh"", ""tanh"", ""tanh"", ""tanh"", ""tanh"", ""tanh"", ""tanh"", ""swish"", ""swish"", ""swish"", ""swish"", ""linear""], [""tanh"", ""tanh"", ""tanh"", ""tanh"", ""swish"", ""swish""]]",3,30,280,False
7e7a9b832fc7,"[[""tanh"", ""tanh"", ""tanh"", ""tanh"", ""tanh"", ""tanh"", ""swish"", ""swish"", ""swish""], [""tanh"", ""tanh"", ""tanh"", ""tanh"", ""tanh"", ""tanh"", ""swish"", ""swish"", ""swish""], [""tanh"", ""tanh"", ""tanh"", ""tanh"", ""tanh"", ""tanh"", ""tanh"", ""tanh"", ""swish"", ""swish"", ""swish"", ""swish"", ""linear""]]",3,31,261,False
ac9e0e12ad8a,"[[""tanh"", ""tanh"", ""tanh"", ""tanh"", ""tanh"", ""tanh"", ""tanh"", ""tanh"", ""tanh"", ""tanh"", ""swish"", ""swish"", ""swish"", ""swish"", ""swish"", ""linear""], [""tanh"", ""tanh"", ""tanh"", ""tanh"", ""tanh"", ""tanh"", ""tanh"", ""tanh"", ""tanh"", ""swish"", ""swish"", ""swish"", ""swish"", ""linear""], [""tanh"", ""tanh"", ""tanh"", ""tanh"", ""tanh"", ""tanh"", ""tanh"", ""tanh"", ""swish"", ""swish"", ""swish"", ""linear""]]",3,42,479,False
709542859e4d,"[[""tanh"", ""tanh"", ""tanh"", ""tanh"", ""tanh"", ""swish"", ""swish""], [""tanh"", ""tanh"", ""tanh"", ""tanh"", ""tanh"", ""tanh"", ""tanh"", ""swish"", ""swish"", ""swish"", ""linear""], [""tanh"", ""tanh"", ""tanh"", ""tanh"", ""tanh"", ""tanh"", ""tanh"", ""tanh"", ""tanh"", ""tanh"", ""swish"", ""swish"", ""swish"", ""swish"", ""swish"", ""linear""]]",3,34,318,False
45d803e1741a,"[[""tanh"", ""tanh"", ""tanh"", ""tanh"", ""tanh"", ""tanh"", ""tanh"", ""tanh"", ""tanh"", ""swish"", ""swish"", ""swish"", ""swish"", ""linear""], [""tanh"", ""tanh"", ""tanh"", ""tanh"", ""tanh"", ""tanh"", ""tanh"", ""tanh"", ""swish"", ""swish"", ""swish"", ""swish"", ""linear""], [""tanh"", ""tanh"", ""tanh"", ""tanh"", ""tanh"", ""tanh"", ""swish"", ""swish"", ""swish"", ""linear""]]",3,37,388,False
e210a2619232,"[[""tanh"", ""tanh"", ""tanh"", ""tanh"", ""tanh"", ""tanh"", ""tanh"", ""tanh"", ""tanh"", ""tanh"", ""swish"", ""swish"", ""swish"", ""swish"", ""linear""], [""tanh"", ""tanh"", ""tanh"", ""tanh"", ""tanh"", ""tanh"", ""tanh"", ""swish"", ""swish"", ""swish"", ""linear""], [""tanh"", ""tanh"", ""tanh"", ""tanh"", ""tanh"", ""tanh"", ""tanh"", ""tanh"", ""tanh"", ""tanh"", ""swish"", ""swish"", ""swish"", ""swish"", ""swish"", ""linear""]]",3,42,430,False
4575d3cc5205,"[[""tanh"", ""tanh"", ""tanh"", ""tanh"", ""tanh"", ""tanh"", ""tanh"", ""tanh"", ""tanh"", ""swish"", ""swish"", ""swish"", ""swish"", ""linear""], [""tanh"", ""tanh"", ""tanh"", ""tanh"", ""tanh"", ""tanh"", ""tanh"", ""tanh"", ""swish"", ""swish"", ""swish"", ""linear""], [""tanh"", ""tanh"", ""tanh"", ""tanh"", ""tanh"", ""tanh"", ""tanh"", ""tanh"", ""swish"", ""swish"", ""swish"", ""swish"", ""linear""]]",3,39,405,False
efc810fd355e,"[[""tanh"", ""tanh"", ""tanh"", ""tanh"", ""swish"", ""swish""], [""tanh"", ""tanh"", ""tanh"", ""tanh"", ""tanh"", ""tanh"", ""tanh"", ""tanh"", ""tanh"", ""tanh"", ""swish"", ""swish"", ""swish"", ""swish"", ""linear""], [""tanh"", ""tanh"", ""tanh"", ""tanh"", ""swish"", ""swish""]]",3,27,226,False
1e3e9570b63c,"[[""tanh"", ""tanh"", ""tanh"", ""tanh"", ""tanh"", ""tanh"", ""tanh"", ""tanh"", ""tanh"", ""tanh"", ""swish"", ""swish"", ""swish"", ""swish"", ""swish"", ""linear""], [""tanh"", ""tanh"", ""tanh"", ""tanh"", ""tanh"", ""swish"", ""swish"", ""swish""], [""tanh"", ""tanh"", ""tanh"", ""tanh"", ""tanh"", ""tanh"", ""swish"", ""swish"", ""swish""]]",3,33,275,False
75e4d81d65b6,"[[""tanh"", ""tanh"", ""tanh"", ""tanh"", ""tanh"", ""tanh"", ""tanh"", ""tanh"", ""swish"", ""swish"", ""swish"", ""swish"", ""linear""], [""tanh"", ""tanh"", ""tanh"", ""tanh"", ""tanh"", ""tanh"", ""tanh"", ""tanh"", ""tanh"", ""tanh"", ""swish"", ""swish"", ""swish"", ""swish"", ""linear""], [""tanh"", ""tanh"", ""tanh"", ""tanh"", ""tanh"", ""tanh"", ""swish"", ""swish"", ""swish"", ""linear""]]",3,38,420,False
f0d0b96262c8,"[[""tanh"", ""tanh"", ""tanh"", ""tanh"", ""tanh"", ""tanh"", ""swish"", ""swish"", ""swish""], [""tanh"", ""tanh"", ""tanh"", ""tanh"", ""tanh"", ""tanh"", ""swish"", ""swish"", ""swish""], [""tanh"", ""tanh"", ""tanh"", ""tanh"", ""swish"", ""swish""]]",3,24,184,False
c18cc2a7bc43,"[[""tanh"", ""tanh"", ""tanh"", ""tanh"", ""tanh"", ""tanh"", ""tanh"", ""tanh"", ""tanh"", ""swish"", ""swish"", ""swish"", ""swish"", ""linear""], [""tanh"", ""tanh"", ""tanh"", ""tanh"", ""tanh"", ""tanh"", ""swish"", ""swish"", ""swish""], [""tanh"", ""tanh"", ""tanh"", ""tanh"", ""tanh"", ""tanh"", ""tanh"", ""tanh"", ""tanh"", ""tanh"", ""swish"", ""swish"", ""swish"", ""swish"", ""swish"", ""linear""]]",3,39,354,False
1b4ce272597a,"[[""tanh"", ""tanh"", ""tanh"", ""tanh"", ""tanh"", ""swish"", ""swish"", ""swish""], [""tanh"", ""tanh"", ""tanh"", ""tanh"", ""tanh"", ""tanh"", ""swish"", ""swish"", ""swish"", ""linear""], [""tanh"", ""tanh"", ""tanh"", ""tanh"", ""tanh"", ""tanh"", ""swish"", ""swish"", ""swish"", ""linear""]]",3,28,235,False
2a2b69601c66,"[[""tanh"", ""tanh"", ""tanh"", ""tanh"", ""tanh"", ""swish"", ""swish"", ""swish""], [""tanh"", ""tanh"", ""tanh"", ""tanh"", ""swish"", ""swish""], [""tanh"", ""tanh"", ""tanh"", ""tanh"", ""tanh"", ""tanh"", ""tanh"", ""swish"", ""swish"", ""swish"", ""linear""]]",3,25,167,False
3cbd4070dcdd,"[[""tanh"", ""tanh"", ""tanh"", ""tanh"", ""tanh"", ""tanh"", ""tanh"", ""tanh"", ""tanh"", ""tanh"", ""swish"", ""swish"", ""swish"", ""swish"", ""swish"", ""linear""], [""tanh"", ""tanh"", ""tanh"", ""tanh"", ""tanh"", ""swish"", ""swish""], [""tanh"", ""tanh"", ""tanh"", ""tanh"", ""tanh"", ""tanh"", ""tanh"", ""swish"", ""swish"", ""swish"", ""linear""]]",3,34,267,False
c82a59cba055,"[[""tanh"", ""tanh"", ""tanh"", ""tanh"", ""tanh"", ""tanh"", ""swish"", ""swish"", ""swish""], [""tanh"", ""tanh"", ""tanh"", ""tanh"", ""tanh"", ""tanh"", ""tanh"", ""tanh"", ""swish"", ""swish"", ""swish"", ""linear""], [""tanh"", ""tanh"", ""tanh"", ""tanh"", ""swish"", ""swish""]]",3,27,232,False
8282dffdcd8f,"[[""tanh"", ""tanh"", ""tanh"", ""tanh"", ""tanh"", ""tanh"", ""tanh"", ""tanh"", ""tanh"", ""swish"", ""swish"", ""swish"", ""swish"", ""linear""], [""tanh"", ""tanh"", ""tanh"", ""tanh"", ""tanh"", ""tanh"", ""tanh"", ""swish"", ""swish"", ""swish"", ""linear""], [""tanh"", ""tanh"", ""tanh"", ""tanh"", ""swish"", ""swish""]]",3,31,286,False
653904f0cada,"[[""tanh"", ""tanh"", ""tanh"", ""tanh"", ""tanh"", ""swish"", ""swish""], [""tanh"", ""tanh"", ""tanh"", ""tanh"", ""tanh"", ""tanh"", ""swish"", ""swish"", ""swish""], [""tanh"", ""tanh"", ""tanh"", ""tanh"", ""tanh"", ""tanh"", ""tanh"", ""tanh"", ""tanh"", ""tanh"", ""swish"", ""swish"", ""swish"", ""swish"", ""linear""]]",3,31,259,False
13f615c87324,"[[""tanh"", ""tanh"", ""tanh"", ""tanh"", ""tanh"", ""tanh"", ""tanh"", ""tanh"", ""tanh"", ""tanh"", ""swish"", ""swish"", ""swish"", ""swish"", ""linear""], [""tanh"", ""tanh"", ""tanh"", ""tanh"", ""tanh"", ""tanh"", ""swish"", ""swish"", ""swish"", ""linear""], [""tanh"", ""tanh"", ""tanh"", ""tanh"", ""tanh"", ""tanh"", ""tanh"", ""tanh"", ""tanh"", ""tanh"", ""swish"", ""swish"", ""swish"", ""swish"", ""swish"", ""linear""]]",3,41,398,False
3d24b3bc5dd0,"[[""tanh"", ""tanh"", ""tanh"", ""tanh"", ""tanh"", ""swish"", ""swish""], [""tanh"", ""tanh"", ""tanh"", ""tanh"", ""tanh"", ""tanh"", ""tanh"", ""tanh"", ""swish"", ""swish"", ""swish"", ""linear""], [""tanh"", ""tanh"", ""tanh"", ""tanh"", ""tanh"", ""tanh"", ""swish"", ""swish"", ""swish""]]",3,28,244,False
3839930211f2,"[[""tanh"", ""tanh"", ""tanh"", ""tanh"", ""tanh"", ""swish"", ""swish""], [""tanh"", ""tanh"", ""tanh"", ""tanh"", ""tanh"", ""tanh"", ""tanh"", ""tanh"", ""tanh"", ""tanh"", ""swish"", ""swish"", ""swish"", ""swish"", ""linear""], [""tanh"", ""tanh"", ""tanh"", ""tanh"", ""tanh"", ""tanh"", ""tanh"", ""tanh"", ""swish"", ""swish"", ""swish"", ""linear""]]",3,34,346,False
43698acb57a3,"[[""tanh"", ""tanh"", ""tanh"", ""tanh"", ""tanh"", ""tanh"", ""tanh"", ""tanh"", ""tanh"", ""swish"", ""swish"", ""swish"", ""swish"", ""linear""], [""tanh"", ""tanh"", ""tanh"", ""tanh"", ""tanh"", ""tanh"", ""tanh"", ""tanh"", ""tanh"", ""tanh"", ""swish"", ""swish"", ""swish"", ""swish"", ""swish"", ""linear""], [""tanh"", ""tanh"", ""tanh"", ""tanh"", ""tanh"", ""tanh"", ""tanh"", ""tanh"", ""tanh"", ""tanh"", ""swish"", ""swish"", ""swish"", ""swish"", ""swish"", ""linear""]]",3,46,571,False
2e6a1bbaee96,"[[""tanh"", ""tanh"", ""tanh"", ""tanh"", ""tanh"", ""tanh"", ""tanh"", ""swish"", ""swish"", ""swish"", ""linear""], [""tanh"", ""tanh"", ""tanh"", ""tanh"", ""tanh"", ""tanh"", ""swish"", ""swish"", ""swish"", ""linear""], [""tanh"", ""tanh"", ""tanh"", ""tanh"", ""swish"", ""swish""]]",3,27,226,False
127c1740b0bd,"[[""tanh"", ""tanh"", ""tanh"", ""tanh"", ""tanh"", ""swish"", ""swish"", ""swish""], [""tanh"", ""tanh"", ""tanh"", ""tanh"", ""tanh"", ""tanh"", ""swish"", ""swish"", ""swish""], [""tanh"", ""tanh"", ""tanh"", ""tanh"", ""tanh"", ""tanh"", ""tanh"", ""tanh"", ""swish"", ""swish"", ""swish"", ""linear""]]",3,29,238,False
04d3437b6ad7,"[[""tanh"", ""tanh"", ""tanh"", ""tanh"", ""swish"", ""swish""], [""tanh"", ""tanh"", ""tanh"", ""tanh"", ""tanh"", ""tanh"", ""tanh"", ""tanh"", ""swish"", ""swish"", ""swish"", ""linear""], [""tanh"", ""tanh"", ""tanh"", ""tanh"", ""tanh"", ""tanh"", ""tanh"", ""tanh"", ""tanh"", ""tanh"", ""swish"", ""swish"", ""swish"", ""swish"", ""linear""]]",3,33,313,False
bbf5e1ba2638,"[[""tanh"", ""tanh"", ""tanh"", ""tanh"", ""swish"", ""swish""], [""tanh"", ""tanh"", ""tanh"", ""tanh"", ""tanh"", ""tanh"", ""tanh"", ""tanh"", ""tanh"", ""tanh"", ""swish"", ""swish"", ""swish"", ""swish"", ""linear""], [""tanh"", ""tanh"", ""tanh"", ""tanh"", ""tanh"", ""tanh"", ""tanh"", ""tanh"", ""tanh"", ""tanh"", ""swish"", ""swish"", ""swish"", ""swish"", ""linear""]]",3,36,379,False
394b3b533381,"[[""tanh"", ""tanh"", ""tanh"", ""tanh"", ""tanh"", ""tanh"", ""tanh"", ""tanh"", ""tanh"", ""tanh"", ""swish"", ""swish"", ""swish"", ""swish"", ""swish"", ""linear""], [""tanh"", ""tanh"", ""tanh"", ""tanh"", ""tanh"", ""tanh"", ""tanh"", ""tanh"", ""tanh"", ""swish"", ""swish"", ""swish"", ""swish"", ""linear""], [""tanh"", ""tanh"", ""tanh"", ""tanh"", ""tanh"", ""swish"", ""swish"", ""swish""]]",3,38,415,False
d696857f33e8,"[[""tanh"", ""tanh"", ""tanh"", ""tanh"", ""tanh"", ""tanh"", ""swish"", ""swish"", ""swish"", ""linear""], [""tanh"", ""tanh"", ""tanh"", ""tanh"", ""tanh"", ""swish"", ""swish"", ""swish""], [""tanh"", ""tanh"", ""tanh"", ""tanh"", ""tanh"", ""tanh"", ""tanh"", ""tanh"", ""tanh"", ""swish"", ""swish"", ""swish"", ""swish"", ""linear""]]",3,32,259,False
f7e6441e9142,"[[""tanh"", ""tanh"", ""tanh"", ""tanh"", ""tanh"", ""tanh"", ""tanh"", ""tanh"", ""tanh"", ""tanh"", ""swish"", ""swish"", ""swish"", ""swish"", ""swish"", ""linear""], [""tanh"", ""tanh"", ""tanh"", ""tanh"", ""tanh"", ""tanh"", ""swish"", ""swish"", ""swish"", ""linear""], [""tanh"", ""tanh"", ""tanh"", ""tanh"", ""swish"", ""swish""]]",3,32,291,False
dbbf710fc07c,"[[""tanh"", ""tanh"", ""tanh"", ""tanh"", ""swish"", ""swish""], [""tanh"", ""tanh"", ""tanh"", ""tanh"", ""tanh"", ""tanh"", ""tanh"", ""tanh"", ""tanh"", ""swish"", ""swish"", ""swish"", ""swish"", ""linear""], [""tanh"", ""tanh"", ""tanh"", ""tanh"", ""tanh"", ""tanh"", ""tanh"", ""tanh"", ""tanh"", ""swish"", ""swish"", ""swish"", ""swish"", ""linear""]]",3,34,341,False
c3d19f31b5ab,"[[""tanh"", ""tanh"", ""tanh"", ""tanh"", ""tanh"", ""tanh"", ""tanh"", ""tanh"", ""tanh"", ""tanh"", ""swish"", ""swish"", ""swish"", ""swish"", ""linear""], [""tanh"", ""tanh"", ""tanh"", ""tanh"", ""tanh"", ""swish"", ""swish"", ""swish""], [""tanh"", ""tanh"", ""tanh"", ""tanh"", ""tanh"", ""tanh"", ""tanh"", ""tanh"", ""tanh"", ""tanh"", ""swish"", ""swish"", ""swish"", ""swish"", ""swish"", ""linear""]]",3,39,334,False
e995070db9dd,"[[""tanh"", ""tanh"", ""tanh"", ""tanh"", ""tanh"", ""swish"", ""swish"", ""swish""], [""tanh"", ""tanh"", ""tanh"", ""tanh"", ""tanh"", ""tanh"", ""tanh"", ""tanh"", ""swish"", ""swish"", ""swish"", ""swish"", ""linear""], [""tanh"", ""tanh"", ""tanh"", ""tanh"", ""tanh"", ""tanh"", ""swish"", ""swish"", ""swish""]]",3,30,277,False
1b796888de4a,"[[""tanh"", ""tanh"", ""tanh"", ""tanh"", ""tanh"", ""tanh"", ""swish"", ""swish"", ""swish"", ""linear""], [""tanh"", ""tanh"", ""tanh"", ""tanh"", ""tanh"", ""tanh"", ""tanh"", ""tanh"", ""tanh"", ""tanh"", ""swish"", ""swish"", ""swish"", ""swish"", ""linear""], [""tanh"", ""tanh"", ""tanh"", ""tanh"", ""tanh"", ""tanh"", ""tanh"", ""tanh"", ""tanh"", ""tanh"", ""swish"", ""swish"", ""swish"", ""swish"", ""swish"", ""linear""]]",3,41,468,False
cc3a3418f74e,"[[""tanh"", ""tanh"", ""tanh"", ""tanh"", ""tanh"", ""tanh"", ""tanh"", ""tanh"", ""tanh"", ""tanh"", ""swish"", ""swish"", ""swish"", ""swish"", ""swish"", ""linear""], [""tanh"", ""tanh"", ""tanh"", ""tanh"", ""tanh"", ""tanh"", ""tanh"", ""tanh"", ""tanh"", ""tanh"", ""swish"", ""swish"", ""swish"", ""swish"", ""swish"", ""linear""], [""tanh"", ""tanh"", ""tanh"", ""tanh"", ""tanh"", ""tanh"", ""swish"", ""swish"", ""swish"", ""linear""]]",3,42,501,False
765303386731,"[[""tanh"", ""tanh"", ""tanh"", ""tanh"", ""tanh"", ""tanh"", ""tanh"", ""tanh"", ""tanh"", ""tanh"", ""swish"", ""swish"", ""swish"", ""swish"", ""linear""], [""tanh"", ""tanh"", ""tanh"", ""tanh"", ""tanh"", ""tanh"", ""swish"", ""swish"", ""swish"", ""linear""], [""tanh"", ""tanh"", ""tanh"", ""tanh"", ""swish"", ""swish""]]",3,31,278,False
556e63880353,"[[""tanh"", ""tanh"", ""tanh"", ""tanh"", ""tanh"", ""tanh"", ""tanh"", ""tanh"", ""swish"", ""swish"", ""swish"", ""linear""], [""tanh"", ""tanh"", ""tanh"", ""tanh"", ""tanh"", ""tanh"", ""tanh"", ""tanh"", ""tanh"", ""tanh"", ""swish"", ""swish"", ""swish"", ""swish"", ""swish"", ""linear""], [""tanh"", ""tanh"", ""tanh"", ""tanh"", ""tanh"", ""tanh"", ""tanh"", ""tanh"", ""tanh"", ""tanh"", ""swish"", ""swish"", ""swish"", ""swish"", ""linear""]]",3,43,515,False
9bbd8271d2ad,"[[""tanh"", ""tanh"", ""tanh"", ""tanh"", ""swish"", ""swish""], [""tanh"", ""tanh"", ""tanh"", ""tanh"", ""tanh"", ""tanh"", ""tanh"", ""tanh"", ""tanh"", ""swish"", ""swish"", ""swish"", ""swish"", ""linear""], [""tanh"", ""tanh"", ""tanh"", ""tanh"", ""tanh"", ""tanh"", ""swish"", ""swish"", ""swish"", ""linear""]]",3,30,277,False
8c467909a5fb,"[[""tanh"", ""tanh"", ""tanh"", ""tanh"", ""tanh"", ""tanh"", ""tanh"", ""tanh"", ""tanh"", ""tanh"", ""swish"", ""swish"", ""swish"", ""swish"", ""linear""], [""tanh"", ""tanh"", ""tanh"", ""tanh"", ""tanh"", ""tanh"", ""tanh"", ""tanh"", ""tanh"", ""swish"", ""swish"", ""swish"", ""swish"", ""linear""], [""tanh"", ""tanh"", ""tanh"", ""tanh"", ""tanh"", ""tanh"", ""tanh"", ""swish"", ""swish"", ""swish"", ""linear""]]",3,40,446,False
d4d61a4b1f4d,"[[""tanh"", ""tanh"", ""tanh"", ""tanh"", ""tanh"", ""tanh"", ""tanh"", ""tanh"", ""tanh"", ""swish"", ""swish"", ""swish"", ""swish"", ""linear""], [""tanh"", ""tanh"", ""tanh"", ""tanh"", ""tanh"", ""tanh"", ""tanh"", ""tanh"", ""swish"", ""swish"", ""swish"", ""swish"", ""linear""], [""tanh"", ""tanh"", ""tanh"", ""tanh"", ""tanh"", ""tanh"", ""swish"", ""swish"", ""swish""]]",3,36,373,False
ab787b4fe4dc,"[[""tanh"", ""tanh"", ""tanh"", ""tanh"", ""tanh"", ""tanh"", ""tanh"", ""tanh"", ""swish"", ""swish"", ""swish"", ""swish"", ""linear""], [""tanh"", ""tanh"", ""tanh"", ""tanh"", ""tanh"", ""tanh"", ""tanh"", ""tanh"", ""tanh"", ""tanh"", ""swish"", ""swish"", ""swish"", ""swish"", ""swish"", ""linear""], [""tanh"", ""tanh"", ""tanh"", ""tanh"", ""tanh"", ""swish"", ""swish""]]",3,36,390,False
19b91376980a,"[[""tanh"", ""tanh"", ""tanh"", ""tanh"", ""tanh"", ""swish"", ""swish""], [""tanh"", ""tanh"", ""tanh"", ""tanh"", ""tanh"", ""tanh"", ""tanh"", ""tanh"", ""tanh"", ""tanh"", ""swish"", ""swish"", ""swish"", ""swish"", ""swish"", ""linear""], [""tanh"", ""tanh"", ""tanh"", ""tanh"", ""tanh"", ""swish"", ""swish""]]",3,30,276,False
8d4985cf6248,"[[""tanh"", ""tanh"", ""tanh"", ""tanh"", ""tanh"", ""swish"", ""swish""], [""tanh"", ""tanh"", ""tanh"", ""tanh"", ""swish"", ""swish""], [""tanh"", ""tanh"", ""tanh"", ""tanh"", ""tanh"", ""tanh"", ""tanh"", ""tanh"", ""swish"", ""swish"", ""swish"", ""swish"", ""linear""]]",3,26,174,False
0635081a4ee7,"[[""tanh"", ""tanh"", ""tanh"", ""tanh"", ""tanh"", ""tanh"", ""tanh"", ""tanh"", ""swish"", ""swish"", ""swish"", ""swish"", ""linear""], [""tanh"", ""tanh"", ""tanh"", ""tanh"", ""tanh"", ""tanh"", ""swish"", ""swish"", ""swish"", ""linear""], [""tanh"", ""tanh"", ""tanh"", ""tanh"", ""tanh"", ""swish"", ""swish"", ""swish""]]",3,31,276,False
54da7666ae3b,"[[""tanh"", ""tanh"", ""tanh"", ""tanh"", ""tanh"", ""tanh"", ""tanh"", ""tanh"", ""swish"", ""swish"", ""swish"", ""linear""], [""tanh"", ""tanh"", ""tanh"", ""tanh"", ""tanh"", ""tanh"", ""tanh"", ""swish"", ""swish"", ""swish"", ""linear""], [""tanh"", ""tanh"", ""tanh"", ""tanh"", ""tanh"", ""tanh"", ""swish"", ""swish"", ""swish"", ""linear""]]",3,33,310,False
fce917af6b17,"[[""tanh"", ""tanh"", ""tanh"", ""tanh"", ""tanh"", ""swish"", ""swish"", ""swish""], [""tanh"", ""tanh"", ""tanh"", ""tanh"", ""tanh"", ""swish"", ""swish""], [""tanh"", ""tanh"", ""tanh"", ""tanh"", ""tanh"", ""tanh"", ""swish"", ""swish"", ""swish"", ""linear""]]",3,25,178,False
73b5cc3cc008,"[[""tanh"", ""tanh"", ""tanh"", ""tanh"", ""tanh"", ""tanh"", ""tanh"", ""swish"", ""swish"", ""swish"", ""linear""], [""tanh"", ""tanh"", ""tanh"", ""tanh"", ""tanh"", ""tanh"", ""tanh"", ""swish"", ""swish"", ""swish"", ""linear""], [""tanh"", ""tanh"", ""tanh"", ""tanh"", ""tanh"", ""tanh"", ""tanh"", ""tanh"", ""swish"", ""swish"", ""swish"", ""swish"", ""linear""]]",3,35,335,False
6b6ccafe62ac,"[[""tanh"", ""tanh"", ""tanh"", ""tanh"", ""tanh"", ""tanh"", ""tanh"", ""tanh"", ""tanh"", ""tanh"", ""swish"", ""swish"", ""swish"", ""swish"", ""linear""], [""tanh"", ""tanh"", ""tanh"", ""tanh"", ""tanh"", ""tanh"", ""tanh"", ""tanh"", ""tanh"", ""tanh"", ""swish"", ""swish"", ""swish"", ""swish"", ""swish"", ""linear""], [""tanh"", ""tanh"", ""tanh"", ""tanh"", ""tanh"", ""tanh"", ""tanh"", ""tanh"", ""swish"", ""swish"", ""swish"", ""swish"", ""linear""]]",3,44,536,False
db44d43d5a79,"[[""tanh"", ""tanh"", ""tanh"", ""tanh"", ""tanh"", ""tanh"", ""tanh"", ""tanh"", ""tanh"", ""swish"", ""swish"", ""swish"", ""swish"", ""linear""], [""tanh"", ""tanh"", ""tanh"", ""tanh"", ""tanh"", ""tanh"", ""tanh"", ""tanh"", ""tanh"", ""tanh"", ""swish"", ""swish"", ""swish"", ""swish"", ""swish"", ""linear""], [""tanh"", ""tanh"", ""tanh"", ""tanh"", ""tanh"", ""tanh"", ""tanh"", ""tanh"", ""tanh"", ""tanh"", ""swish"", ""swish"", ""swish"", ""swish"", ""linear""]]",3,45,553,False
804ee13fd90b,"[[""tanh"", ""tanh"", ""tanh"", ""tanh"", ""tanh"", ""tanh"", ""swish"", ""swish"", ""swish""], [""tanh"", ""tanh"", ""tanh"", ""tanh"", ""tanh"", ""tanh"", ""swish"", ""swish"", ""swish""], [""tanh"", ""tanh"", ""tanh"", ""tanh"", ""tanh"", ""tanh"", ""tanh"", ""tanh"", ""tanh"", ""swish"", ""swish"", ""swish"", ""swish"", ""linear""]]",3,32,272,False
05d433454994,"[[""tanh"", ""tanh"", ""tanh"", ""tanh"", ""tanh"", ""tanh"", ""tanh"", ""tanh"", ""swish"", ""swish"", ""swish"", ""swish"", ""linear""], [""tanh"", ""tanh"", ""tanh"", ""tanh"", ""tanh"", ""tanh"", ""tanh"", ""tanh"", ""swish"", ""swish"", ""swish"", ""linear""], [""tanh"", ""tanh"", ""tanh"", ""tanh"", ""tanh"", ""tanh"", ""tanh"", ""tanh"", ""swish"", ""swish"", ""swish"", ""linear""]]",3,37,376,False
359f8cb96247,"[[""tanh"", ""tanh"", ""tanh"", ""tanh"", ""tanh"", ""tanh"", ""tanh"", ""tanh"", ""tanh"", ""swish"", ""swish"", ""swish"", ""swish"", ""linear""], [""tanh"", ""tanh"", ""tanh"", ""tanh"", ""tanh"", ""tanh"", ""tanh"", ""tanh"", ""tanh"", ""tanh"", ""swish"", ""swish"", ""swish"", ""swish"", ""linear""], [""tanh"", ""tanh"", ""tanh"", ""tanh"", ""tanh"", ""tanh"", ""tanh"", ""swish"", ""swish"", ""swish"", ""linear""]]",3,40,455,False
6af59a5f9d6c,"[[""tanh"", ""tanh"", ""tanh"", ""tanh"", ""tanh"", ""swish"", ""swish"", ""swish""], [""tanh"", ""tanh"", ""tanh"", ""tanh"", ""tanh"", ""tanh"", ""tanh"", ""tanh"", ""swish"", ""swish"", ""swish"", ""swish"", ""linear""], [""tanh"", ""tanh"", ""tanh"", ""tanh"", ""tanh"", ""tanh"", ""tanh"", ""tanh"", ""tanh"", ""swish"", ""swish"", ""swish"", ""swish"", ""linear""]]",3,35,352,False
017f3163dec3,"[[""tanh"", ""tanh"", ""tanh"", ""tanh"", ""tanh"", ""tanh"", ""tanh"", ""tanh"", ""swish"", ""swish"", ""swish"", ""swish"", ""linear""], [""tanh"", ""tanh"", ""tanh"", ""tanh"", ""swish"", ""swish""], [""tanh"", ""tanh"", ""tanh"", ""tanh"", ""tanh"", ""tanh"", ""tanh"", ""tanh"", ""swish"", ""swish"", ""swish"", ""linear""]]",3,31,220,False
7c0db21238a4,"[[""tanh"", ""tanh"", ""tanh"", ""tanh"", ""tanh"", ""swish"", ""swish""], [""tanh"", ""tanh"", ""tanh"", ""tanh"", ""tanh"", ""tanh"", ""swish"", ""swish"", ""swish"", ""linear""], [""tanh"", ""tanh"", ""tanh"", ""tanh"", ""tanh"", ""tanh"", ""swish"", ""swish"", ""swish""]]",3,26,210,False
277985502ebc,"[[""tanh"", ""tanh"", ""tanh"", ""tanh"", ""tanh"", ""tanh"", ""tanh"", ""tanh"", ""swish"", ""swish"", ""swish"", ""linear""], [""tanh"", ""tanh"", ""tanh"", ""tanh"", ""tanh"", ""tanh"", ""tanh"", ""tanh"", ""tanh"", ""swish"", ""swish"", ""swish"", ""swish"", ""linear""], [""tanh"", ""tanh"", ""tanh"", ""tanh"", ""tanh"", ""tanh"", ""swish"", ""swish"", ""swish""]]",3,35,363,False
731e2595e50b,"[[""tanh"", ""tanh"", ""tanh"", ""tanh"", ""tanh"", ""tanh"", ""tanh"", ""tanh"", ""tanh"", ""tanh"", ""swish"", ""swish"", ""swish"", ""swish"", ""swish"", ""linear""], [""tanh"", ""tanh"", ""tanh"", ""tanh"", ""tanh"", ""swish"", ""swish""], [""tanh"", ""tanh"", ""tanh"", ""tanh"", ""tanh"", ""tanh"", ""tanh"", ""tanh"", ""swish"", ""swish"", ""swish"", ""linear""]]",3,35,276,False
894260299409,"[[""tanh"", ""tanh"", ""tanh"", ""tanh"", ""tanh"", ""tanh"", ""tanh"", ""tanh"", ""tanh"", ""tanh"", ""swish"", ""swish"", ""swish"", ""swish"", ""linear""], [""tanh"", ""tanh"", ""tanh"", ""tanh"", ""tanh"", ""swish"", ""swish"", ""swish""], [""tanh"", ""tanh"", ""tanh"", ""tanh"", ""tanh"", ""tanh"", ""tanh"", ""tanh"", ""swish"", ""swish"", ""swish"", ""swish"", ""linear""]]",3,36,304,False
6c169bbd11c5,"[[""tanh"", ""tanh"", ""tanh"", ""tanh"", ""tanh"", ""tanh"", ""tanh"", ""tanh"", ""swish"", ""swish"", ""swish"", ""swish"", ""linear""], [""tanh"", ""tanh"", ""tanh"", ""tanh"", ""swish"", ""swish""], [""tanh"", ""tanh"", ""tanh"", ""tanh"", ""swish"", ""swish""]]",3,25,172,False
5956e18804a0,"[[""tanh"", ""tanh"", ""tanh"", ""tanh"", ""tanh"", ""tanh"", ""tanh"", ""tanh"", ""tanh"", ""tanh"", ""swish"", ""swish"", ""swish"", ""swish"", ""swish"", ""linear""], [""tanh"", ""tanh"", ""tanh"", ""tanh"", ""tanh"", ""swish"", ""swish"", ""swish""], [""tanh"", ""tanh"", ""tanh"", ""tanh"", ""tanh"", ""tanh"", ""tanh"", ""tanh"", ""tanh"", ""tanh"", ""swish"", ""swish"", ""swish"", ""swish"", ""swish"", ""linear""]]",3,40,345,False
ba28bf9e39ee,"[[""tanh"", ""tanh"", ""tanh"", ""tanh"", ""tanh"", ""swish"", ""swish"", ""swish""], [""tanh"", ""tanh"", ""tanh"", ""tanh"", ""tanh"", ""tanh"", ""swish"", ""swish"", ""swish"", ""linear""], [""tanh"", ""tanh"", ""tanh"", ""tanh"", ""tanh"", ""tanh"", ""tanh"", ""tanh"", ""swish"", ""swish"", ""swish"", ""linear""]]",3,30,259,False
28b2e839b407,"[[""tanh"", ""tanh"", ""tanh"", ""tanh"", ""tanh"", ""tanh"", ""swish"", ""swish"", ""swish"", ""linear""], [""tanh"", ""tanh"", ""tanh"", ""tanh"", ""tanh"", ""swish"", ""swish""], [""tanh"", ""tanh"", ""tanh"", ""tanh"", ""swish"", ""swish""]]",3,23,162,False
a91df6906590,"[[""tanh"", ""tanh"", ""tanh"", ""tanh"", ""swish"", ""swish""], [""tanh"", ""tanh"", ""tanh"", ""tanh"", ""tanh"", ""tanh"", ""tanh"", ""tanh"", ""tanh"", ""tanh"", ""swish"", ""swish"", ""swish"", ""swish"", ""swish"", ""linear""], [""tanh"", ""tanh"", ""tanh"", ""tanh"", ""tanh"", ""swish"", ""swish"", ""swish""]]",3,30,275,False
cdda72a7943a,"[[""tanh"", ""tanh"", ""tanh"", ""tanh"", ""swish"", ""swish""], [""tanh"", ""tanh"", ""tanh"", ""tanh"", ""tanh"", ""tanh"", ""tanh"", ""swish"", ""swish"", ""swish"", ""linear""], [""tanh"", ""tanh"", ""tanh"", ""tanh"", ""tanh"", ""tanh"", ""tanh"", ""tanh"", ""tanh"", ""tanh"", ""swish"", ""swish"", ""swish"", ""swish"", ""linear""]]",3,32,291,False
3309bef113d6,"[[""tanh"", ""tanh"", ""tanh"", ""tanh"", ""tanh"", ""tanh"", ""swish"", ""swish"", ""swish""], [""tanh"", ""tanh"", ""tanh"", ""tanh"", ""tanh"", ""tanh"", ""tanh"", ""tanh"", ""tanh"", ""swish"", ""swish"", ""swish"", ""swish"", ""linear""], [""tanh"", ""tanh"", ""tanh"", ""tanh"", ""tanh"", ""tanh"", ""tanh"", ""tanh"", ""swish"", ""swish"", ""swish"", ""swish"", ""linear""]]",3,36,376,False
ac46262ae12b,"[[""tanh"", ""tanh"", ""tanh"", ""tanh"", ""tanh"", ""tanh"", ""tanh"", ""tanh"", ""swish"", ""swish"", ""swish"", ""swish"", ""linear""], [""tanh"", ""tanh"", ""tanh"", ""tanh"", ""tanh"", ""tanh"", ""tanh"", ""tanh"", ""tanh"", ""tanh"", ""swish"", ""swish"", ""swish"", ""swish"", ""linear""], [""tanh"", ""tanh"", ""tanh"", ""tanh"", ""tanh"", ""swish"", ""swish"", ""swish""]]",3,36,386,False
8d8216e9599d,"[[""tanh"", ""tanh"", ""tanh"", ""tanh"", ""tanh"", ""tanh"", ""tanh"", ""tanh"", ""tanh"", ""tanh"", ""swish"", ""swish"", ""swish"", ""swish"", ""linear""], [""tanh"", ""tanh"", ""tanh"", ""tanh"", ""tanh"", ""tanh"", ""tanh"", ""tanh"", ""tanh"", ""tanh"", ""swish"", ""swish"", ""swish"", ""swish"", ""swish"", ""linear""], [""tanh"", ""tanh"", ""tanh"", ""tanh"", ""tanh"", ""tanh"", ""swish"", ""swish"", ""swish""]]",3,40,464,False
2682a1194110,"[[""tanh"", ""tanh"", ""tanh"", ""tanh"", ""tanh"", ""tanh"", ""swish"", ""swish"", ""swish"", ""linear""], [""tanh"", ""tanh"", ""tanh"", ""tanh"", ""tanh"", ""tanh"", ""tanh"", ""tanh"", ""tanh"", ""swish"", ""swish"", ""swish"", ""swish"", ""linear""], [""tanh"", ""tanh"", ""tanh"", ""tanh"", ""tanh"", ""swish"", ""swish"", ""swish""]]",3,32,313,False
3020b0dd830b,"[[""tanh"", ""tanh"", ""tanh"", ""tanh"", ""tanh"", ""swish"", ""swish""], [""tanh"", ""tanh"", ""tanh"", ""tanh"", ""tanh"", ""tanh"", ""tanh"", ""swish"", ""swish"", ""swish"", ""linear""], [""tanh"", ""tanh"", ""tanh"", ""tanh"", ""tanh"", ""tanh"", ""tanh"", ""swish"", ""swish"", ""swish"", ""linear""]]",3,29,253,False
176f26eb0aa9,"[[""tanh"", ""tanh"", ""tanh"", ""tanh"", ""tanh"", ""tanh"", ""tanh"", ""tanh"", ""swish"", ""swish"", ""swish"", ""linear""], [""tanh"", ""tanh"", ""tanh"", ""tanh"", ""swish"", ""swish""], [""tanh"", ""tanh"", ""tanh"", ""tanh"", ""tanh"", ""tanh"", ""tanh"", ""swish"", ""swish"", ""swish"", ""linear""]]",3,29,203,False
417d7368766a,"[[""tanh"", ""tanh"", ""tanh"", ""tanh"", ""tanh"", ""tanh"", ""tanh"", ""tanh"", ""tanh"", ""tanh"", ""swish"", ""swish"", ""swish"", ""swish"", ""swish"", ""linear""], [""tanh"", ""tanh"", ""tanh"", ""tanh"", ""tanh"", ""tanh"", ""tanh"", ""tanh"", ""swish"", ""swish"", ""swish"", ""swish"", ""linear""], [""tanh"", ""tanh"", ""tanh"", ""tanh"", ""tanh"", ""tanh"", ""swish"", ""swish"", ""swish"", ""linear""]]",3,39,420,False
a9908d2c2a52,"[[""tanh"", ""tanh"", ""tanh"", ""tanh"", ""tanh"", ""tanh"", ""tanh"", ""tanh"", ""tanh"", ""swish"", ""swish"", ""swish"", ""swish"", ""linear""], [""tanh"", ""tanh"", ""tanh"", ""tanh"", ""tanh"", ""tanh"", ""tanh"", ""tanh"", ""tanh"", ""tanh"", ""swish"", ""swish"", ""swish"", ""swish"", ""linear""], [""tanh"", ""tanh"", ""tanh"", ""tanh"", ""tanh"", ""tanh"", ""swish"", ""swish"", ""swish"", ""linear""]]",3,39,438,False
7a4a27924149,"[[""tanh"", ""tanh"", ""tanh"", ""tanh"", ""tanh"", ""tanh"", ""tanh"", ""tanh"", ""tanh"", ""tanh"", ""swish"", ""swish"", ""swish"", ""swish"", ""swish"", ""linear""], [""tanh"", ""tanh"", ""tanh"", ""tanh"", ""tanh"", ""tanh"", ""swish"", ""swish"", ""swish""], [""tanh"", ""tanh"", ""tanh"", ""tanh"", ""tanh"", ""tanh"", ""tanh"", ""swish"", ""swish"", ""swish"", ""linear""]]",3,36,323,False
2f266ed331be,"[[""tanh"", ""tanh"", ""tanh"", ""tanh"", ""tanh"", ""tanh"", ""tanh"", ""tanh"", ""tanh"", ""tanh"", ""swish"", ""swish"", ""swish"", ""swish"", ""swish"", ""linear""], [""tanh"", ""tanh"", ""tanh"", ""tanh"", ""tanh"", ""tanh"", ""tanh"", ""swish"", ""swish"", ""swish"", ""linear""], [""tanh"", ""tanh"", ""tanh"", ""tanh"", ""tanh"", ""tanh"", ""tanh"", ""tanh"", ""tanh"", ""tanh"", ""swish"", ""swish"", ""swish"", ""swish"", ""swish"", ""linear""]]",3,43,444,False
267c6f47ff97,"[[""tanh"", ""tanh"", ""tanh"", ""tanh"", ""tanh"", ""swish"", ""swish"", ""swish""], [""tanh"", ""tanh"", ""tanh"", ""tanh"", ""tanh"", ""tanh"", ""tanh"", ""tanh"", ""tanh"", ""swish"", ""swish"", ""swish"", ""swish"", ""linear""], [""tanh"", ""tanh"", ""tanh"", ""tanh"", ""tanh"", ""tanh"", ""swish"", ""swish"", ""swish""]]",3,31,295,False
9cefc65e9813,"[[""tanh"", ""tanh"", ""tanh"", ""tanh"", ""tanh"", ""tanh"", ""tanh"", ""tanh"", ""tanh"", ""swish"", ""swish"", ""swish"", ""swish"", ""linear""], [""tanh"", ""tanh"", ""tanh"", ""tanh"", ""tanh"", ""tanh"", ""tanh"", ""swish"", ""swish"", ""swish"", ""linear""], [""tanh"", ""tanh"", ""tanh"", ""tanh"", ""tanh"", ""tanh"", ""tanh"", ""tanh"", ""tanh"", ""tanh"", ""swish"", ""swish"", ""swish"", ""swish"", ""swish"", ""linear""]]",3,41,416,False
2457a829c8a6,"[[""tanh"", ""tanh"", ""tanh"", ""tanh"", ""tanh"", ""tanh"", ""tanh"", ""tanh"", ""tanh"", ""tanh"", ""swish"", ""swish"", ""swish"", ""swish"", ""linear""], [""tanh"", ""tanh"", ""tanh"", ""tanh"", ""tanh"", ""tanh"", ""tanh"", ""tanh"", ""tanh"", ""tanh"", ""swish"", ""swish"", ""swish"", ""swish"", ""linear""], [""tanh"", ""tanh"", ""tanh"", ""tanh"", ""tanh"", ""tanh"", ""tanh"", ""tanh"", ""tanh"", ""tanh"", ""swish"", ""swish"", ""swish"", ""swish"", ""linear""]]",3,45,541,False
ba09a49edf33,"[[""tanh"", ""tanh"", ""tanh"", ""tanh"", ""tanh"", ""tanh"", ""tanh"", ""swish"", ""swish"", ""swish"", ""linear""], [""tanh"", ""tanh"", ""tanh"", ""tanh"", ""tanh"", ""tanh"", ""tanh"", ""swish"", ""swish"", ""swish"", ""linear""], [""tanh"", ""tanh"", ""tanh"", ""tanh"", ""tanh"", ""tanh"", ""tanh"", ""swish"", ""swish"", ""swish"", ""linear""]]",3,33,309,False
91561e7a1336,"[[""tanh"", ""tanh"", ""tanh"", ""tanh"", ""tanh"", ""tanh"", ""tanh"", ""tanh"", ""swish"", ""swish"", ""swish"", ""linear""], [""tanh"", ""tanh"", ""tanh"", ""tanh"", ""tanh"", ""tanh"", ""swish"", ""swish"", ""swish"", ""linear""], [""tanh"", ""tanh"", ""tanh"", ""tanh"", ""tanh"", ""swish"", ""swish""]]",3,29,251,False
c90085bbeaed,"[[""tanh"", ""tanh"", ""tanh"", ""tanh"", ""tanh"", ""swish"", ""swish""], [""tanh"", ""tanh"", ""tanh"", ""tanh"", ""tanh"", ""tanh"", ""tanh"", ""tanh"", ""swish"", ""swish"", ""swish"", ""linear""], [""tanh"", ""tanh"", ""tanh"", ""tanh"", ""tanh"", ""tanh"", ""tanh"", ""swish"", ""swish"", ""swish"", ""linear""]]",3,30,272,False
f9cf9ee9a346,"[[""tanh"", ""tanh"", ""tanh"", ""tanh"", ""tanh"", ""swish"", ""swish"", ""swish""], [""tanh"", ""tanh"", ""tanh"", ""tanh"", ""swish"", ""swish""], [""tanh"", ""tanh"", ""tanh"", ""tanh"", ""tanh"", ""swish"", ""swish"", ""swish""]]",3,22,143,False
db543b51fd5b,"[[""tanh"", ""tanh"", ""tanh"", ""tanh"", ""tanh"", ""tanh"", ""tanh"", ""tanh"", ""tanh"", ""swish"", ""swish"", ""swish"", ""swish"", ""linear""], [""tanh"", ""tanh"", ""tanh"", ""tanh"", ""tanh"", ""tanh"", ""tanh"", ""swish"", ""swish"", ""swish"", ""linear""], [""tanh"", ""tanh"", ""tanh"", ""tanh"", ""tanh"", ""tanh"", ""tanh"", ""tanh"", ""tanh"", ""tanh"", ""swish"", ""swish"", ""swish"", ""swish"", ""linear""]]",3,40,403,False
c5a1757aa164,"[[""tanh"", ""tanh"", ""tanh"", ""tanh"", ""tanh"", ""tanh"", ""tanh"", ""tanh"", ""swish"", ""swish"", ""swish"", ""swish"", ""linear""], [""tanh"", ""tanh"", ""tanh"", ""tanh"", ""tanh"", ""swish"", ""swish""], [""tanh"", ""tanh"", ""tanh"", ""tanh"", ""tanh"", ""swish"", ""swish"", ""swish""]]",3,28,210,False
22aac6d7a83f,"[[""tanh"", ""tanh"", ""tanh"", ""tanh"", ""tanh"", ""tanh"", ""tanh"", ""tanh"", ""swish"", ""swish"", ""swish"", ""swish"", ""linear""], [""tanh"", ""tanh"", ""tanh"", ""tanh"", ""tanh"", ""tanh"", ""tanh"", ""swish"", ""swish"", ""swish"", ""linear""], [""tanh"", ""tanh"", ""tanh"", ""tanh"", ""tanh"", ""tanh"", ""swish"", ""swish"", ""swish""]]",3,33,311,False
2883b754ee93,"[[""tanh"", ""tanh"", ""tanh"", ""tanh"", ""tanh"", ""tanh"", ""tanh"", ""tanh"", ""swish"", ""swish"", ""swish"", ""linear""], [""tanh"", ""tanh"", ""tanh"", ""tanh"", ""tanh"", ""tanh"", ""swish"", ""swish"", ""swish""], [""tanh"", ""tanh"", ""tanh"", ""tanh"", ""tanh"", ""tanh"", ""tanh"", ""tanh"", ""tanh"", ""tanh"", ""swish"", ""swish"", ""swish"", ""swish"", ""swish"", ""linear""]]",3,37,330,False
91c67066adfd,"[[""tanh"", ""tanh"", ""tanh"", ""tanh"", ""tanh"", ""swish"", ""swish""], [""tanh"", ""tanh"", ""tanh"", ""tanh"", ""tanh"", ""tanh"", ""tanh"", ""tanh"", ""tanh"", ""swish"", ""swish"", ""swish"", ""swish"", ""linear""], [""tanh"", ""tanh"", ""tanh"", ""tanh"", ""tanh"", ""tanh"", ""tanh"", ""swish"", ""swish"", ""swish"", ""linear""]]",3,32,310,False
e993e839d0ae,"[[""tanh"", ""tanh"", ""tanh"", ""tanh"", ""tanh"", ""tanh"", ""tanh"", ""tanh"", ""tanh"", ""tanh"", ""swish"", ""swish"", ""swish"", ""swish"", ""swish"", ""linear""], [""tanh"", ""tanh"", ""tanh"", ""tanh"", ""tanh"", ""tanh"", ""tanh"", ""tanh"", ""tanh"", ""tanh"", ""swish"", ""swish"", ""swish"", ""swish"", ""linear""], [""tanh"", ""tanh"", ""tanh"", ""tanh"", ""tanh"", ""tanh"", ""tanh"", ""swish"", ""swish"", ""swish"", ""linear""]]",3,42,491,False
eb2129238f1a,"[[""tanh"", ""tanh"", ""tanh"", ""tanh"", ""tanh"", ""tanh"", ""tanh"", ""tanh"", ""swish"", ""swish"", ""swish"", ""linear""], [""tanh"", ""tanh"", ""tanh"", ""tanh"", ""tanh"", ""tanh"", ""tanh"", ""tanh"", ""swish"", ""swish"", ""swish"", ""linear""], [""tanh"", ""tanh"", ""tanh"", ""tanh"", ""tanh"", ""tanh"", ""swish"", ""swish"", ""swish""]]",3,33,319,False
e2973e6243fd,"[[""tanh"", ""tanh"", ""tanh"", ""tanh"", ""tanh"", ""tanh"", ""tanh"", ""tanh"", ""tanh"", ""swish"", ""swish"", ""swish"", ""swish"", ""linear""], [""tanh"", ""tanh"", ""tanh"", ""tanh"", ""tanh"", ""tanh"", ""tanh"", ""tanh"", ""tanh"", ""tanh"", ""swish"", ""swish"", ""swish"", ""swish"", ""linear""], [""tanh"", ""tanh"", ""tanh"", ""tanh"", ""tanh"", ""tanh"", ""swish"", ""swish"", ""swish""]]",3,38,421,False
3f647c0360c3,"[[""tanh"", ""tanh"", ""tanh"", ""tanh"", ""tanh"", ""tanh"", ""tanh"", ""tanh"", ""tanh"", ""tanh"", ""swish"", ""swish"", ""swish"", ""swish"", ""swish"", ""linear""], [""tanh"", ""tanh"", ""tanh"", ""tanh"", ""tanh"", ""tanh"", ""tanh"", ""tanh"", ""swish"", ""swish"", ""swish"", ""swish"", ""linear""], [""tanh"", ""tanh"", ""tanh"", ""tanh"", ""tanh"", ""swish"", ""swish""]]",3,36,375,False
a8a4a7645567,"[[""tanh"", ""tanh"", ""tanh"", ""tanh"", ""tanh"", ""tanh"", ""tanh"", ""swish"", ""swish"", ""swish"", ""linear""], [""tanh"", ""tanh"", ""tanh"", ""tanh"", ""tanh"", ""tanh"", ""swish"", ""swish"", ""swish"", ""linear""], [""tanh"", ""tanh"", ""tanh"", ""tanh"", ""tanh"", ""swish"", ""swish""]]",3,28,238,False
dcdff1d8de5f,"[[""tanh"", ""tanh"", ""tanh"", ""tanh"", ""tanh"", ""tanh"", ""tanh"", ""tanh"", ""tanh"", ""tanh"", ""swish"", ""swish"", ""swish"", ""swish"", ""swish"", ""linear""], [""tanh"", ""tanh"", ""tanh"", ""tanh"", ""tanh"", ""tanh"", ""tanh"", ""swish"", ""swish"", ""swish"", ""linear""], [""tanh"", ""tanh"", ""tanh"", ""tanh"", ""tanh"", ""tanh"", ""swish"", ""swish"", ""swish""]]",3,36,353,False
885a8771d205,"[[""tanh"", ""tanh"", ""tanh"", ""tanh"", ""tanh"", ""swish"", ""swish""], [""tanh"", ""tanh"", ""tanh"", ""tanh"", ""tanh"", ""swish"", ""swish"", ""swish""], [""tanh"", ""tanh"", ""tanh"", ""tanh"", ""tanh"", ""swish"", ""swish"", ""swish""]]",3,23,166,False
e95a4239eef2,"[[""tanh"", ""tanh"", ""tanh"", ""tanh"", ""swish"", ""swish""], [""tanh"", ""tanh"", ""tanh"", ""tanh"", ""tanh"", ""tanh"", ""swish"", ""swish"", ""swish""], [""tanh"", ""tanh"", ""tanh"", ""tanh"", ""tanh"", ""tanh"", ""tanh"", ""tanh"", ""tanh"", ""tanh"", ""swish"", ""swish"", ""swish"", ""swish"", ""swish"", ""linear""]]",3,31,258,False
c1c8a5991a33,"[[""tanh"", ""tanh"", ""tanh"", ""tanh"", ""tanh"", ""tanh"", ""tanh"", ""tanh"", ""swish"", ""swish"", ""swish"", ""linear""], [""tanh"", ""tanh"", ""tanh"", ""tanh"", ""tanh"", ""tanh"", ""tanh"", ""tanh"", ""tanh"", ""tanh"", ""swish"", ""swish"", ""swish"", ""swish"", ""linear""], [""tanh"", ""tanh"", ""tanh"", ""tanh"", ""tanh"", ""tanh"", ""tanh"", ""tanh"", ""swish"", ""swish"", ""swish"", ""swish"", ""linear""]]",3,40,453,False
db61425ef469,"[[""tanh"", ""tanh"", ""tanh"", ""tanh"", ""tanh"", ""tanh"", ""tanh"", ""tanh"", ""swish"", ""swish"", ""swish"", ""swish"", ""linear""], [""tanh"", ""tanh"", ""tanh"", ""tanh"", ""tanh"", ""tanh"", ""tanh"", ""tanh"", ""tanh"", ""tanh"", ""swish"", ""swish"", ""swish"", ""swish"", ""swish"", ""linear""], [""tanh"", ""tanh"", ""tanh"", ""tanh"", ""tanh"", ""tanh"", ""tanh"", ""tanh"", ""tanh"", ""swish"", ""swish"", ""swish"", ""swish"", ""linear""]]",3,43,516,False
48cf605ca330,"[[""tanh"", ""tanh"", ""tanh"", ""tanh"", ""tanh"", ""tanh"", ""tanh"", ""swish"", ""swish"", ""swish"", ""linear""], [""tanh"", ""tanh"", ""tanh"", ""tanh"", ""tanh"", ""tanh"", ""tanh"", ""tanh"", ""tanh"", ""swish"", ""swish"", ""swish"", ""swish"", ""linear""], [""tanh"", ""tanh"", ""tanh"", ""tanh"", ""tanh"", ""tanh"", ""swish"", ""swish"", ""swish""]]",3,34,346,False
6247572c6b86,"[[""tanh"", ""tanh"", ""tanh"", ""tanh"", ""swish"", ""swish""], [""tanh"", ""tanh"", ""tanh"", ""tanh"", ""tanh"", ""tanh"", ""tanh"", ""tanh"", ""swish"", ""swish"", ""swish"", ""swish"", ""linear""], [""tanh"", ""tanh"", ""tanh"", ""tanh"", ""tanh"", ""swish"", ""swish"", ""swish""]]",3,27,230,False
7333d665e2e3,"[[""tanh"", ""tanh"", ""tanh"", ""tanh"", ""tanh"", ""tanh"", ""tanh"", ""tanh"", ""swish"", ""swish"", ""swish"", ""swish"", ""linear""], [""tanh"", ""tanh"", ""tanh"", ""tanh"", ""tanh"", ""tanh"", ""tanh"", ""tanh"", ""tanh"", ""tanh"", ""swish"", ""swish"", ""swish"", ""swish"", ""swish"", ""linear""], [""tanh"", ""tanh"", ""tanh"", ""tanh"", ""tanh"", ""tanh"", ""swish"", ""swish"", ""swish"", ""linear""]]",3,39,444,False
7ed17dd1a2fa,"[[""tanh"", ""tanh"", ""tanh"", ""tanh"", ""swish"", ""swish""], [""tanh"", ""tanh"", ""tanh"", ""tanh"", ""tanh"", ""swish"", ""swish"", ""swish""], [""tanh"", ""tanh"", ""tanh"", ""tanh"", ""tanh"", ""tanh"", ""tanh"", ""tanh"", ""tanh"", ""tanh"", ""swish"", ""swish"", ""swish"", ""swish"", ""linear""]]",3,29,225,False
bd2ccf4004d6,"[[""tanh"", ""tanh"", ""tanh"", ""tanh"", ""tanh"", ""tanh"", ""tanh"", ""tanh"", ""tanh"", ""tanh"", ""swish"", ""swish"", ""swish"", ""swish"", ""swish"", ""linear""], [""tanh"", ""tanh"", ""tanh"", ""tanh"", ""tanh"", ""tanh"", ""tanh"", ""tanh"", ""tanh"", ""tanh"", ""swish"", ""swish"", ""swish"", ""swish"", ""swish"", ""linear""], [""tanh"", ""tanh"", ""tanh"", ""tanh"", ""tanh"", ""tanh"", ""tanh"", ""tanh"", ""swish"", ""swish"", ""swish"", ""swish"", ""linear""]]",3,45,555,False
de3e52dc4917,"[[""tanh"", ""tanh"", ""tanh"", ""tanh"", ""tanh"", ""swish"", ""swish"", ""swish""], [""tanh"", ""tanh"", ""tanh"", ""tanh"", ""tanh"", ""swish"", ""swish""], [""tanh"", ""tanh"", ""tanh"", ""tanh"", ""tanh"", ""tanh"", ""tanh"", ""tanh"", ""swish"", ""swish"", ""swish"", ""linear""]]",3,27,196,False
beba906b61c1,"[[""tanh"", ""tanh"", ""tanh"", ""tanh"", ""tanh"", ""tanh"", ""tanh"", ""swish"", ""swish"", ""swish"", ""linear""], [""tanh"", ""tanh"", ""tanh"", ""tanh"", ""tanh"", ""tanh"", ""tanh"", ""tanh"", ""tanh"", ""tanh"", ""swish"", ""swish"", ""swish"", ""swish"", ""swish"", ""linear""], [""tanh"", ""tanh"", ""tanh"", ""tanh"", ""tanh"", ""tanh"", ""tanh"", ""tanh"", ""tanh"", ""swish"", ""swish"", ""swish"", ""swish"", ""linear""]]",3,41,478,False
142fd92bfc94,"[[""tanh"", ""tanh"", ""tanh"", ""tanh"", ""swish"", ""swish""], [""tanh"", ""tanh"", ""tanh"", ""tanh"", ""tanh"", ""tanh"", ""tanh"", ""tanh"", ""swish"", ""swish"", ""swish"", ""swish"", ""linear""], [""tanh"", ""tanh"", ""tanh"", ""tanh"", ""tanh"", ""swish"", ""swish""]]",3,26,215,False
4db6359a6501,"[[""tanh"", ""tanh"", ""tanh"", ""tanh"", ""tanh"", ""tanh"", ""tanh"", ""tanh"", ""tanh"", ""tanh"", ""swish"", ""swish"", ""swish"", ""swish"", ""linear""], [""tanh"", ""tanh"", ""tanh"", ""tanh"", ""tanh"", ""tanh"", ""swish"", ""swish"", ""swish"", ""linear""], [""tanh"", ""tanh"", ""tanh"", ""tanh"", ""tanh"", ""swish"", ""swish""]]",3,32,290,False
7e30dffe88be,"[[""tanh"", ""tanh"", ""tanh"", ""tanh"", ""tanh"", ""tanh"", ""swish"", ""swish"", ""swish""], [""tanh"", ""tanh"", ""tanh"", ""tanh"", ""tanh"", ""swish"", ""swish"", ""swish""], [""tanh"", ""tanh"", ""tanh"", ""tanh"", ""tanh"", ""tanh"", ""tanh"", ""tanh"", ""tanh"", ""swish"", ""swish"", ""swish"", ""swish"", ""linear""]]",3,31,248,False
242f8060b04e,"[[""tanh"", ""tanh"", ""tanh"", ""tanh"", ""tanh"", ""tanh"", ""swish"", ""swish"", ""swish"", ""linear""], [""tanh"", ""tanh"", ""tanh"", ""tanh"", ""tanh"", ""tanh"", ""tanh"", ""tanh"", ""swish"", ""swish"", ""swish"", ""linear""], [""tanh"", ""tanh"", ""tanh"", ""tanh"", ""tanh"", ""tanh"", ""tanh"", ""tanh"", ""swish"", ""swish"", ""swish"", ""linear""]]",3,34,331,False
9987bbc536ee,"[[""tanh"", ""tanh"", ""tanh"", ""tanh"", ""tanh"", ""tanh"", ""swish"", ""swish"", ""swish""], [""tanh"", ""tanh"", ""tanh"", ""tanh"", ""tanh"", ""tanh"", ""swish"", ""swish"", ""swish""], [""tanh"", ""tanh"", ""tanh"", ""tanh"", ""tanh"", ""tanh"", ""tanh"", ""tanh"", ""tanh"", ""tanh"", ""swish"", ""swish"", ""swish"", ""swish"", ""linear""]]",3,33,283,False
5caba5925cd9,"[[""tanh"", ""tanh"", ""tanh"", ""tanh"", ""tanh"", ""swish"", ""swish""], [""tanh"", ""tanh"", ""tanh"", ""tanh"", ""tanh"", ""tanh"", ""tanh"", ""tanh"", ""swish"", ""swish"", ""swish"", ""linear""], [""tanh"", ""tanh"", ""tanh"", ""tanh"", ""tanh"", ""tanh"", ""swish"", ""swish"", ""swish"", ""linear""]]",3,29,258,False
f40a482d834c,"[[""tanh"", ""tanh"", ""tanh"", ""tanh"", ""tanh"", ""tanh"", ""tanh"", ""tanh"", ""tanh"", ""swish"", ""swish"", ""swish"", ""swish"", ""linear""], [""tanh"", ""tanh"", ""tanh"", ""tanh"", ""tanh"", ""swish"", ""swish"", ""swish""], [""tanh"", ""tanh"", ""tanh"", ""tanh"", ""tanh"", ""tanh"", ""tanh"", ""tanh"", ""swish"", ""swish"", ""swish"", ""linear""]]",3,34,283,False
2717ceaf92a6,"[[""tanh"", ""tanh"", ""tanh"", ""tanh"", ""tanh"", ""tanh"", ""swish"", ""swish"", ""swish""], [""tanh"", ""tanh"", ""tanh"", ""tanh"", ""tanh"", ""tanh"", ""swish"", ""swish"", ""swish"", ""linear""], [""tanh"", ""tanh"", ""tanh"", ""tanh"", ""tanh"", ""swish"", ""swish"", ""swish""]]",3,27,224,False
7a3d5a2490d0,"[[""tanh"", ""tanh"", ""tanh"", ""tanh"", ""tanh"", ""tanh"", ""tanh"", ""tanh"", ""swish"", ""swish"", ""swish"", ""linear""], [""tanh"", ""tanh"", ""tanh"", ""tanh"", ""tanh"", ""tanh"", ""tanh"", ""swish"", ""swish"", ""swish"", ""linear""], [""tanh"", ""tanh"", ""tanh"", ""tanh"", ""tanh"", ""tanh"", ""tanh"", ""swish"", ""swish"", ""swish"", ""linear""]]",3,34,323,False
b8f8beb81b62,"[[""tanh"", ""tanh"", ""tanh"", ""tanh"", ""tanh"", ""tanh"", ""tanh"", ""tanh"", ""tanh"", ""tanh"", ""swish"", ""swish"", ""swish"", ""swish"", ""linear""], [""tanh"", ""tanh"", ""tanh"", ""tanh"", ""tanh"", ""swish"", ""swish""], [""tanh"", ""tanh"", ""tanh"", ""tanh"", ""tanh"", ""tanh"", ""tanh"", ""tanh"", ""swish"", ""swish"", ""swish"", ""swish"", ""linear""]]",3,35,275,False
4a450a4f0352,"[[""tanh"", ""tanh"", ""tanh"", ""tanh"", ""tanh"", ""tanh"", ""tanh"", ""tanh"", ""swish"", ""swish"", ""swish"", ""linear""], [""tanh"", ""tanh"", ""tanh"", ""tanh"", ""tanh"", ""tanh"", ""tanh"", ""tanh"", ""swish"", ""swish"", ""swish"", ""swish"", ""linear""], [""tanh"", ""tanh"", ""tanh"", ""tanh"", ""tanh"", ""tanh"", ""tanh"", ""tanh"", ""tanh"", ""swish"", ""swish"", ""swish"", ""swish"", ""linear""]]",3,39,416,False
6e8a75300f35,"[[""tanh"", ""tanh"", ""tanh"", ""tanh"", ""tanh"", ""tanh"", ""tanh"", ""swish"", ""swish"", ""swish"", ""linear""], [""tanh"", ""tanh"", ""tanh"", ""tanh"", ""tanh"", ""swish"", ""swish""], [""tanh"", ""tanh"", ""tanh"", ""tanh"", ""tanh"", ""swish"", ""swish"", ""swish""]]",3,26,190,False
95142d7ef854,"[[""tanh"", ""tanh"", ""tanh"", ""tanh"", ""tanh"", ""tanh"", ""tanh"", ""tanh"", ""tanh"", ""tanh"", ""swish"", ""swish"", ""swish"", ""swish"", ""linear""], [""tanh"", ""tanh"", ""tanh"", ""tanh"", ""tanh"", ""tanh"", ""swish"", ""swish"", ""swish"", ""linear""], [""tanh"", ""tanh"", ""tanh"", ""tanh"", ""tanh"", ""tanh"", ""tanh"", ""tanh"", ""tanh"", ""swish"", ""swish"", ""swish"", ""swish"", ""linear""]]",3,39,374,False
39e43814f954,"[[""tanh"", ""tanh"", ""tanh"", ""tanh"", ""swish"", ""swish""], [""tanh"", ""tanh"", ""tanh"", ""tanh"", ""tanh"", ""tanh"", ""swish"", ""swish"", ""swish"", ""linear""], [""tanh"", ""tanh"", ""tanh"", ""tanh"", ""tanh"", ""tanh"", ""swish"", ""swish"", ""swish"", ""linear""]]",3,26,209,False
6f83ec812f2c,"[[""tanh"", ""tanh"", ""tanh"", ""tanh"", ""tanh"", ""tanh"", ""swish"", ""swish"", ""swish"", ""linear""], [""tanh"", ""tanh"", ""tanh"", ""tanh"", ""swish"", ""swish""], [""tanh"", ""tanh"", ""tanh"", ""tanh"", ""tanh"", ""tanh"", ""swish"", ""swish"", ""swish""]]",3,25,169,False
fd175c004988,"[[""tanh"", ""tanh"", ""tanh"", ""tanh"", ""tanh"", ""tanh"", ""tanh"", ""tanh"", ""tanh"", ""tanh"", ""swish"", ""swish"", ""swish"", ""swish"", ""swish"", ""linear""], [""tanh"", ""tanh"", ""tanh"", ""tanh"", ""tanh"", ""tanh"", ""tanh"", ""tanh"", ""tanh"", ""tanh"", ""swish"", ""swish"", ""swish"", ""swish"", ""linear""], [""tanh"", ""tanh"", ""tanh"", ""tanh"", ""tanh"", ""tanh"", ""tanh"", ""tanh"", ""tanh"", ""tanh"", ""swish"", ""swish"", ""swish"", ""swish"", ""linear""]]",3,46,559,False
1fa8267be941,"[[""tanh"", ""tanh"", ""tanh"", ""tanh"", ""tanh"", ""tanh"", ""tanh"", ""tanh"", ""tanh"", ""tanh"", ""swish"", ""swish"", ""swish"", ""swish"", ""swish"", ""linear""], [""tanh"", ""tanh"", ""tanh"", ""tanh"", ""tanh"", ""swish"", ""swish"", ""swish""], [""tanh"", ""tanh"", ""tanh"", ""tanh"", ""tanh"", ""tanh"", ""swish"", ""swish"", ""swish"", ""linear""]]",3,34,285,False
3bc497c4d0f7,"[[""tanh"", ""tanh"", ""tanh"", ""tanh"", ""tanh"", ""tanh"", ""swish"", ""swish"", ""swish""], [""tanh"", ""tanh"", ""tanh"", ""tanh"", ""tanh"", ""tanh"", ""tanh"", ""swish"", ""swish"", ""swish"", ""linear""], [""tanh"", ""tanh"", ""tanh"", ""tanh"", ""tanh"", ""swish"", ""swish"", ""swish""]]",3,28,242,False
b933b94f18b3,"[[""tanh"", ""tanh"", ""tanh"", ""tanh"", ""tanh"", ""tanh"", ""tanh"", ""tanh"", ""tanh"", ""swish"", ""swish"", ""swish"", ""swish"", ""linear""], [""tanh"", ""tanh"", ""tanh"", ""tanh"", ""tanh"", ""tanh"", ""swish"", ""swish"", ""swish"", ""linear""], [""tanh"", ""tanh"", ""tanh"", ""tanh"", ""tanh"", ""tanh"", ""tanh"", ""tanh"", ""swish"", ""swish"", ""swish"", ""linear""]]",3,36,337,False
18cbd6c4bb56,"[[""tanh"", ""tanh"", ""tanh"", ""tanh"", ""swish"", ""swish""], [""tanh"", ""tanh"", ""tanh"", ""tanh"", ""tanh"", ""tanh"", ""tanh"", ""tanh"", ""tanh"", ""tanh"", ""swish"", ""swish"", ""swish"", ""swish"", ""linear""], [""tanh"", ""tanh"", ""tanh"", ""tanh"", ""tanh"", ""tanh"", ""tanh"", ""tanh"", ""swish"", ""swish"", ""swish"", ""linear""]]",3,33,328,False
e1b3abe2371d,"[[""tanh"", ""tanh"", ""tanh"", ""tanh"", ""tanh"", ""tanh"", ""tanh"", ""tanh"", ""swish"", ""swish"", ""swish"", ""swish"", ""linear""], [""tanh"", ""tanh"", ""tanh"", ""tanh"", ""tanh"", ""tanh"", ""tanh"", ""tanh"", ""swish"", ""swish"", ""swish"", ""swish"", ""linear""], [""tanh"", ""tanh"", ""tanh"", ""tanh"", ""tanh"", ""tanh"", ""tanh"", ""tanh"", ""tanh"", ""tanh"", ""swish"", ""swish"", ""swish"", ""swish"", ""linear""]]",3,41,447,False
242434d170d7,"[[""tanh"", ""tanh"", ""tanh"", ""tanh"", ""tanh"", ""tanh"", ""tanh"", ""swish"", ""swish"", ""swish"", ""linear""], [""tanh"", ""tanh"", ""tanh"", ""tanh"", ""tanh"", ""tanh"", ""tanh"", ""tanh"", ""swish"", ""swish"", ""swish"", ""linear""], [""tanh"", ""tanh"", ""tanh"", ""tanh"", ""tanh"", ""tanh"", ""tanh"", ""tanh"", ""tanh"", ""tanh"", ""swish"", ""swish"", ""swish"", ""swish"", ""swish"", ""linear""]]",3,39,402,False
016c8280a423,"[[""tanh"", ""tanh"", ""tanh"", ""tanh"", ""tanh"", ""swish"", ""swish""], [""tanh"", ""tanh"", ""tanh"", ""tanh"", ""tanh"", ""tanh"", ""swish"", ""swish"", ""swish"", ""linear""], [""tanh"", ""tanh"", ""tanh"", ""tanh"", ""tanh"", ""swish"", ""swish"", ""swish""]]",3,25,198,False
550193e2dba0,"[[""tanh"", ""tanh"", ""tanh"", ""tanh"", ""tanh"", ""tanh"", ""swish"", ""swish"", ""swish""], [""tanh"", ""tanh"", ""tanh"", ""tanh"", ""tanh"", ""tanh"", ""tanh"", ""tanh"", ""swish"", ""swish"", ""swish"", ""swish"", ""linear""], [""tanh"", ""tanh"", ""tanh"", ""tanh"", ""tanh"", ""swish"", ""swish""]]",3,29,263,False
b37e3987b9fe,"[[""tanh"", ""tanh"", ""tanh"", ""tanh"", ""tanh"", ""swish"", ""swish""], [""tanh"", ""tanh"", ""tanh"", ""tanh"", ""tanh"", ""swish"", ""swish""], [""tanh"", ""tanh"", ""tanh"", ""tanh"", ""tanh"", ""tanh"", ""swish"", ""swish"", ""swish"", ""linear""]]",3,24,168,False
217d884e973a,"[[""tanh"", ""tanh"", ""tanh"", ""tanh"", ""tanh"", ""swish"", ""swish""], [""tanh"", ""tanh"", ""tanh"", ""tanh"", ""tanh"", ""tanh"", ""tanh"", ""tanh"", ""swish"", ""swish"", ""swish"", ""linear""], [""tanh"", ""tanh"", ""tanh"", ""tanh"", ""tanh"", ""tanh"", ""tanh"", ""tanh"", ""tanh"", ""tanh"", ""swish"", ""swish"", ""swish"", ""swish"", ""linear""]]",3,34,328,False
d1feb8251436,"[[""tanh"", ""tanh"", ""tanh"", ""tanh"", ""tanh"", ""tanh"", ""tanh"", ""tanh"", ""swish"", ""swish"", ""swish"", ""linear""], [""tanh"", ""tanh"", ""tanh"", ""tanh"", ""tanh"", ""swish"", ""swish"", ""swish""], [""tanh"", ""tanh"", ""tanh"", ""tanh"", ""tanh"", ""tanh"", ""swish"", ""swish"", ""swish"", ""linear""]]",3,30,241,False
fc56ea679244,"[[""tanh"", ""tanh"", ""tanh"", ""tanh"", ""tanh"", ""tanh"", ""tanh"", ""tanh"", ""tanh"", ""swish"", ""swish"", ""swish"", ""swish"", ""linear""], [""tanh"", ""tanh"", ""tanh"", ""tanh"", ""tanh"", ""tanh"", ""tanh"", ""tanh"", ""tanh"", ""swish"", ""swish"", ""swish"", ""swish"", ""linear""], [""tanh"", ""tanh"", ""tanh"", ""tanh"", ""tanh"", ""swish"", ""swish""]]",3,35,365,False
60eeb2ee0b0c,"[[""tanh"", ""tanh"", ""tanh"", ""tanh"", ""tanh"", ""tanh"", ""tanh"", ""tanh"", ""swish"", ""swish"", ""swish"", ""linear""], [""tanh"", ""tanh"", ""tanh"", ""tanh"", ""tanh"", ""tanh"", ""tanh"", ""swish"", ""swish"", ""swish"", ""linear""], [""tanh"", ""tanh"", ""tanh"", ""tanh"", ""tanh"", ""swish"", ""swish"", ""swish""]]",3,31,284,False
701d0f29727c,"[[""tanh"", ""tanh"", ""tanh"", ""tanh"", ""tanh"", ""tanh"", ""swish"", ""swish"", ""swish"", ""linear""], [""tanh"", ""tanh"", ""tanh"", ""tanh"", ""tanh"", ""tanh"", ""tanh"", ""tanh"", ""tanh"", ""tanh"", ""swish"", ""swish"", ""swish"", ""swish"", ""linear""], [""tanh"", ""tanh"", ""tanh"", ""tanh"", ""tanh"", ""tanh"", ""tanh"", ""tanh"", ""tanh"", ""tanh"", ""swish"", ""swish"", ""swish"", ""swish"", ""linear""]]",3,40,451,False
dc091cfa2244,"[[""tanh"", ""tanh"", ""tanh"", ""tanh"", ""tanh"", ""tanh"", ""swish"", ""swish"", ""swish"", ""linear""], [""tanh"", ""tanh"", ""tanh"", ""tanh"", ""tanh"", ""swish"", ""swish"", ""swish""], [""tanh"", ""tanh"", ""tanh"", ""tanh"", ""tanh"", ""swish"", ""swish""]]",3,25,189,False
2c9b0d112af2,"[[""tanh"", ""tanh"", ""tanh"", ""tanh"", ""tanh"", ""tanh"", ""tanh"", ""swish"", ""swish"", ""swish"", ""linear""], [""tanh"", ""tanh"", ""tanh"", ""tanh"", ""tanh"", ""tanh"", ""tanh"", ""tanh"", ""tanh"", ""tanh"", ""swish"", ""swish"", ""swish"", ""swish"", ""linear""], [""tanh"", ""tanh"", ""tanh"", ""tanh"", ""tanh"", ""tanh"", ""tanh"", ""tanh"", ""tanh"", ""swish"", ""swish"", ""swish"", ""swish"", ""linear""]]",3,40,452,False
e54bc56e13a1,"[[""tanh"", ""tanh"", ""tanh"", ""tanh"", ""tanh"", ""tanh"", ""tanh"", ""swish"", ""swish"", ""swish"", ""linear""], [""tanh"", ""tanh"", ""tanh"", ""tanh"", ""tanh"", ""tanh"", ""tanh"", ""tanh"", ""swish"", ""swish"", ""swish"", ""linear""], [""tanh"", ""tanh"", ""tanh"", ""tanh"", ""tanh"", ""swish"", ""swish"", ""swish""]]",3,31,290,False
cb1024f67e97,"[[""tanh"", ""tanh"", ""tanh"", ""tanh"", ""tanh"", ""tanh"", ""tanh"", ""swish"", ""swish"", ""swish"", ""linear""], [""tanh"", ""tanh"", ""tanh"", ""tanh"", ""tanh"", ""tanh"", ""swish"", ""swish"", ""swish""], [""tanh"", ""tanh"", ""tanh"", ""tanh"", ""tanh"", ""swish"", ""swish""]]",3,27,219,False
088d2e971cf5,"[[""tanh"", ""tanh"", ""tanh"", ""tanh"", ""tanh"", ""tanh"", ""tanh"", ""tanh"", ""tanh"", ""swish"", ""swish"", ""swish"", ""swish"", ""linear""], [""tanh"", ""tanh"", ""tanh"", ""tanh"", ""tanh"", ""swish"", ""swish"", ""swish""], [""tanh"", ""tanh"", ""tanh"", ""tanh"", ""tanh"", ""tanh"", ""swish"", ""swish"", ""swish"", ""linear""]]",3,32,263,False
7be0529a22ad,"[[""tanh"", ""tanh"", ""tanh"", ""tanh"", ""tanh"", ""swish"", ""swish""], [""tanh"", ""tanh"", ""tanh"", ""tanh"", ""tanh"", ""tanh"", ""tanh"", ""tanh"", ""swish"", ""swish"", ""swish"", ""linear""], [""tanh"", ""tanh"", ""tanh"", ""tanh"", ""tanh"", ""tanh"", ""tanh"", ""tanh"", ""swish"", ""swish"", ""swish"", ""swish"", ""linear""]]",3,32,300,False
a93841e1de83,"[[""tanh"", ""tanh"", ""tanh"", ""tanh"", ""tanh"", ""tanh"", ""tanh"", ""swish"", ""swish"", ""swish"", ""linear""], [""tanh"", ""tanh"", ""tanh"", ""tanh"", ""tanh"", ""tanh"", ""swish"", ""swish"", ""swish"", ""linear""], [""tanh"", ""tanh"", ""tanh"", ""tanh"", ""tanh"", ""tanh"", ""swish"", ""swish"", ""swish""]]",3,30,262,False
91a0c984beb6,"[[""tanh"", ""tanh"", ""tanh"", ""tanh"", ""tanh"", ""swish"", ""swish"", ""swish""], [""tanh"", ""tanh"", ""tanh"", ""tanh"", ""tanh"", ""tanh"", ""swish"", ""swish"", ""swish""], [""tanh"", ""tanh"", ""tanh"", ""tanh"", ""tanh"", ""tanh"", ""swish"", ""swish"", ""swish""]]",3,26,205,False
ab244f2b6b2c,"[[""tanh"", ""tanh"", ""tanh"", ""tanh"", ""tanh"", ""swish"", ""swish"", ""swish""], [""tanh"", ""tanh"", ""tanh"", ""tanh"", ""tanh"", ""tanh"", ""tanh"", ""tanh"", ""tanh"", ""tanh"", ""swish"", ""swish"", ""swish"", ""swish"", ""swish"", ""linear""], [""tanh"", ""tanh"", ""tanh"", ""tanh"", ""tanh"", ""tanh"", ""tanh"", ""tanh"", ""tanh"", ""swish"", ""swish"", ""swish"", ""swish"", ""linear""]]",3,38,421,False
6a1cae4a83a0,"[[""tanh"", ""tanh"", ""tanh"", ""tanh"", ""tanh"", ""tanh"", ""swish"", ""swish"", ""swish"", ""linear""], [""tanh"", ""tanh"", ""tanh"", ""tanh"", ""tanh"", ""tanh"", ""tanh"", ""swish"", ""swish"", ""swish"", ""linear""], [""tanh"", ""tanh"", ""tanh"", ""tanh"", ""tanh"", ""swish"", ""swish"", ""swish""]]",3,29,256,False
231dffb8cae5,"[[""tanh"", ""tanh"", ""tanh"", ""tanh"", ""tanh"", ""tanh"", ""swish"", ""swish"", ""swish"", ""linear""], [""tanh"", ""tanh"", ""tanh"", ""tanh"", ""tanh"", ""swish"", ""swish"", ""swish""], [""tanh"", ""tanh"", ""tanh"", ""tanh"", ""tanh"", ""tanh"", ""swish"", ""swish"", ""swish"", ""linear""]]",3,28,219,False
3c0a13df34da,"[[""tanh"", ""tanh"", ""tanh"", ""tanh"", ""tanh"", ""tanh"", ""tanh"", ""tanh"", ""tanh"", ""swish"", ""swish"", ""swish"", ""swish"", ""linear""], [""tanh"", ""tanh"", ""tanh"", ""tanh"", ""tanh"", ""tanh"", ""swish"", ""swish"", ""swish"", ""linear""], [""tanh"", ""tanh"", ""tanh"", ""tanh"", ""tanh"", ""tanh"", ""tanh"", ""tanh"", ""tanh"", ""tanh"", ""swish"", ""swish"", ""swish"", ""swish"", ""linear""]]",3,39,373,False
cd5d9edd8033,"[[""tanh"", ""tanh"", ""tanh"", ""tanh"", ""tanh"", ""tanh"", ""tanh"", ""tanh"", ""swish"", ""swish"", ""swish"", ""swish"", ""linear""], [""tanh"", ""tanh"", ""tanh"", ""tanh"", ""tanh"", ""tanh"", ""tanh"", ""tanh"", ""tanh"", ""swish"", ""swish"", ""swish"", ""swish"", ""linear""], [""tanh"", ""tanh"", ""tanh"", ""tanh"", ""tanh"", ""tanh"", ""tanh"", ""tanh"", ""swish"", ""swish"", ""swish"", ""linear""]]",3,39,428,False
9a892ab8afdd,"[[""tanh"", ""tanh"", ""tanh"", ""tanh"", ""tanh"", ""tanh"", ""tanh"", ""swish"", ""swish"", ""swish"", ""linear""], [""tanh"", ""tanh"", ""tanh"", ""tanh"", ""tanh"", ""tanh"", ""tanh"", ""swish"", ""swish"", ""swish"", ""linear""], [""tanh"", ""tanh"", ""tanh"", ""tanh"", ""tanh"", ""tanh"", ""swish"", ""swish"", ""swish""]]",3,31,283,False
06a08b8f1e70,"[[""tanh"", ""tanh"", ""tanh"", ""tanh"", ""tanh"", ""tanh"", ""tanh"", ""tanh"", ""tanh"", ""tanh"", ""swish"", ""swish"", ""swish"", ""swish"", ""linear""], [""tanh"", ""tanh"", ""tanh"", ""tanh"", ""tanh"", ""tanh"", ""tanh"", ""tanh"", ""tanh"", ""swish"", ""swish"", ""swish"", ""swish"", ""linear""], [""tanh"", ""tanh"", ""tanh"", ""tanh"", ""tanh"", ""swish"", ""swish"", ""swish""]]",3,37,398,False
de6574cb968e,"[[""tanh"", ""tanh"", ""tanh"", ""tanh"", ""tanh"", ""tanh"", ""tanh"", ""tanh"", ""tanh"", ""tanh"", ""swish"", ""swish"", ""swish"", ""swish"", ""swish"", ""linear""], [""tanh"", ""tanh"", ""tanh"", ""tanh"", ""swish"", ""swish""], [""tanh"", ""tanh"", ""tanh"", ""tanh"", ""swish"", ""swish""]]",3,28,199,False
ad179f1c0c2a,"[[""tanh"", ""tanh"", ""tanh"", ""tanh"", ""tanh"", ""tanh"", ""swish"", ""swish"", ""swish"", ""linear""], [""tanh"", ""tanh"", ""tanh"", ""tanh"", ""tanh"", ""tanh"", ""swish"", ""swish"", ""swish"", ""linear""], [""tanh"", ""tanh"", ""tanh"", ""tanh"", ""swish"", ""swish""]]",3,26,213,False
9216525978cb,"[[""tanh"", ""tanh"", ""tanh"", ""tanh"", ""tanh"", ""tanh"", ""swish"", ""swish"", ""swish""], [""tanh"", ""tanh"", ""tanh"", ""tanh"", ""tanh"", ""tanh"", ""swish"", ""swish"", ""swish""], [""tanh"", ""tanh"", ""tanh"", ""tanh"", ""tanh"", ""tanh"", ""tanh"", ""tanh"", ""swish"", ""swish"", ""swish"", ""linear""]]",3,30,250,False
dbf11dfc2b35,"[[""tanh"", ""tanh"", ""tanh"", ""tanh"", ""tanh"", ""swish"", ""swish""], [""tanh"", ""tanh"", ""tanh"", ""tanh"", ""tanh"", ""tanh"", ""tanh"", ""tanh"", ""tanh"", ""tanh"", ""swish"", ""swish"", ""swish"", ""swish"", ""linear""], [""tanh"", ""tanh"", ""tanh"", ""tanh"", ""tanh"", ""swish"", ""swish""]]",3,29,261,False
52720602f416,"[[""tanh"", ""tanh"", ""tanh"", ""tanh"", ""tanh"", ""tanh"", ""tanh"", ""swish"", ""swish"", ""swish"", ""linear""], [""tanh"", ""tanh"", ""tanh"", ""tanh"", ""tanh"", ""tanh"", ""tanh"", ""tanh"", ""tanh"", ""tanh"", ""swish"", ""swish"", ""swish"", ""swish"", ""linear""], [""tanh"", ""tanh"", ""tanh"", ""tanh"", ""tanh"", ""tanh"", ""swish"", ""swish"", ""swish""]]",3,35,367,False
faaef3205a95,"[[""tanh"", ""tanh"", ""tanh"", ""tanh"", ""tanh"", ""swish"", ""swish"", ""swish""], [""tanh"", ""tanh"", ""tanh"", ""tanh"", ""tanh"", ""tanh"", ""tanh"", ""tanh"", ""tanh"", ""swish"", ""swish"", ""swish"", ""swish"", ""linear""], [""tanh"", ""tanh"", ""tanh"", ""tanh"", ""tanh"", ""tanh"", ""tanh"", ""tanh"", ""tanh"", ""tanh"", ""swish"", ""swish"", ""swish"", ""swish"", ""linear""]]",3,37,391,False
dd5e73d6cf38,"[[""tanh"", ""tanh"", ""tanh"", ""tanh"", ""tanh"", ""tanh"", ""tanh"", ""tanh"", ""swish"", ""swish"", ""swish"", ""swish"", ""linear""], [""tanh"", ""tanh"", ""tanh"", ""tanh"", ""tanh"", ""tanh"", ""tanh"", ""tanh"", ""tanh"", ""tanh"", ""swish"", ""swish"", ""swish"", ""swish"", ""swish"", ""linear""], [""tanh"", ""tanh"", ""tanh"", ""tanh"", ""tanh"", ""tanh"", ""tanh"", ""tanh"", ""swish"", ""swish"", ""swish"", ""swish"", ""linear""]]",3,42,498,False
b913a830d501,"[[""tanh"", ""tanh"", ""tanh"", ""tanh"", ""tanh"", ""tanh"", ""swish"", ""swish"", ""swish"", ""linear""], [""tanh"", ""tanh"", ""tanh"", ""tanh"", ""tanh"", ""tanh"", ""tanh"", ""tanh"", ""tanh"", ""tanh"", ""swish"", ""swish"", ""swish"", ""swish"", ""swish"", ""linear""], [""tanh"", ""tanh"", ""tanh"", ""tanh"", ""tanh"", ""swish"", ""swish"", ""swish""]]",3,34,351,False
e6e2fdc64dfe,"[[""tanh"", ""tanh"", ""tanh"", ""tanh"", ""tanh"", ""tanh"", ""tanh"", ""tanh"", ""tanh"", ""swish"", ""swish"", ""swish"", ""swish"", ""linear""], [""tanh"", ""tanh"", ""tanh"", ""tanh"", ""tanh"", ""swish"", ""swish"", ""swish""], [""tanh"", ""tanh"", ""tanh"", ""tanh"", ""tanh"", ""tanh"", ""tanh"", ""swish"", ""swish"", ""swish"", ""linear""]]",3,33,273,False
4a9418777a06,"[[""tanh"", ""tanh"", ""tanh"", ""tanh"", ""swish"", ""swish""], [""tanh"", ""tanh"", ""tanh"", ""tanh"", ""swish"", ""swish""], [""tanh"", ""tanh"", ""tanh"", ""tanh"", ""tanh"", ""swish"", ""swish""]]",3,19,117,False
11f453f5caf5,"[[""tanh"", ""tanh"", ""tanh"", ""tanh"", ""tanh"", ""tanh"", ""tanh"", ""tanh"", ""tanh"", ""tanh"", ""swish"", ""swish"", ""swish"", ""swish"", ""linear""], [""tanh"", ""tanh"", ""tanh"", ""tanh"", ""tanh"", ""swish"", ""swish"", ""swish""], [""tanh"", ""tanh"", ""tanh"", ""tanh"", ""tanh"", ""swish"", ""swish""]]",3,30,244,False
339cf5685da3,"[[""tanh"", ""tanh"", ""tanh"", ""tanh"", ""tanh"", ""swish"", ""swish"", ""swish""], [""tanh"", ""tanh"", ""tanh"", ""tanh"", ""swish"", ""swish""], [""tanh"", ""tanh"", ""tanh"", ""tanh"", ""tanh"", ""tanh"", ""tanh"", ""tanh"", ""swish"", ""swish"", ""swish"", ""linear""]]",3,26,175,False
00d86db0d300,"[[""tanh"", ""tanh"", ""tanh"", ""tanh"", ""tanh"", ""tanh"", ""tanh"", ""tanh"", ""tanh"", ""tanh"", ""swish"", ""swish"", ""swish"", ""swish"", ""linear""], [""tanh"", ""tanh"", ""tanh"", ""tanh"", ""tanh"", ""tanh"", ""tanh"", ""tanh"", ""tanh"", ""tanh"", ""swish"", ""swish"", ""swish"", ""swish"", ""linear""], [""tanh"", ""tanh"", ""tanh"", ""tanh"", ""tanh"", ""tanh"", ""tanh"", ""tanh"", ""tanh"", ""tanh"", ""swish"", ""swish"", ""swish"", ""swish"", ""swish"", ""linear""]]",3,46,558,False
27f0e00b97ed,"[[""tanh"", ""tanh"", ""tanh"", ""tanh"", ""tanh"", ""tanh"", ""swish"", ""swish"", ""swish""], [""tanh"", ""tanh"", ""tanh"", ""tanh"", ""tanh"", ""tanh"", ""swish"", ""swish"", ""swish"", ""linear""], [""tanh"", ""tanh"", ""tanh"", ""tanh"", ""tanh"", ""tanh"", ""tanh"", ""tanh"", ""swish"", ""swish"", ""swish"", ""linear""]]",3,31,272,False
868a2d2f8b89,"[[""tanh"", ""tanh"", ""tanh"", ""tanh"", ""tanh"", ""swish"", ""swish""], [""tanh"", ""tanh"", ""tanh"", ""tanh"", ""tanh"", ""tanh"", ""tanh"", ""tanh"", ""swish"", ""swish"", ""swish"", ""linear""], [""tanh"", ""tanh"", ""tanh"", ""tanh"", ""tanh"", ""tanh"", ""tanh"", ""tanh"", ""swish"", ""swish"", ""swish"", ""linear""]]",3,31,286,False
f05877618306,"[[""tanh"", ""tanh"", ""tanh"", ""tanh"", ""tanh"", ""tanh"", ""tanh"", ""tanh"", ""tanh"", ""tanh"", ""swish"", ""swish"", ""swish"", ""swish"", ""linear""], [""tanh"", ""tanh"", ""tanh"", ""tanh"", ""tanh"", ""tanh"", ""swish"", ""swish"", ""swish"", ""linear""], [""tanh"", ""tanh"", ""tanh"", ""tanh"", ""tanh"", ""tanh"", ""swish"", ""swish"", ""swish"", ""linear""]]",3,35,326,False
dc5ee153458c,"[[""tanh"", ""tanh"", ""tanh"", ""tanh"", ""tanh"", ""swish"", ""swish"", ""swish""], [""tanh"", ""tanh"", ""tanh"", ""tanh"", ""tanh"", ""tanh"", ""tanh"", ""tanh"", ""tanh"", ""swish"", ""swish"", ""swish"", ""swish"", ""linear""], [""tanh"", ""tanh"", ""tanh"", ""tanh"", ""swish"", ""swish""]]",3,28,247,False
6f25d3798a78,"[[""tanh"", ""tanh"", ""tanh"", ""tanh"", ""tanh"", ""tanh"", ""tanh"", ""tanh"", ""tanh"", ""swish"", ""swish"", ""swish"", ""swish"", ""linear""], [""tanh"", ""tanh"", ""tanh"", ""tanh"", ""tanh"", ""swish"", ""swish""], [""tanh"", ""tanh"", ""tanh"", ""tanh"", ""tanh"", ""tanh"", ""swish"", ""swish"", ""swish""]]",3,30,229,False
197c5bb5d90e,"[[""tanh"", ""tanh"", ""tanh"", ""tanh"", ""tanh"", ""tanh"", ""tanh"", ""tanh"", ""swish"", ""swish"", ""swish"", ""swish"", ""linear""], [""tanh"", ""tanh"", ""tanh"", ""tanh"", ""tanh"", ""tanh"", ""tanh"", ""tanh"", ""swish"", ""swish"", ""swish"", ""swish"", ""linear""], [""tanh"", ""tanh"", ""tanh"", ""tanh"", ""tanh"", ""tanh"", ""tanh"", ""tanh"", ""swish"", ""swish"", ""swish"", ""linear""]]",3,38,402,False
6a4b106aab04,"[[""tanh"", ""tanh"", ""tanh"", ""tanh"", ""tanh"", ""tanh"", ""swish"", ""swish"", ""swish"", ""linear""], [""tanh"", ""tanh"", ""tanh"", ""tanh"", ""swish"", ""swish""], [""tanh"", ""tanh"", ""tanh"", ""tanh"", ""tanh"", ""tanh"", ""tanh"", ""tanh"", ""swish"", ""swish"", ""swish"", ""swish"", ""linear""]]",3,29,201,False
6b3b37946dca,"[[""tanh"", ""tanh"", ""tanh"", ""tanh"", ""tanh"", ""tanh"", ""tanh"", ""tanh"", ""tanh"", ""tanh"", ""swish"", ""swish"", ""swish"", ""swish"", ""linear""], [""tanh"", ""tanh"", ""tanh"", ""tanh"", ""tanh"", ""tanh"", ""tanh"", ""tanh"", ""tanh"", ""swish"", ""swish"", ""swish"", ""swish"", ""linear""], [""tanh"", ""tanh"", ""tanh"", ""tanh"", ""tanh"", ""tanh"", ""swish"", ""swish"", ""swish"", ""linear""]]",3,39,430,False
82dc68037149,"[[""tanh"", ""tanh"", ""tanh"", ""tanh"", ""tanh"", ""tanh"", ""swish"", ""swish"", ""swish""], [""tanh"", ""tanh"", ""tanh"", ""tanh"", ""tanh"", ""tanh"", ""tanh"", ""swish"", ""swish"", ""swish"", ""linear""], [""tanh"", ""tanh"", ""tanh"", ""tanh"", ""tanh"", ""tanh"", ""tanh"", ""tanh"", ""swish"", ""swish"", ""swish"", ""swish"", ""linear""]]",3,33,307,False
aae44a886907,"[[""tanh"", ""tanh"", ""tanh"", ""tanh"", ""tanh"", ""tanh"", ""swish"", ""swish"", ""swish""], [""tanh"", ""tanh"", ""tanh"", ""tanh"", ""tanh"", ""tanh"", ""tanh"", ""swish"", ""swish"", ""swish"", ""linear""], [""tanh"", ""tanh"", ""tanh"", ""tanh"", ""tanh"", ""swish"", ""swish""]]",3,27,229,False
a7e430938050,"[[""tanh"", ""tanh"", ""tanh"", ""tanh"", ""tanh"", ""tanh"", ""tanh"", ""tanh"", ""tanh"", ""tanh"", ""swish"", ""swish"", ""swish"", ""swish"", ""swish"", ""linear""], [""tanh"", ""tanh"", ""tanh"", ""tanh"", ""tanh"", ""tanh"", ""tanh"", ""tanh"", ""swish"", ""swish"", ""swish"", ""linear""], [""tanh"", ""tanh"", ""tanh"", ""tanh"", ""tanh"", ""tanh"", ""tanh"", ""tanh"", ""tanh"", ""swish"", ""swish"", ""swish"", ""swish"", ""linear""]]",3,42,449,False
c3d35231bb74,"[[""tanh"", ""tanh"", ""tanh"", ""tanh"", ""tanh"", ""swish"", ""swish"", ""swish""], [""tanh"", ""tanh"", ""tanh"", ""tanh"", ""tanh"", ""tanh"", ""tanh"", ""tanh"", ""tanh"", ""tanh"", ""swish"", ""swish"", ""swish"", ""swish"", ""swish"", ""linear""], [""tanh"", ""tanh"", ""tanh"", ""tanh"", ""tanh"", ""tanh"", ""tanh"", ""tanh"", ""swish"", ""swish"", ""swish"", ""swish"", ""linear""]]",3,37,403,False
be95a6c463fc,"[[""tanh"", ""tanh"", ""tanh"", ""tanh"", ""tanh"", ""tanh"", ""tanh"", ""tanh"", ""swish"", ""swish"", ""swish"", ""linear""], [""tanh"", ""tanh"", ""tanh"", ""tanh"", ""tanh"", ""tanh"", ""tanh"", ""tanh"", ""tanh"", ""tanh"", ""swish"", ""swish"", ""swish"", ""swish"", ""swish"", ""linear""], [""tanh"", ""tanh"", ""tanh"", ""tanh"", ""swish"", ""swish""]]",3,34,353,False
6b1b49890c37,"[[""tanh"", ""tanh"", ""tanh"", ""tanh"", ""tanh"", ""tanh"", ""swish"", ""swish"", ""swish""], [""tanh"", ""tanh"", ""tanh"", ""tanh"", ""tanh"", ""tanh"", ""tanh"", ""tanh"", ""swish"", ""swish"", ""swish"", ""swish"", ""linear""], [""tanh"", ""tanh"", ""tanh"", ""tanh"", ""swish"", ""swish""]]",3,28,248,False
8baba4c12ac4,"[[""tanh"", ""tanh"", ""tanh"", ""tanh"", ""swish"", ""swish""], [""tanh"", ""tanh"", ""tanh"", ""tanh"", ""tanh"", ""tanh"", ""tanh"", ""tanh"", ""swish"", ""swish"", ""swish"", ""linear""], [""tanh"", ""tanh"", ""tanh"", ""tanh"", ""tanh"", ""swish"", ""swish""]]",3,25,201,False
4afe8b76ad33,"[[""tanh"", ""tanh"", ""tanh"", ""tanh"", ""tanh"", ""tanh"", ""tanh"", ""tanh"", ""swish"", ""swish"", ""swish"", ""linear""], [""tanh"", ""tanh"", ""tanh"", ""tanh"", ""tanh"", ""tanh"", ""tanh"", ""tanh"", ""swish"", ""swish"", ""swish"", ""swish"", ""linear""], [""tanh"", ""tanh"", ""tanh"", ""tanh"", ""tanh"", ""swish"", ""swish""]]",3,32,311,False
51a2b22019fa,"[[""tanh"", ""tanh"", ""tanh"", ""tanh"", ""swish"", ""swish""], [""tanh"", ""tanh"", ""tanh"", ""tanh"", ""tanh"", ""tanh"", ""swish"", ""swish"", ""swish""], [""tanh"", ""tanh"", ""tanh"", ""tanh"", ""tanh"", ""tanh"", ""swish"", ""swish"", ""swish"", ""linear""]]",3,25,192,False
f6262346f607,"[[""tanh"", ""tanh"", ""tanh"", ""tanh"", ""tanh"", ""tanh"", ""tanh"", ""swish"", ""swish"", ""swish"", ""linear""], [""tanh"", ""tanh"", ""tanh"", ""tanh"", ""tanh"", ""swish"", ""swish""], [""tanh"", ""tanh"", ""tanh"", ""tanh"", ""tanh"", ""tanh"", ""tanh"", ""swish"", ""swish"", ""swish"", ""linear""]]",3,29,217,False
a314ceabbd57,"[[""tanh"", ""tanh"", ""tanh"", ""tanh"", ""tanh"", ""swish"", ""swish"", ""swish""], [""tanh"", ""tanh"", ""tanh"", ""tanh"", ""tanh"", ""tanh"", ""tanh"", ""tanh"", ""swish"", ""swish"", ""swish"", ""linear""], [""tanh"", ""tanh"", ""tanh"", ""tanh"", ""tanh"", ""tanh"", ""tanh"", ""swish"", ""swish"", ""swish"", ""linear""]]",3,31,287,False
a7a639b01d18,"[[""tanh"", ""tanh"", ""tanh"", ""tanh"", ""tanh"", ""tanh"", ""tanh"", ""swish"", ""swish"", ""swish"", ""linear""], [""tanh"", ""tanh"", ""tanh"", ""tanh"", ""tanh"", ""tanh"", ""tanh"", ""tanh"", ""swish"", ""swish"", ""swish"", ""swish"", ""linear""], [""tanh"", ""tanh"", ""tanh"", ""tanh"", ""tanh"", ""tanh"", ""tanh"", ""tanh"", ""tanh"", ""tanh"", ""swish"", ""swish"", ""swish"", ""swish"", ""swish"", ""linear""]]",3,40,430,False
2e3585a46d28,"[[""tanh"", ""tanh"", ""tanh"", ""tanh"", ""tanh"", ""tanh"", ""tanh"", ""tanh"", ""swish"", ""swish"", ""swish"", ""swish"", ""linear""], [""tanh"", ""tanh"", ""tanh"", ""tanh"", ""tanh"", ""tanh"", ""tanh"", ""tanh"", ""tanh"", ""tanh"", ""swish"", ""swish"", ""swish"", ""swish"", ""swish"", ""linear""], [""tanh"", ""tanh"", ""tanh"", ""tanh"", ""tanh"", ""swish"", ""swish"", ""swish""]]",3,37,408,False
690b4b66f8f9,"[[""tanh"", ""tanh"", ""tanh"", ""tanh"", ""tanh"", ""tanh"", ""swish"", ""swish"", ""swish""], [""tanh"", ""tanh"", ""tanh"", ""tanh"", ""tanh"", ""tanh"", ""swish"", ""swish"", ""swish"", ""linear""], [""tanh"", ""tanh"", ""tanh"", ""tanh"", ""tanh"", ""tanh"", ""tanh"", ""swish"", ""swish"", ""swish"", ""linear""]]",3,30,260,False
4d162eb87734,"[[""tanh"", ""tanh"", ""tanh"", ""tanh"", ""tanh"", ""swish"", ""swish""], [""tanh"", ""tanh"", ""tanh"", ""tanh"", ""tanh"", ""tanh"", ""swish"", ""swish"", ""swish""], [""tanh"", ""tanh"", ""tanh"", ""tanh"", ""tanh"", ""tanh"", ""tanh"", ""swish"", ""swish"", ""swish"", ""linear""]]",3,27,215,False
7a91628dc8dc,"[[""tanh"", ""tanh"", ""tanh"", ""tanh"", ""tanh"", ""tanh"", ""tanh"", ""tanh"", ""swish"", ""swish"", ""swish"", ""linear""], [""tanh"", ""tanh"", ""tanh"", ""tanh"", ""tanh"", ""tanh"", ""tanh"", ""swish"", ""swish"", ""swish"", ""linear""], [""tanh"", ""tanh"", ""tanh"", ""tanh"", ""tanh"", ""tanh"", ""tanh"", ""tanh"", ""swish"", ""swish"", ""swish"", ""linear""]]",3,35,336,False
28dd5982d932,"[[""tanh"", ""tanh"", ""tanh"", ""tanh"", ""tanh"", ""tanh"", ""tanh"", ""tanh"", ""tanh"", ""swish"", ""swish"", ""swish"", ""swish"", ""linear""], [""tanh"", ""tanh"", ""tanh"", ""tanh"", ""tanh"", ""tanh"", ""tanh"", ""swish"", ""swish"", ""swish"", ""linear""], [""tanh"", ""tanh"", ""tanh"", ""tanh"", ""tanh"", ""tanh"", ""tanh"", ""tanh"", ""swish"", ""swish"", ""swish"", ""swish"", ""linear""]]",3,38,377,False
b54efed21772,"[[""tanh"", ""tanh"", ""tanh"", ""tanh"", ""tanh"", ""tanh"", ""swish"", ""swish"", ""swish""], [""tanh"", ""tanh"", ""tanh"", ""tanh"", ""tanh"", ""swish"", ""swish"", ""swish""], [""tanh"", ""tanh"", ""tanh"", ""tanh"", ""tanh"", ""tanh"", ""tanh"", ""tanh"", ""swish"", ""swish"", ""swish"", ""swish"", ""linear""]]",3,30,238,False
f067afc19e7b,"[[""tanh"", ""tanh"", ""tanh"", ""tanh"", ""tanh"", ""tanh"", ""tanh"", ""tanh"", ""swish"", ""swish"", ""swish"", ""linear""], [""tanh"", ""tanh"", ""tanh"", ""tanh"", ""tanh"", ""tanh"", ""swish"", ""swish"", ""swish""], [""tanh"", ""tanh"", ""tanh"", ""tanh"", ""tanh"", ""tanh"", ""tanh"", ""tanh"", ""swish"", ""swish"", ""swish"", ""linear""]]",3,33,286,False
d0a4a769bced,"[[""tanh"", ""tanh"", ""tanh"", ""tanh"", ""tanh"", ""tanh"", ""swish"", ""swish"", ""swish""], [""tanh"", ""tanh"", ""tanh"", ""tanh"", ""tanh"", ""tanh"", ""swish"", ""swish"", ""swish"", ""linear""], [""tanh"", ""tanh"", ""tanh"", ""tanh"", ""tanh"", ""tanh"", ""tanh"", ""tanh"", ""swish"", ""swish"", ""swish"", ""swish"", ""linear""]]",3,32,284,False
29e8ebc524b7,"[[""tanh"", ""tanh"", ""tanh"", ""tanh"", ""tanh"", ""tanh"", ""tanh"", ""tanh"", ""tanh"", ""tanh"", ""swish"", ""swish"", ""swish"", ""swish"", ""linear""], [""tanh"", ""tanh"", ""tanh"", ""tanh"", ""swish"", ""swish""], [""tanh"", ""tanh"", ""tanh"", ""tanh"", ""tanh"", ""swish"", ""swish"", ""swish""]]",3,29,206,False
3d9e3713ba73,"[[""tanh"", ""tanh"", ""tanh"", ""tanh"", ""tanh"", ""swish"", ""swish"", ""swish""], [""tanh"", ""tanh"", ""tanh"", ""tanh"", ""tanh"", ""swish"", ""swish""], [""tanh"", ""tanh"", ""tanh"", ""tanh"", ""swish"", ""swish""]]",3,21,142,False
ae3b2f1779ae,"[[""tanh"", ""tanh"", ""tanh"", ""tanh"", ""tanh"", ""tanh"", ""tanh"", ""tanh"", ""swish"", ""swish"", ""swish"", ""swish"", ""linear""], [""tanh"", ""tanh"", ""tanh"", ""tanh"", ""swish"", ""swish""], [""tanh"", ""tanh"", ""tanh"", ""tanh"", ""tanh"", ""tanh"", ""swish"", ""swish"", ""swish"", ""linear""]]",3,29,204,False
28a599bf91e8,"[[""tanh"", ""tanh"", ""tanh"", ""tanh"", ""tanh"", ""tanh"", ""tanh"", ""tanh"", ""tanh"", ""swish"", ""swish"", ""swish"", ""swish"", ""linear""], [""tanh"", ""tanh"", ""tanh"", ""tanh"", ""tanh"", ""tanh"", ""swish"", ""swish"", ""swish"", ""linear""], [""tanh"", ""tanh"", ""tanh"", ""tanh"", ""tanh"", ""tanh"", ""swish"", ""swish"", ""swish""]]",3,33,301,False
fb336b89f438,"[[""tanh"", ""tanh"", ""tanh"", ""tanh"", ""swish"", ""swish""], [""tanh"", ""tanh"", ""tanh"", ""tanh"", ""tanh"", ""tanh"", ""tanh"", ""tanh"", ""tanh"", ""tanh"", ""swish"", ""swish"", ""swish"", ""swish"", ""swish"", ""linear""], [""tanh"", ""tanh"", ""tanh"", ""tanh"", ""tanh"", ""tanh"", ""tanh"", ""tanh"", ""tanh"", ""tanh"", ""swish"", ""swish"", ""swish"", ""swish"", ""swish"", ""linear""]]",3,38,419,False
247dec5cd16f,"[[""tanh"", ""tanh"", ""tanh"", ""tanh"", ""tanh"", ""tanh"", ""swish"", ""swish"", ""swish""], [""tanh"", ""tanh"", ""tanh"", ""tanh"", ""tanh"", ""swish"", ""swish""], [""tanh"", ""tanh"", ""tanh"", ""tanh"", ""tanh"", ""tanh"", ""tanh"", ""tanh"", ""swish"", ""swish"", ""swish"", ""swish"", ""linear""]]",3,29,215,False
752b58865835,"[[""tanh"", ""tanh"", ""tanh"", ""tanh"", ""tanh"", ""tanh"", ""tanh"", ""tanh"", ""swish"", ""swish"", ""swish"", ""swish"", ""linear""], [""tanh"", ""tanh"", ""tanh"", ""tanh"", ""tanh"", ""tanh"", ""tanh"", ""tanh"", ""tanh"", ""tanh"", ""swish"", ""swish"", ""swish"", ""swish"", ""linear""], [""tanh"", ""tanh"", ""tanh"", ""tanh"", ""tanh"", ""tanh"", ""tanh"", ""tanh"", ""tanh"", ""swish"", ""swish"", ""swish"", ""swish"", ""linear""]]",3,42,488,False
fd00011299a9,"[[""tanh"", ""tanh"", ""tanh"", ""tanh"", ""swish"", ""swish""], [""tanh"", ""tanh"", ""tanh"", ""tanh"", ""tanh"", ""tanh"", ""tanh"", ""tanh"", ""swish"", ""swish"", ""swish"", ""swish"", ""linear""], [""tanh"", ""tanh"", ""tanh"", ""tanh"", ""tanh"", ""tanh"", ""swish"", ""swish"", ""swish"", ""linear""]]",3,29,260,False
ee936d34c5e7,"[[""tanh"", ""tanh"", ""tanh"", ""tanh"", ""tanh"", ""tanh"", ""tanh"", ""swish"", ""swish"", ""swish"", ""linear""], [""tanh"", ""tanh"", ""tanh"", ""tanh"", ""tanh"", ""tanh"", ""tanh"", ""tanh"", ""tanh"", ""swish"", ""swish"", ""swish"", ""swish"", ""linear""], [""tanh"", ""tanh"", ""tanh"", ""tanh"", ""tanh"", ""tanh"", ""swish"", ""swish"", ""swish"", ""linear""]]",3,35,362,False
5a4feb2174ee,"[[""tanh"", ""tanh"", ""tanh"", ""tanh"", ""tanh"", ""tanh"", ""tanh"", ""tanh"", ""swish"", ""swish"", ""swish"", ""swish"", ""linear""], [""tanh"", ""tanh"", ""tanh"", ""tanh"", ""tanh"", ""tanh"", ""swish"", ""swish"", ""swish""], [""tanh"", ""tanh"", ""tanh"", ""tanh"", ""tanh"", ""tanh"", ""swish"", ""swish"", ""swish""]]",3,31,265,False
19f6a60cf511,"[[""tanh"", ""tanh"", ""tanh"", ""tanh"", ""tanh"", ""swish"", ""swish""], [""tanh"", ""tanh"", ""tanh"", ""tanh"", ""tanh"", ""tanh"", ""tanh"", ""tanh"", ""tanh"", ""tanh"", ""swish"", ""swish"", ""swish"", ""swish"", ""swish"", ""linear""], [""tanh"", ""tanh"", ""tanh"", ""tanh"", ""tanh"", ""tanh"", ""tanh"", ""swish"", ""swish"", ""swish"", ""linear""]]",3,34,348,False
fa11e1c0cc09,"[[""tanh"", ""tanh"", ""tanh"", ""tanh"", ""tanh"", ""tanh"", ""tanh"", ""tanh"", ""tanh"", ""swish"", ""swish"", ""swish"", ""swish"", ""linear""], [""tanh"", ""tanh"", ""tanh"", ""tanh"", ""tanh"", ""tanh"", ""tanh"", ""swish"", ""swish"", ""swish"", ""linear""], [""tanh"", ""tanh"", ""tanh"", ""tanh"", ""tanh"", ""tanh"", ""tanh"", ""tanh"", ""tanh"", ""swish"", ""swish"", ""swish"", ""swish"", ""linear""]]",3,39,390,False
70392febf349,"[[""tanh"", ""tanh"", ""tanh"", ""tanh"", ""tanh"", ""tanh"", ""tanh"", ""swish"", ""swish"", ""swish"", ""linear""], [""tanh"", ""tanh"", ""tanh"", ""tanh"", ""tanh"", ""swish"", ""swish""], [""tanh"", ""tanh"", ""tanh"", ""tanh"", ""tanh"", ""swish"", ""swish""]]",3,25,181,False
1c2c58055e5c,"[[""tanh"", ""tanh"", ""tanh"", ""tanh"", ""tanh"", ""swish"", ""swish"", ""swish""], [""tanh"", ""tanh"", ""tanh"", ""tanh"", ""tanh"", ""tanh"", ""tanh"", ""tanh"", ""tanh"", ""tanh"", ""swish"", ""swish"", ""swish"", ""swish"", ""linear""], [""tanh"", ""tanh"", ""tanh"", ""tanh"", ""tanh"", ""tanh"", ""tanh"", ""tanh"", ""swish"", ""swish"", ""swish"", ""linear""]]",3,35,364,False
4a9a835d9eb5,"[[""tanh"", ""tanh"", ""tanh"", ""tanh"", ""tanh"", ""tanh"", ""tanh"", ""tanh"", ""swish"", ""swish"", ""swish"", ""swish"", ""linear""], [""tanh"", ""tanh"", ""tanh"", ""tanh"", ""tanh"", ""tanh"", ""tanh"", ""tanh"", ""tanh"", ""tanh"", ""swish"", ""swish"", ""swish"", ""swish"", ""swish"", ""linear""], [""tanh"", ""tanh"", ""tanh"", ""tanh"", ""tanh"", ""tanh"", ""swish"", ""swish"", ""swish""]]",3,38,426,False
b60029960f1f,"[[""tanh"", ""tanh"", ""tanh"", ""tanh"", ""tanh"", ""swish"", ""swish""], [""tanh"", ""tanh"", ""tanh"", ""tanh"", ""tanh"", ""tanh"", ""tanh"", ""tanh"", ""tanh"", ""swish"", ""swish"", ""swish"", ""swish"", ""linear""], [""tanh"", ""tanh"", ""tanh"", ""tanh"", ""tanh"", ""tanh"", ""tanh"", ""tanh"", ""swish"", ""swish"", ""swish"", ""swish"", ""linear""]]",3,34,342,False
835f439ab5da,"[[""tanh"", ""tanh"", ""tanh"", ""tanh"", ""tanh"", ""tanh"", ""tanh"", ""tanh"", ""tanh"", ""tanh"", ""swish"", ""swish"", ""swish"", ""swish"", ""linear""], [""tanh"", ""tanh"", ""tanh"", ""tanh"", ""tanh"", ""tanh"", ""tanh"", ""tanh"", ""swish"", ""swish"", ""swish"", ""swish"", ""linear""], [""tanh"", ""tanh"", ""tanh"", ""tanh"", ""tanh"", ""tanh"", ""tanh"", ""swish"", ""swish"", ""swish"", ""linear""]]",3,39,419,False
e0009dbb1801,"[[""tanh"", ""tanh"", ""tanh"", ""tanh"", ""tanh"", ""tanh"", ""tanh"", ""tanh"", ""tanh"", ""tanh"", ""swish"", ""swish"", ""swish"", ""swish"", ""swish"", ""linear""], [""tanh"", ""tanh"", ""tanh"", ""tanh"", ""tanh"", ""tanh"", ""tanh"", ""tanh"", ""swish"", ""swish"", ""swish"", ""linear""], [""tanh"", ""tanh"", ""tanh"", ""tanh"", ""tanh"", ""tanh"", ""swish"", ""swish"", ""swish""]]",3,37,379,False
b4ad43f36a3d,"[[""tanh"", ""tanh"", ""tanh"", ""tanh"", ""tanh"", ""tanh"", ""tanh"", ""swish"", ""swish"", ""swish"", ""linear""], [""tanh"", ""tanh"", ""tanh"", ""tanh"", ""tanh"", ""tanh"", ""tanh"", ""tanh"", ""tanh"", ""tanh"", ""swish"", ""swish"", ""swish"", ""swish"", ""swish"", ""linear""], [""tanh"", ""tanh"", ""tanh"", ""tanh"", ""tanh"", ""tanh"", ""tanh"", ""swish"", ""swish"", ""swish"", ""linear""]]",3,38,424,False
34aa7329c212,"[[""tanh"", ""tanh"", ""tanh"", ""tanh"", ""tanh"", ""tanh"", ""tanh"", ""tanh"", ""tanh"", ""swish"", ""swish"", ""swish"", ""swish"", ""linear""], [""tanh"", ""tanh"", ""tanh"", ""tanh"", ""tanh"", ""swish"", ""swish"", ""swish""], [""tanh"", ""tanh"", ""tanh"", ""tanh"", ""tanh"", ""tanh"", ""swish"", ""swish"", ""swish""]]",3,31,253,False
12c7efd61bf6,"[[""tanh"", ""tanh"", ""tanh"", ""tanh"", ""tanh"", ""tanh"", ""tanh"", ""tanh"", ""tanh"", ""tanh"", ""swish"", ""swish"", ""swish"", ""swish"", ""swish"", ""linear""], [""tanh"", ""tanh"", ""tanh"", ""tanh"", ""tanh"", ""tanh"", ""tanh"", ""tanh"", ""swish"", ""swish"", ""swish"", ""linear""], [""tanh"", ""tanh"", ""tanh"", ""tanh"", ""tanh"", ""tanh"", ""swish"", ""swish"", ""swish"", ""linear""]]",3,38,393,False
dbd63960873e,"[[""tanh"", ""tanh"", ""tanh"", ""tanh"", ""tanh"", ""swish"", ""swish""], [""tanh"", ""tanh"", ""tanh"", ""tanh"", ""tanh"", ""tanh"", ""tanh"", ""tanh"", ""swish"", ""swish"", ""swish"", ""linear""], [""tanh"", ""tanh"", ""tanh"", ""tanh"", ""tanh"", ""tanh"", ""tanh"", ""tanh"", ""tanh"", ""tanh"", ""swish"", ""swish"", ""swish"", ""swish"", ""swish"", ""linear""]]",3,35,342,False
01c0852ff5c1,"[[""tanh"", ""tanh"", ""tanh"", ""tanh"", ""tanh"", ""tanh"", ""tanh"", ""tanh"", ""swish"", ""swish"", ""swish"", ""swish"", ""linear""], [""tanh"", ""tanh"", ""tanh"", ""tanh"", ""tanh"", ""tanh"", ""tanh"", ""tanh"", ""swish"", ""swish"", ""swish"", ""swish"", ""linear""], [""tanh"", ""tanh"", ""tanh"", ""tanh"", ""tanh"", ""swish"", ""swish""]]",3,33,327,False
8ca95d3e456e,"[[""tanh"", ""tanh"", ""tanh"", ""tanh"", ""tanh"", ""tanh"", ""swish"", ""swish"", ""swish"", ""linear""], [""tanh"", ""tanh"", ""tanh"", ""tanh"", ""tanh"", ""tanh"", ""swish"", ""swish"", ""swish""], [""tanh"", ""tanh"", ""tanh"", ""tanh"", ""tanh"", ""tanh"", ""tanh"", ""tanh"", ""tanh"", ""swish"", ""swish"", ""swish"", ""swish"", ""linear""]]",3,33,284,False
2b8c0cd5c734,"[[""tanh"", ""tanh"", ""tanh"", ""tanh"", ""tanh"", ""tanh"", ""swish"", ""swish"", ""swish""], [""tanh"", ""tanh"", ""tanh"", ""tanh"", ""tanh"", ""tanh"", ""tanh"", ""swish"", ""swish"", ""swish"", ""linear""], [""tanh"", ""tanh"", ""tanh"", ""tanh"", ""tanh"", ""tanh"", ""swish"", ""swish"", ""swish"", ""linear""]]",3,30,268,False
eda44479757e,"[[""tanh"", ""tanh"", ""tanh"", ""tanh"", ""tanh"", ""tanh"", ""tanh"", ""tanh"", ""tanh"", ""swish"", ""swish"", ""swish"", ""swish"", ""linear""], [""tanh"", ""tanh"", ""tanh"", ""tanh"", ""tanh"", ""tanh"", ""tanh"", ""tanh"", ""swish"", ""swish"", ""swish"", ""linear""], [""tanh"", ""tanh"", ""tanh"", ""tanh"", ""tanh"", ""tanh"", ""swish"", ""swish"", ""swish"", ""linear""]]",3,36,363,False
94dfb0832594,"[[""tanh"", ""tanh"", ""tanh"", ""tanh"", ""tanh"", ""tanh"", ""tanh"", ""tanh"", ""tanh"", ""tanh"", ""swish"", ""swish"", ""swish"", ""swish"", ""swish"", ""linear""], [""tanh"", ""tanh"", ""tanh"", ""tanh"", ""tanh"", ""tanh"", ""tanh"", ""tanh"", ""tanh"", ""tanh"", ""swish"", ""swish"", ""swish"", ""swish"", ""linear""], [""tanh"", ""tanh"", ""tanh"", ""tanh"", ""tanh"", ""swish"", ""swish"", ""swish""]]",3,39,440,False
851002f0d14f,"[[""tanh"", ""tanh"", ""tanh"", ""tanh"", ""tanh"", ""tanh"", ""tanh"", ""tanh"", ""tanh"", ""tanh"", ""swish"", ""swish"", ""swish"", ""swish"", ""swish"", ""linear""], [""tanh"", ""tanh"", ""tanh"", ""tanh"", ""tanh"", ""swish"", ""swish""], [""tanh"", ""tanh"", ""tanh"", ""tanh"", ""tanh"", ""swish"", ""swish""]]",3,30,231,False
42c199438cc1,"[[""tanh"", ""tanh"", ""tanh"", ""tanh"", ""tanh"", ""swish"", ""swish"", ""swish""], [""tanh"", ""tanh"", ""tanh"", ""tanh"", ""tanh"", ""swish"", ""swish"", ""swish""], [""tanh"", ""tanh"", ""tanh"", ""tanh"", ""tanh"", ""swish"", ""swish"", ""swish""]]",3,24,177,False
f1127c83ab03,"[[""tanh"", ""tanh"", ""tanh"", ""tanh"", ""tanh"", ""tanh"", ""tanh"", ""tanh"", ""swish"", ""swish"", ""swish"", ""linear""], [""tanh"", ""tanh"", ""tanh"", ""tanh"", ""swish"", ""swish""], [""tanh"", ""tanh"", ""tanh"", ""tanh"", ""tanh"", ""tanh"", ""tanh"", ""tanh"", ""swish"", ""swish"", ""swish"", ""linear""]]",3,30,211,False
ec4679292f92,"[[""tanh"", ""tanh"", ""tanh"", ""tanh"", ""tanh"", ""tanh"", ""tanh"", ""tanh"", ""swish"", ""swish"", ""swish"", ""swish"", ""linear""], [""tanh"", ""tanh"", ""tanh"", ""tanh"", ""tanh"", ""tanh"", ""tanh"", ""swish"", ""swish"", ""swish"", ""linear""], [""tanh"", ""tanh"", ""tanh"", ""tanh"", ""tanh"", ""tanh"", ""tanh"", ""tanh"", ""swish"", ""swish"", ""swish"", ""swish"", ""linear""]]",3,37,363,False
666dfd14ef19,"[[""tanh"", ""tanh"", ""tanh"", ""tanh"", ""tanh"", ""tanh"", ""swish"", ""swish"", ""swish""], [""tanh"", ""tanh"", ""tanh"", ""tanh"", ""tanh"", ""swish"", ""swish"", ""swish""], [""tanh"", ""tanh"", ""tanh"", ""tanh"", ""swish"", ""swish""]]",3,23,168,False
e0d26fa3da55,"[[""tanh"", ""tanh"", ""tanh"", ""tanh"", ""swish"", ""swish""], [""tanh"", ""tanh"", ""tanh"", ""tanh"", ""tanh"", ""tanh"", ""tanh"", ""tanh"", ""swish"", ""swish"", ""swish"", ""swish"", ""linear""], [""tanh"", ""tanh"", ""tanh"", ""tanh"", ""swish"", ""swish""]]",3,25,200,False
e7624cd78a5c,"[[""tanh"", ""tanh"", ""tanh"", ""tanh"", ""tanh"", ""swish"", ""swish""], [""tanh"", ""tanh"", ""tanh"", ""tanh"", ""tanh"", ""tanh"", ""tanh"", ""tanh"", ""tanh"", ""swish"", ""swish"", ""swish"", ""swish"", ""linear""], [""tanh"", ""tanh"", ""tanh"", ""tanh"", ""tanh"", ""tanh"", ""swish"", ""swish"", ""swish"", ""linear""]]",3,31,294,False
3cc776078fd2,"[[""tanh"", ""tanh"", ""tanh"", ""tanh"", ""tanh"", ""tanh"", ""tanh"", ""tanh"", ""swish"", ""swish"", ""swish"", ""swish"", ""linear""], [""tanh"", ""tanh"", ""tanh"", ""tanh"", ""tanh"", ""tanh"", ""tanh"", ""tanh"", ""tanh"", ""tanh"", ""swish"", ""swish"", ""swish"", ""swish"", ""swish"", ""linear""], [""tanh"", ""tanh"", ""tanh"", ""tanh"", ""tanh"", ""tanh"", ""tanh"", ""tanh"", ""tanh"", ""tanh"", ""swish"", ""swish"", ""swish"", ""swish"", ""linear""]]",3,44,534,False
99fc785fa318,"[[""tanh"", ""tanh"", ""tanh"", ""tanh"", ""tanh"", ""tanh"", ""swish"", ""swish"", ""swish""], [""tanh"", ""tanh"", ""tanh"", ""tanh"", ""tanh"", ""tanh"", ""swish"", ""swish"", ""swish""], [""tanh"", ""tanh"", ""tanh"", ""tanh"", ""tanh"", ""tanh"", ""swish"", ""swish"", ""swish"", ""linear""]]",3,28,228,False
42a3f3695640,"[[""tanh"", ""tanh"", ""tanh"", ""tanh"", ""tanh"", ""tanh"", ""tanh"", ""tanh"", ""tanh"", ""tanh"", ""swish"", ""swish"", ""swish"", ""swish"", ""linear""], [""tanh"", ""tanh"", ""tanh"", ""tanh"", ""tanh"", ""tanh"", ""swish"", ""swish"", ""swish""], [""tanh"", ""tanh"", ""tanh"", ""tanh"", ""swish"", ""swish""]]",3,30,256,False
2aacb007c485,"[[""tanh"", ""tanh"", ""tanh"", ""tanh"", ""tanh"", ""tanh"", ""swish"", ""swish"", ""swish""], [""tanh"", ""tanh"", ""tanh"", ""tanh"", ""tanh"", ""swish"", ""swish""], [""tanh"", ""tanh"", ""tanh"", ""tanh"", ""swish"", ""swish""]]",3,22,152,False
791fdced9215,"[[""tanh"", ""tanh"", ""tanh"", ""tanh"", ""tanh"", ""tanh"", ""tanh"", ""tanh"", ""tanh"", ""swish"", ""swish"", ""swish"", ""swish"", ""linear""], [""tanh"", ""tanh"", ""tanh"", ""tanh"", ""tanh"", ""tanh"", ""tanh"", ""tanh"", ""swish"", ""swish"", ""swish"", ""swish"", ""linear""], [""tanh"", ""tanh"", ""tanh"", ""tanh"", ""tanh"", ""tanh"", ""tanh"", ""tanh"", ""tanh"", ""tanh"", ""swish"", ""swish"", ""swish"", ""swish"", ""linear""]]",3,42,463,False
c3e61113bafa,"[[""tanh"", ""tanh"", ""tanh"", ""tanh"", ""tanh"", ""tanh"", ""swish"", ""swish"", ""swish""], [""tanh"", ""tanh"", ""tanh"", ""tanh"", ""tanh"", ""tanh"", ""swish"", ""swish"", ""swish"", ""linear""], [""tanh"", ""tanh"", ""tanh"", ""tanh"", ""tanh"", ""tanh"", ""tanh"", ""tanh"", ""tanh"", ""swish"", ""swish"", ""swish"", ""swish"", ""linear""]]",3,33,296,False
976bdf30bfe2,"[[""tanh"", ""tanh"", ""tanh"", ""tanh"", ""tanh"", ""tanh"", ""tanh"", ""tanh"", ""swish"", ""swish"", ""swish"", ""linear""], [""tanh"", ""tanh"", ""tanh"", ""tanh"", ""tanh"", ""tanh"", ""tanh"", ""swish"", ""swish"", ""swish"", ""linear""], [""tanh"", ""tanh"", ""tanh"", ""tanh"", ""tanh"", ""tanh"", ""tanh"", ""tanh"", ""tanh"", ""swish"", ""swish"", ""swish"", ""swish"", ""linear""]]",3,37,362,False
f8e1f2a82bcc,"[[""tanh"", ""tanh"", ""tanh"", ""tanh"", ""tanh"", ""tanh"", ""swish"", ""swish"", ""swish""], [""tanh"", ""tanh"", ""tanh"", ""tanh"", ""tanh"", ""tanh"", ""tanh"", ""tanh"", ""swish"", ""swish"", ""swish"", ""linear""], [""tanh"", ""tanh"", ""tanh"", ""tanh"", ""tanh"", ""tanh"", ""tanh"", ""tanh"", ""swish"", ""swish"", ""swish"", ""swish"", ""linear""]]",3,34,330,False
34ee0ca4e0b6,"[[""tanh"", ""tanh"", ""tanh"", ""tanh"", ""tanh"", ""tanh"", ""tanh"", ""tanh"", ""tanh"", ""tanh"", ""swish"", ""swish"", ""swish"", ""swish"", ""swish"", ""linear""], [""tanh"", ""tanh"", ""tanh"", ""tanh"", ""tanh"", ""tanh"", ""tanh"", ""tanh"", ""tanh"", ""tanh"", ""swish"", ""swish"", ""swish"", ""swish"", ""swish"", ""linear""], [""tanh"", ""tanh"", ""tanh"", ""tanh"", ""tanh"", ""swish"", ""swish""]]",3,39,447,False
aba5279c8c56,"[[""tanh"", ""tanh"", ""tanh"", ""tanh"", ""tanh"", ""tanh"", ""tanh"", ""tanh"", ""tanh"", ""tanh"", ""swish"", ""swish"", ""swish"", ""swish"", ""swish"", ""linear""], [""tanh"", ""tanh"", ""tanh"", ""tanh"", ""tanh"", ""tanh"", ""tanh"", ""tanh"", ""swish"", ""swish"", ""swish"", ""swish"", ""linear""], [""tanh"", ""tanh"", ""tanh"", ""tanh"", ""tanh"", ""tanh"", ""tanh"", ""swish"", ""swish"", ""swish"", ""linear""]]",3,40,435,False
e800aa823201,"[[""tanh"", ""tanh"", ""tanh"", ""tanh"", ""swish"", ""swish""], [""tanh"", ""tanh"", ""tanh"", ""tanh"", ""tanh"", ""swish"", ""swish"", ""swish""], [""tanh"", ""tanh"", ""tanh"", ""tanh"", ""tanh"", ""tanh"", ""tanh"", ""tanh"", ""swish"", ""swish"", ""swish"", ""swish"", ""linear""]]",3,27,205,False
aea78ce523e6,"[[""tanh"", ""tanh"", ""tanh"", ""tanh"", ""tanh"", ""swish"", ""swish""], [""tanh"", ""tanh"", ""tanh"", ""tanh"", ""tanh"", ""tanh"", ""tanh"", ""swish"", ""swish"", ""swish"", ""linear""], [""tanh"", ""tanh"", ""tanh"", ""tanh"", ""tanh"", ""tanh"", ""tanh"", ""tanh"", ""swish"", ""swish"", ""swish"", ""swish"", ""linear""]]",3,31,279,False
f3502eceaa82,"[[""tanh"", ""tanh"", ""tanh"", ""tanh"", ""tanh"", ""tanh"", ""swish"", ""swish"", ""swish"", ""linear""], [""tanh"", ""tanh"", ""tanh"", ""tanh"", ""tanh"", ""tanh"", ""tanh"", ""tanh"", ""tanh"", ""tanh"", ""swish"", ""swish"", ""swish"", ""swish"", ""linear""], [""tanh"", ""tanh"", ""tanh"", ""tanh"", ""tanh"", ""tanh"", ""tanh"", ""tanh"", ""tanh"", ""swish"", ""swish"", ""swish"", ""swish"", ""linear""]]",3,39,434,False
ece83d1a38a1,"[[""tanh"", ""tanh"", ""tanh"", ""tanh"", ""tanh"", ""tanh"", ""tanh"", ""tanh"", ""tanh"", ""tanh"", ""swish"", ""swish"", ""swish"", ""swish"", ""swish"", ""linear""], [""tanh"", ""tanh"", ""tanh"", ""tanh"", ""swish"", ""swish""], [""tanh"", ""tanh"", ""tanh"", ""tanh"", ""tanh"", ""tanh"", ""swish"", ""swish"", ""swish"", ""linear""]]",3,32,231,False
d179e9021d69,"[[""tanh"", ""tanh"", ""tanh"", ""tanh"", ""tanh"", ""tanh"", ""tanh"", ""tanh"", ""tanh"", ""swish"", ""swish"", ""swish"", ""swish"", ""linear""], [""tanh"", ""tanh"", ""tanh"", ""tanh"", ""swish"", ""swish""], [""tanh"", ""tanh"", ""tanh"", ""tanh"", ""swish"", ""swish""]]",3,26,181,False
5c9329d8c6ba,"[[""tanh"", ""tanh"", ""tanh"", ""tanh"", ""tanh"", ""tanh"", ""tanh"", ""tanh"", ""swish"", ""swish"", ""swish"", ""swish"", ""linear""], [""tanh"", ""tanh"", ""tanh"", ""tanh"", ""tanh"", ""tanh"", ""tanh"", ""tanh"", ""swish"", ""swish"", ""swish"", ""swish"", ""linear""], [""tanh"", ""tanh"", ""tanh"", ""tanh"", ""tanh"", ""tanh"", ""tanh"", ""tanh"", ""tanh"", ""swish"", ""swish"", ""swish"", ""swish"", ""linear""]]",3,40,432,False
4a6328fe6358,"[[""tanh"", ""tanh"", ""tanh"", ""tanh"", ""tanh"", ""tanh"", ""tanh"", ""swish"", ""swish"", ""swish"", ""linear""], [""tanh"", ""tanh"", ""tanh"", ""tanh"", ""swish"", ""swish""], [""tanh"", ""tanh"", ""tanh"", ""tanh"", ""tanh"", ""tanh"", ""tanh"", ""tanh"", ""tanh"", ""swish"", ""swish"", ""swish"", ""swish"", ""linear""]]",3,31,218,False
cb7dd713af55,"[[""tanh"", ""tanh"", ""tanh"", ""tanh"", ""tanh"", ""tanh"", ""swish"", ""swish"", ""swish"", ""linear""], [""tanh"", ""tanh"", ""tanh"", ""tanh"", ""tanh"", ""tanh"", ""swish"", ""swish"", ""swish"", ""linear""], [""tanh"", ""tanh"", ""tanh"", ""tanh"", ""tanh"", ""tanh"", ""tanh"", ""tanh"", ""tanh"", ""swish"", ""swish"", ""swish"", ""swish"", ""linear""]]",3,34,309,False
b66e703956cc,"[[""tanh"", ""tanh"", ""tanh"", ""tanh"", ""tanh"", ""tanh"", ""tanh"", ""tanh"", ""tanh"", ""tanh"", ""swish"", ""swish"", ""swish"", ""swish"", ""swish"", ""linear""], [""tanh"", ""tanh"", ""tanh"", ""tanh"", ""tanh"", ""swish"", ""swish"", ""swish""], [""tanh"", ""tanh"", ""tanh"", ""tanh"", ""tanh"", ""swish"", ""swish""]]",3,31,255,False
61113a038f5f,"[[""tanh"", ""tanh"", ""tanh"", ""tanh"", ""tanh"", ""tanh"", ""swish"", ""swish"", ""swish"", ""linear""], [""tanh"", ""tanh"", ""tanh"", ""tanh"", ""tanh"", ""tanh"", ""swish"", ""swish"", ""swish""], [""tanh"", ""tanh"", ""tanh"", ""tanh"", ""tanh"", ""tanh"", ""swish"", ""swish"", ""swish""]]",3,28,229,False
174310d8afd1,"[[""tanh"", ""tanh"", ""tanh"", ""tanh"", ""tanh"", ""tanh"", ""tanh"", ""tanh"", ""tanh"", ""tanh"", ""swish"", ""swish"", ""swish"", ""swish"", ""linear""], [""tanh"", ""tanh"", ""tanh"", ""tanh"", ""tanh"", ""swish"", ""swish""], [""tanh"", ""tanh"", ""tanh"", ""tanh"", ""tanh"", ""tanh"", ""swish"", ""swish"", ""swish"", ""linear""]]",3,32,248,False
95436b2dba9d,"[[""tanh"", ""tanh"", ""tanh"", ""tanh"", ""tanh"", ""tanh"", ""swish"", ""swish"", ""swish"", ""linear""], [""tanh"", ""tanh"", ""tanh"", ""tanh"", ""tanh"", ""swish"", ""swish"", ""swish""], [""tanh"", ""tanh"", ""tanh"", ""tanh"", ""tanh"", ""swish"", ""swish"", ""swish""]]",3,26,199,False
adce31eceabf,"[[""tanh"", ""tanh"", ""tanh"", ""tanh"", ""tanh"", ""tanh"", ""swish"", ""swish"", ""swish""], [""tanh"", ""tanh"", ""tanh"", ""tanh"", ""swish"", ""swish""], [""tanh"", ""tanh"", ""tanh"", ""tanh"", ""tanh"", ""tanh"", ""tanh"", ""tanh"", ""tanh"", ""tanh"", ""swish"", ""swish"", ""swish"", ""swish"", ""linear""]]",3,30,208,False
931f2259001e,"[[""tanh"", ""tanh"", ""tanh"", ""tanh"", ""tanh"", ""swish"", ""swish""], [""tanh"", ""tanh"", ""tanh"", ""tanh"", ""tanh"", ""tanh"", ""tanh"", ""tanh"", ""swish"", ""swish"", ""swish"", ""swish"", ""linear""], [""tanh"", ""tanh"", ""tanh"", ""tanh"", ""tanh"", ""swish"", ""swish""]]",3,27,231,False
005f131fa9ab,"[[""tanh"", ""tanh"", ""tanh"", ""tanh"", ""tanh"", ""tanh"", ""tanh"", ""tanh"", ""swish"", ""swish"", ""swish"", ""linear""], [""tanh"", ""tanh"", ""tanh"", ""tanh"", ""tanh"", ""tanh"", ""swish"", ""swish"", ""swish""], [""tanh"", ""tanh"", ""tanh"", ""tanh"", ""tanh"", ""swish"", ""swish""]]",3,28,231,False
56250a2998ba,"[[""tanh"", ""tanh"", ""tanh"", ""tanh"", ""tanh"", ""tanh"", ""swish"", ""swish"", ""swish"", ""linear""], [""tanh"", ""tanh"", ""tanh"", ""tanh"", ""tanh"", ""tanh"", ""tanh"", ""tanh"", ""tanh"", ""tanh"", ""swish"", ""swish"", ""swish"", ""swish"", ""swish"", ""linear""], [""tanh"", ""tanh"", ""tanh"", ""tanh"", ""tanh"", ""tanh"", ""tanh"", ""tanh"", ""tanh"", ""tanh"", ""swish"", ""swish"", ""swish"", ""swish"", ""swish"", ""linear""]]",3,42,495,False
88ead36ea5d3,"[[""tanh"", ""tanh"", ""tanh"", ""tanh"", ""tanh"", ""tanh"", ""swish"", ""swish"", ""swish""], [""tanh"", ""tanh"", ""tanh"", ""tanh"", ""tanh"", ""swish"", ""swish"", ""swish""], [""tanh"", ""tanh"", ""tanh"", ""tanh"", ""tanh"", ""tanh"", ""swish"", ""swish"", ""swish""]]",3,26,198,False
0e6d69688536,"[[""tanh"", ""tanh"", ""tanh"", ""tanh"", ""tanh"", ""tanh"", ""tanh"", ""tanh"", ""tanh"", ""tanh"", ""swish"", ""swish"", ""swish"", ""swish"", ""linear""], [""tanh"", ""tanh"", ""tanh"", ""tanh"", ""tanh"", ""tanh"", ""tanh"", ""swish"", ""swish"", ""swish"", ""linear""], [""tanh"", ""tanh"", ""tanh"", ""tanh"", ""tanh"", ""tanh"", ""swish"", ""swish"", ""swish"", ""linear""]]",3,36,352,False
0879f14a6f7b,"[[""tanh"", ""tanh"", ""tanh"", ""tanh"", ""tanh"", ""tanh"", ""swish"", ""swish"", ""swish""], [""tanh"", ""tanh"", ""tanh"", ""tanh"", ""tanh"", ""tanh"", ""swish"", ""swish"", ""swish"", ""linear""], [""tanh"", ""tanh"", ""tanh"", ""tanh"", ""tanh"", ""swish"", ""swish""]]",3,26,212,False
6c528a7dafc4,"[[""tanh"", ""tanh"", ""tanh"", ""tanh"", ""tanh"", ""tanh"", ""tanh"", ""tanh"", ""tanh"", ""tanh"", ""swish"", ""swish"", ""swish"", ""swish"", ""swish"", ""linear""], [""tanh"", ""tanh"", ""tanh"", ""tanh"", ""tanh"", ""tanh"", ""swish"", ""swish"", ""swish""], [""tanh"", ""tanh"", ""tanh"", ""tanh"", ""tanh"", ""swish"", ""swish"", ""swish""]]",3,33,290,False
32bef3c2f956,"[[""tanh"", ""tanh"", ""tanh"", ""tanh"", ""tanh"", ""tanh"", ""swish"", ""swish"", ""swish""], [""tanh"", ""tanh"", ""tanh"", ""tanh"", ""tanh"", ""tanh"", ""tanh"", ""swish"", ""swish"", ""swish"", ""linear""], [""tanh"", ""tanh"", ""tanh"", ""tanh"", ""tanh"", ""tanh"", ""swish"", ""swish"", ""swish""]]",3,29,255,False
7162adc99487,"[[""tanh"", ""tanh"", ""tanh"", ""tanh"", ""tanh"", ""tanh"", ""swish"", ""swish"", ""swish"", ""linear""], [""tanh"", ""tanh"", ""tanh"", ""tanh"", ""tanh"", ""tanh"", ""swish"", ""swish"", ""swish""], [""tanh"", ""tanh"", ""tanh"", ""tanh"", ""tanh"", ""tanh"", ""tanh"", ""tanh"", ""swish"", ""swish"", ""swish"", ""swish"", ""linear""]]",3,32,273,False
89c3135a2a70,"[[""tanh"", ""tanh"", ""tanh"", ""tanh"", ""tanh"", ""tanh"", ""swish"", ""swish"", ""swish""], [""tanh"", ""tanh"", ""tanh"", ""tanh"", ""tanh"", ""swish"", ""swish""], [""tanh"", ""tanh"", ""tanh"", ""tanh"", ""tanh"", ""tanh"", ""swish"", ""swish"", ""swish""]]",3,25,179,False
e4ffa93bc3df,"[[""tanh"", ""tanh"", ""tanh"", ""tanh"", ""tanh"", ""tanh"", ""tanh"", ""tanh"", ""tanh"", ""swish"", ""swish"", ""swish"", ""swish"", ""linear""], [""tanh"", ""tanh"", ""tanh"", ""tanh"", ""tanh"", ""tanh"", ""swish"", ""swish"", ""swish""], [""tanh"", ""tanh"", ""tanh"", ""tanh"", ""tanh"", ""swish"", ""swish"", ""swish""]]",3,31,266,False
b99371af2a7c,"[[""tanh"", ""tanh"", ""tanh"", ""tanh"", ""tanh"", ""swish"", ""swish"", ""swish""], [""tanh"", ""tanh"", ""tanh"", ""tanh"", ""tanh"", ""tanh"", ""swish"", ""swish"", ""swish"", ""linear""], [""tanh"", ""tanh"", ""tanh"", ""tanh"", ""tanh"", ""tanh"", ""tanh"", ""tanh"", ""tanh"", ""swish"", ""swish"", ""swish"", ""swish"", ""linear""]]",3,32,283,False
ed76d6a9f9b9,"[[""tanh"", ""tanh"", ""tanh"", ""tanh"", ""tanh"", ""tanh"", ""tanh"", ""tanh"", ""swish"", ""swish"", ""swish"", ""linear""], [""tanh"", ""tanh"", ""tanh"", ""tanh"", ""tanh"", ""swish"", ""swish""], [""tanh"", ""tanh"", ""tanh"", ""tanh"", ""tanh"", ""tanh"", ""tanh"", ""tanh"", ""swish"", ""swish"", ""swish"", ""linear""]]",3,31,236,False
1d91757a3a92,"[[""tanh"", ""tanh"", ""tanh"", ""tanh"", ""tanh"", ""tanh"", ""tanh"", ""tanh"", ""tanh"", ""swish"", ""swish"", ""swish"", ""swish"", ""linear""], [""tanh"", ""tanh"", ""tanh"", ""tanh"", ""tanh"", ""tanh"", ""tanh"", ""swish"", ""swish"", ""swish"", ""linear""], [""tanh"", ""tanh"", ""tanh"", ""tanh"", ""tanh"", ""tanh"", ""swish"", ""swish"", ""swish"", ""linear""]]",3,35,338,False
89997e0edfd1,"[[""tanh"", ""tanh"", ""tanh"", ""tanh"", ""tanh"", ""tanh"", ""tanh"", ""tanh"", ""swish"", ""swish"", ""swish"", ""swish"", ""linear""], [""tanh"", ""tanh"", ""tanh"", ""tanh"", ""tanh"", ""tanh"", ""tanh"", ""tanh"", ""tanh"", ""tanh"", ""swish"", ""swish"", ""swish"", ""swish"", ""linear""], [""tanh"", ""tanh"", ""tanh"", ""tanh"", ""tanh"", ""swish"", ""swish""]]",3,35,369,False
af61e157dc65,"[[""tanh"", ""tanh"", ""tanh"", ""tanh"", ""tanh"", ""tanh"", ""tanh"", ""tanh"", ""tanh"", ""tanh"", ""swish"", ""swish"", ""swish"", ""swish"", ""swish"", ""linear""], [""tanh"", ""tanh"", ""tanh"", ""tanh"", ""tanh"", ""tanh"", ""tanh"", ""tanh"", ""tanh"", ""tanh"", ""swish"", ""swish"", ""swish"", ""swish"", ""linear""], [""tanh"", ""tanh"", ""tanh"", ""tanh"", ""tanh"", ""tanh"", ""tanh"", ""tanh"", ""tanh"", ""tanh"", ""swish"", ""swish"", ""swish"", ""swish"", ""swish"", ""linear""]]",3,47,576,False
2655521818b7,"[[""tanh"", ""tanh"", ""tanh"", ""tanh"", ""tanh"", ""swish"", ""swish""], [""tanh"", ""tanh"", ""tanh"", ""tanh"", ""tanh"", ""swish"", ""swish""], [""tanh"", ""tanh"", ""tanh"", ""tanh"", ""tanh"", ""tanh"", ""tanh"", ""tanh"", ""tanh"", ""swish"", ""swish"", ""swish"", ""swish"", ""linear""]]",3,28,204,False
e6eb0e886f3a,"[[""tanh"", ""tanh"", ""tanh"", ""tanh"", ""tanh"", ""tanh"", ""swish"", ""swish"", ""swish""], [""tanh"", ""tanh"", ""tanh"", ""tanh"", ""tanh"", ""swish"", ""swish"", ""swish""], [""tanh"", ""tanh"", ""tanh"", ""tanh"", ""tanh"", ""tanh"", ""swish"", ""swish"", ""swish"", ""linear""]]",3,27,208,False
c497a8912af6,"[[""tanh"", ""tanh"", ""tanh"", ""tanh"", ""tanh"", ""tanh"", ""tanh"", ""swish"", ""swish"", ""swish"", ""linear""], [""tanh"", ""tanh"", ""tanh"", ""tanh"", ""swish"", ""swish""], [""tanh"", ""tanh"", ""tanh"", ""tanh"", ""tanh"", ""tanh"", ""tanh"", ""tanh"", ""swish"", ""swish"", ""swish"", ""linear""]]",3,29,202,False
e29928cdfcd6,"[[""tanh"", ""tanh"", ""tanh"", ""tanh"", ""tanh"", ""swish"", ""swish""], [""tanh"", ""tanh"", ""tanh"", ""tanh"", ""tanh"", ""tanh"", ""tanh"", ""tanh"", ""swish"", ""swish"", ""swish"", ""swish"", ""linear""], [""tanh"", ""tanh"", ""tanh"", ""tanh"", ""tanh"", ""swish"", ""swish"", ""swish""]]",3,28,246,False
70bf429f7c32,"[[""tanh"", ""tanh"", ""tanh"", ""tanh"", ""tanh"", ""tanh"", ""tanh"", ""tanh"", ""swish"", ""swish"", ""swish"", ""linear""], [""tanh"", ""tanh"", ""tanh"", ""tanh"", ""tanh"", ""tanh"", ""tanh"", ""tanh"", ""tanh"", ""tanh"", ""swish"", ""swish"", ""swish"", ""swish"", ""linear""], [""tanh"", ""tanh"", ""tanh"", ""tanh"", ""tanh"", ""tanh"", ""tanh"", ""tanh"", ""tanh"", ""tanh"", ""swish"", ""swish"", ""swish"", ""swish"", ""swish"", ""linear""]]",3,43,504,False
681a750177ba,"[[""tanh"", ""tanh"", ""tanh"", ""tanh"", ""tanh"", ""tanh"", ""tanh"", ""tanh"", ""tanh"", ""tanh"", ""swish"", ""swish"", ""swish"", ""swish"", ""linear""], [""tanh"", ""tanh"", ""tanh"", ""tanh"", ""tanh"", ""swish"", ""swish"", ""swish""], [""tanh"", ""tanh"", ""tanh"", ""tanh"", ""tanh"", ""tanh"", ""tanh"", ""swish"", ""swish"", ""swish"", ""linear""]]",3,34,284,False
714115fdd110,"[[""tanh"", ""tanh"", ""tanh"", ""tanh"", ""tanh"", ""tanh"", ""swish"", ""swish"", ""swish""], [""tanh"", ""tanh"", ""tanh"", ""tanh"", ""tanh"", ""tanh"", ""tanh"", ""tanh"", ""tanh"", ""tanh"", ""swish"", ""swish"", ""swish"", ""swish"", ""swish"", ""linear""], [""tanh"", ""tanh"", ""tanh"", ""tanh"", ""tanh"", ""tanh"", ""tanh"", ""tanh"", ""tanh"", ""tanh"", ""swish"", ""swish"", ""swish"", ""swish"", ""swish"", ""linear""]]",3,41,476,False
698924df166c,"[[""tanh"", ""tanh"", ""tanh"", ""tanh"", ""tanh"", ""swish"", ""swish"", ""swish""], [""tanh"", ""tanh"", ""tanh"", ""tanh"", ""tanh"", ""tanh"", ""tanh"", ""tanh"", ""tanh"", ""tanh"", ""swish"", ""swish"", ""swish"", ""swish"", ""linear""], [""tanh"", ""tanh"", ""tanh"", ""tanh"", ""tanh"", ""swish"", ""swish"", ""swish""]]",3,31,296,False
fd534e095b87,"[[""tanh"", ""tanh"", ""tanh"", ""tanh"", ""tanh"", ""swish"", ""swish"", ""swish""], [""tanh"", ""tanh"", ""tanh"", ""tanh"", ""tanh"", ""tanh"", ""swish"", ""swish"", ""swish""], [""tanh"", ""tanh"", ""tanh"", ""tanh"", ""tanh"", ""tanh"", ""swish"", ""swish"", ""swish"", ""linear""]]",3,27,216,False
da62d00e4aba,"[[""tanh"", ""tanh"", ""tanh"", ""tanh"", ""tanh"", ""tanh"", ""tanh"", ""swish"", ""swish"", ""swish"", ""linear""], [""tanh"", ""tanh"", ""tanh"", ""tanh"", ""tanh"", ""tanh"", ""tanh"", ""tanh"", ""tanh"", ""tanh"", ""swish"", ""swish"", ""swish"", ""swish"", ""linear""], [""tanh"", ""tanh"", ""tanh"", ""tanh"", ""tanh"", ""tanh"", ""tanh"", ""tanh"", ""swish"", ""swish"", ""swish"", ""linear""]]",3,38,418,False
803d84434e29,"[[""tanh"", ""tanh"", ""tanh"", ""tanh"", ""tanh"", ""tanh"", ""tanh"", ""tanh"", ""tanh"", ""tanh"", ""swish"", ""swish"", ""swish"", ""swish"", ""linear""], [""tanh"", ""tanh"", ""tanh"", ""tanh"", ""tanh"", ""tanh"", ""tanh"", ""tanh"", ""tanh"", ""tanh"", ""swish"", ""swish"", ""swish"", ""swish"", ""linear""], [""tanh"", ""tanh"", ""tanh"", ""tanh"", ""tanh"", ""tanh"", ""swish"", ""swish"", ""swish""]]",3,39,439,False
a913c72b3b0e,"[[""tanh"", ""tanh"", ""tanh"", ""tanh"", ""tanh"", ""tanh"", ""tanh"", ""tanh"", ""tanh"", ""tanh"", ""swish"", ""swish"", ""swish"", ""swish"", ""swish"", ""linear""], [""tanh"", ""tanh"", ""tanh"", ""tanh"", ""tanh"", ""tanh"", ""tanh"", ""tanh"", ""tanh"", ""tanh"", ""swish"", ""swish"", ""swish"", ""swish"", ""linear""], [""tanh"", ""tanh"", ""tanh"", ""tanh"", ""tanh"", ""tanh"", ""swish"", ""swish"", ""swish""]]",3,40,457,False
b0048c451395,"[[""tanh"", ""tanh"", ""tanh"", ""tanh"", ""tanh"", ""tanh"", ""tanh"", ""tanh"", ""tanh"", ""tanh"", ""swish"", ""swish"", ""swish"", ""swish"", ""swish"", ""linear""], [""tanh"", ""tanh"", ""tanh"", ""tanh"", ""tanh"", ""tanh"", ""tanh"", ""tanh"", ""swish"", ""swish"", ""swish"", ""linear""], [""tanh"", ""tanh"", ""tanh"", ""tanh"", ""tanh"", ""tanh"", ""tanh"", ""tanh"", ""swish"", ""swish"", ""swish"", ""swish"", ""linear""]]",3,41,435,False
1b4a755b9ccf,"[[""tanh"", ""tanh"", ""tanh"", ""tanh"", ""tanh"", ""tanh"", ""tanh"", ""tanh"", ""swish"", ""swish"", ""swish"", ""linear""], [""tanh"", ""tanh"", ""tanh"", ""tanh"", ""tanh"", ""tanh"", ""tanh"", ""tanh"", ""tanh"", ""tanh"", ""swish"", ""swish"", ""swish"", ""swish"", ""linear""], [""tanh"", ""tanh"", ""tanh"", ""tanh"", ""tanh"", ""tanh"", ""swish"", ""swish"", ""swish""]]",3,36,385,False
db801a97b86d,"[[""tanh"", ""tanh"", ""tanh"", ""tanh"", ""tanh"", ""tanh"", ""tanh"", ""tanh"", ""tanh"", ""tanh"", ""swish"", ""swish"", ""swish"", ""swish"", ""linear""], [""tanh"", ""tanh"", ""tanh"", ""tanh"", ""tanh"", ""tanh"", ""tanh"", ""swish"", ""swish"", ""swish"", ""linear""], [""tanh"", ""tanh"", ""tanh"", ""tanh"", ""tanh"", ""tanh"", ""tanh"", ""tanh"", ""tanh"", ""tanh"", ""swish"", ""swish"", ""swish"", ""swish"", ""linear""]]",3,41,417,False
f00e5a92db20,"[[""tanh"", ""tanh"", ""tanh"", ""tanh"", ""tanh"", ""tanh"", ""tanh"", ""tanh"", ""tanh"", ""tanh"", ""swish"", ""swish"", ""swish"", ""swish"", ""swish"", ""linear""], [""tanh"", ""tanh"", ""tanh"", ""tanh"", ""tanh"", ""tanh"", ""tanh"", ""swish"", ""swish"", ""swish"", ""linear""], [""tanh"", ""tanh"", ""tanh"", ""tanh"", ""tanh"", ""swish"", ""swish""]]",3,34,327,False
0e65af2bc07e,"[[""tanh"", ""tanh"", ""tanh"", ""tanh"", ""tanh"", ""tanh"", ""tanh"", ""tanh"", ""tanh"", ""tanh"", ""swish"", ""swish"", ""swish"", ""swish"", ""swish"", ""linear""], [""tanh"", ""tanh"", ""tanh"", ""tanh"", ""tanh"", ""tanh"", ""tanh"", ""tanh"", ""tanh"", ""tanh"", ""swish"", ""swish"", ""swish"", ""swish"", ""linear""], [""tanh"", ""tanh"", ""tanh"", ""tanh"", ""swish"", ""swish""]]",3,37,406,False
8b7fd2eba8ba,"[[""tanh"", ""tanh"", ""tanh"", ""tanh"", ""tanh"", ""tanh"", ""tanh"", ""tanh"", ""tanh"", ""swish"", ""swish"", ""swish"", ""swish"", ""linear""], [""tanh"", ""tanh"", ""tanh"", ""tanh"", ""tanh"", ""tanh"", ""tanh"", ""tanh"", ""tanh"", ""tanh"", ""swish"", ""swish"", ""swish"", ""swish"", ""linear""], [""tanh"", ""tanh"", ""tanh"", ""tanh"", ""tanh"", ""swish"", ""swish""]]",3,36,387,False
86182543143c,"[[""tanh"", ""tanh"", ""tanh"", ""tanh"", ""tanh"", ""tanh"", ""tanh"", ""tanh"", ""swish"", ""swish"", ""swish"", ""swish"", ""linear""], [""tanh"", ""tanh"", ""tanh"", ""tanh"", ""tanh"", ""tanh"", ""tanh"", ""tanh"", ""swish"", ""swish"", ""swish"", ""swish"", ""linear""], [""tanh"", ""tanh"", ""tanh"", ""tanh"", ""tanh"", ""tanh"", ""tanh"", ""tanh"", ""swish"", ""swish"", ""swish"", ""swish"", ""linear""]]",3,39,417,False
da1a7d319978,"[[""tanh"", ""tanh"", ""tanh"", ""tanh"", ""tanh"", ""swish"", ""swish"", ""swish""], [""tanh"", ""tanh"", ""tanh"", ""tanh"", ""tanh"", ""swish"", ""swish"", ""swish""], [""tanh"", ""tanh"", ""tanh"", ""tanh"", ""tanh"", ""tanh"", ""swish"", ""swish"", ""swish""]]",3,25,187,False
b3ec7ca107e2,"[[""tanh"", ""tanh"", ""tanh"", ""tanh"", ""tanh"", ""tanh"", ""swish"", ""swish"", ""swish""], [""tanh"", ""tanh"", ""tanh"", ""tanh"", ""tanh"", ""swish"", ""swish""], [""tanh"", ""tanh"", ""tanh"", ""tanh"", ""tanh"", ""swish"", ""swish"", ""swish""]]",3,24,170,False
d6c8ea0673ef,"[[""tanh"", ""tanh"", ""tanh"", ""tanh"", ""tanh"", ""tanh"", ""tanh"", ""tanh"", ""tanh"", ""swish"", ""swish"", ""swish"", ""swish"", ""linear""], [""tanh"", ""tanh"", ""tanh"", ""tanh"", ""tanh"", ""tanh"", ""tanh"", ""swish"", ""swish"", ""swish"", ""linear""], [""tanh"", ""tanh"", ""tanh"", ""tanh"", ""tanh"", ""tanh"", ""tanh"", ""tanh"", ""swish"", ""swish"", ""swish"", ""linear""]]",3,37,364,False
466932100d74,"[[""tanh"", ""tanh"", ""tanh"", ""tanh"", ""tanh"", ""tanh"", ""tanh"", ""tanh"", ""tanh"", ""swish"", ""swish"", ""swish"", ""swish"", ""linear""], [""tanh"", ""tanh"", ""tanh"", ""tanh"", ""tanh"", ""tanh"", ""tanh"", ""tanh"", ""swish"", ""swish"", ""swish"", ""linear""], [""tanh"", ""tanh"", ""tanh"", ""tanh"", ""swish"", ""swish""]]",3,32,307,False
e31758615bde,"[[""tanh"", ""tanh"", ""tanh"", ""tanh"", ""tanh"", ""tanh"", ""tanh"", ""tanh"", ""tanh"", ""tanh"", ""swish"", ""swish"", ""swish"", ""swish"", ""swish"", ""linear""], [""tanh"", ""tanh"", ""tanh"", ""tanh"", ""tanh"", ""tanh"", ""tanh"", ""tanh"", ""tanh"", ""swish"", ""swish"", ""swish"", ""swish"", ""linear""], [""tanh"", ""tanh"", ""tanh"", ""tanh"", ""tanh"", ""tanh"", ""tanh"", ""tanh"", ""tanh"", ""tanh"", ""swish"", ""swish"", ""swish"", ""swish"", ""swish"", ""linear""]]",3,46,543,False
3d3b85737f4d,"[[""tanh"", ""tanh"", ""tanh"", ""tanh"", ""tanh"", ""swish"", ""swish"", ""swish""], [""tanh"", ""tanh"", ""tanh"", ""tanh"", ""tanh"", ""tanh"", ""tanh"", ""tanh"", ""tanh"", ""tanh"", ""swish"", ""swish"", ""swish"", ""swish"", ""linear""], [""tanh"", ""tanh"", ""tanh"", ""tanh"", ""tanh"", ""tanh"", ""tanh"", ""tanh"", ""tanh"", ""tanh"", ""swish"", ""swish"", ""swish"", ""swish"", ""swish"", ""linear""]]",3,39,432,False
d8ab4a6e1020,"[[""tanh"", ""tanh"", ""tanh"", ""tanh"", ""tanh"", ""swish"", ""swish"", ""swish""], [""tanh"", ""tanh"", ""tanh"", ""tanh"", ""swish"", ""swish""], [""tanh"", ""tanh"", ""tanh"", ""tanh"", ""tanh"", ""tanh"", ""tanh"", ""tanh"", ""swish"", ""swish"", ""swish"", ""swish"", ""linear""]]",3,27,183,False
474a85de7d38,"[[""tanh"", ""tanh"", ""tanh"", ""tanh"", ""swish"", ""swish""], [""tanh"", ""tanh"", ""tanh"", ""tanh"", ""tanh"", ""tanh"", ""tanh"", ""tanh"", ""tanh"", ""swish"", ""swish"", ""swish"", ""swish"", ""linear""], [""tanh"", ""tanh"", ""tanh"", ""tanh"", ""tanh"", ""swish"", ""swish""]]",3,27,229,False
ad0cb3fe9eb3,"[[""tanh"", ""tanh"", ""tanh"", ""tanh"", ""tanh"", ""tanh"", ""tanh"", ""tanh"", ""tanh"", ""tanh"", ""swish"", ""swish"", ""swish"", ""swish"", ""swish"", ""linear""], [""tanh"", ""tanh"", ""tanh"", ""tanh"", ""tanh"", ""tanh"", ""tanh"", ""tanh"", ""swish"", ""swish"", ""swish"", ""swish"", ""linear""], [""tanh"", ""tanh"", ""tanh"", ""tanh"", ""tanh"", ""tanh"", ""tanh"", ""tanh"", ""tanh"", ""tanh"", ""swish"", ""swish"", ""swish"", ""swish"", ""linear""]]",3,44,495,False
5906758e10d4,"[[""tanh"", ""tanh"", ""tanh"", ""tanh"", ""tanh"", ""tanh"", ""swish"", ""swish"", ""swish"", ""linear""], [""tanh"", ""tanh"", ""tanh"", ""tanh"", ""tanh"", ""tanh"", ""tanh"", ""swish"", ""swish"", ""swish"", ""linear""], [""tanh"", ""tanh"", ""tanh"", ""tanh"", ""tanh"", ""tanh"", ""swish"", ""swish"", ""swish"", ""linear""]]",3,31,282,False
0953c5831779,"[[""tanh"", ""tanh"", ""tanh"", ""tanh"", ""tanh"", ""tanh"", ""tanh"", ""tanh"", ""swish"", ""swish"", ""swish"", ""swish"", ""linear""], [""tanh"", ""tanh"", ""tanh"", ""tanh"", ""tanh"", ""tanh"", ""tanh"", ""tanh"", ""tanh"", ""swish"", ""swish"", ""swish"", ""swish"", ""linear""], [""tanh"", ""tanh"", ""tanh"", ""tanh"", ""tanh"", ""tanh"", ""tanh"", ""tanh"", ""tanh"", ""tanh"", ""swish"", ""swish"", ""swish"", ""swish"", ""swish"", ""linear""]]",3,43,492,False
5c191e4a16c5,"[[""tanh"", ""tanh"", ""tanh"", ""tanh"", ""tanh"", ""tanh"", ""tanh"", ""tanh"", ""tanh"", ""swish"", ""swish"", ""swish"", ""swish"", ""linear""], [""tanh"", ""tanh"", ""tanh"", ""tanh"", ""tanh"", ""tanh"", ""tanh"", ""tanh"", ""swish"", ""swish"", ""swish"", ""linear""], [""tanh"", ""tanh"", ""tanh"", ""tanh"", ""tanh"", ""tanh"", ""tanh"", ""tanh"", ""swish"", ""swish"", ""swish"", ""linear""]]",3,38,391,False
9d7d35e24d3f,"[[""tanh"", ""tanh"", ""tanh"", ""tanh"", ""tanh"", ""tanh"", ""tanh"", ""tanh"", ""swish"", ""swish"", ""swish"", ""linear""], [""tanh"", ""tanh"", ""tanh"", ""tanh"", ""tanh"", ""tanh"", ""swish"", ""swish"", ""swish"", ""linear""], [""tanh"", ""tanh"", ""tanh"", ""tanh"", ""tanh"", ""tanh"", ""tanh"", ""tanh"", ""tanh"", ""swish"", ""swish"", ""swish"", ""swish"", ""linear""]]",3,36,335,False
38f26232207f,"[[""tanh"", ""tanh"", ""tanh"", ""tanh"", ""tanh"", ""tanh"", ""tanh"", ""tanh"", ""tanh"", ""swish"", ""swish"", ""swish"", ""swish"", ""linear""], [""tanh"", ""tanh"", ""tanh"", ""tanh"", ""tanh"", ""tanh"", ""tanh"", ""tanh"", ""tanh"", ""swish"", ""swish"", ""swish"", ""swish"", ""linear""], [""tanh"", ""tanh"", ""tanh"", ""tanh"", ""tanh"", ""tanh"", ""tanh"", ""tanh"", ""tanh"", ""swish"", ""swish"", ""swish"", ""swish"", ""linear""]]",3,42,477,False
7490ee2d995c,"[[""tanh"", ""tanh"", ""tanh"", ""tanh"", ""tanh"", ""tanh"", ""tanh"", ""swish"", ""swish"", ""swish"", ""linear""], [""tanh"", ""tanh"", ""tanh"", ""tanh"", ""tanh"", ""swish"", ""swish""], [""tanh"", ""tanh"", ""tanh"", ""tanh"", ""tanh"", ""tanh"", ""tanh"", ""tanh"", ""swish"", ""swish"", ""swish"", ""swish"", ""linear""]]",3,31,235,False
31fc26378c13,"[[""tanh"", ""tanh"", ""tanh"", ""tanh"", ""tanh"", ""tanh"", ""tanh"", ""tanh"", ""swish"", ""swish"", ""swish"", ""linear""], [""tanh"", ""tanh"", ""tanh"", ""tanh"", ""tanh"", ""tanh"", ""swish"", ""swish"", ""swish"", ""linear""], [""tanh"", ""tanh"", ""tanh"", ""tanh"", ""tanh"", ""tanh"", ""tanh"", ""tanh"", ""swish"", ""swish"", ""swish"", ""swish"", ""linear""]]",3,35,323,False
f74eff8e8cd3,"[[""tanh"", ""tanh"", ""tanh"", ""tanh"", ""tanh"", ""tanh"", ""tanh"", ""tanh"", ""swish"", ""swish"", ""swish"", ""linear""], [""tanh"", ""tanh"", ""tanh"", ""tanh"", ""tanh"", ""swish"", ""swish""], [""tanh"", ""tanh"", ""tanh"", ""tanh"", ""tanh"", ""swish"", ""swish"", ""swish""]]",3,27,200,False
288baab64621,"[[""tanh"", ""tanh"", ""tanh"", ""tanh"", ""tanh"", ""swish"", ""swish"", ""swish""], [""tanh"", ""tanh"", ""tanh"", ""tanh"", ""tanh"", ""tanh"", ""tanh"", ""tanh"", ""tanh"", ""tanh"", ""swish"", ""swish"", ""swish"", ""swish"", ""linear""], [""tanh"", ""tanh"", ""tanh"", ""tanh"", ""tanh"", ""tanh"", ""tanh"", ""tanh"", ""tanh"", ""tanh"", ""swish"", ""swish"", ""swish"", ""swish"", ""linear""]]",3,38,415,False
5877bc983aed,"[[""tanh"", ""tanh"", ""tanh"", ""tanh"", ""tanh"", ""tanh"", ""swish"", ""swish"", ""swish"", ""linear""], [""tanh"", ""tanh"", ""tanh"", ""tanh"", ""tanh"", ""tanh"", ""swish"", ""swish"", ""swish"", ""linear""], [""tanh"", ""tanh"", ""tanh"", ""tanh"", ""tanh"", ""tanh"", ""tanh"", ""swish"", ""swish"", ""swish"", ""linear""]]",3,31,273,False
1d0a01b20252,"[[""tanh"", ""tanh"", ""tanh"", ""tanh"", ""swish"", ""swish""], [""tanh"", ""tanh"", ""tanh"", ""tanh"", ""tanh"", ""tanh"", ""tanh"", ""tanh"", ""tanh"", ""swish"", ""swish"", ""swish"", ""swish"", ""linear""], [""tanh"", ""tanh"", ""tanh"", ""tanh"", ""swish"", ""swish""]]",3,26,213,False
225d7ae2b62b,"[[""tanh"", ""tanh"", ""tanh"", ""tanh"", ""swish"", ""swish""], [""tanh"", ""tanh"", ""tanh"", ""tanh"", ""tanh"", ""tanh"", ""tanh"", ""tanh"", ""swish"", ""swish"", ""swish"", ""linear""], [""tanh"", ""tanh"", ""tanh"", ""tanh"", ""tanh"", ""tanh"", ""tanh"", ""tanh"", ""swish"", ""swish"", ""swish"", ""swish"", ""linear""]]",3,31,285,False
a5939cde1d2d,"[[""tanh"", ""tanh"", ""tanh"", ""tanh"", ""swish"", ""swish""], [""tanh"", ""tanh"", ""tanh"", ""tanh"", ""tanh"", ""tanh"", ""tanh"", ""swish"", ""swish"", ""swish"", ""linear""], [""tanh"", ""tanh"", ""tanh"", ""tanh"", ""tanh"", ""tanh"", ""swish"", ""swish"", ""swish""]]",3,26,213,False
081db44d5e9e,"[[""tanh"", ""tanh"", ""tanh"", ""tanh"", ""tanh"", ""tanh"", ""tanh"", ""tanh"", ""tanh"", ""tanh"", ""swish"", ""swish"", ""swish"", ""swish"", ""linear""], [""tanh"", ""tanh"", ""tanh"", ""tanh"", ""tanh"", ""tanh"", ""tanh"", ""tanh"", ""tanh"", ""tanh"", ""swish"", ""swish"", ""swish"", ""swish"", ""swish"", ""linear""], [""tanh"", ""tanh"", ""tanh"", ""tanh"", ""tanh"", ""tanh"", ""tanh"", ""tanh"", ""swish"", ""swish"", ""swish"", ""linear""]]",3,43,518,False
3596b1264c4a,"[[""tanh"", ""tanh"", ""tanh"", ""tanh"", ""tanh"", ""tanh"", ""swish"", ""swish"", ""swish"", ""linear""], [""tanh"", ""tanh"", ""tanh"", ""tanh"", ""tanh"", ""tanh"", ""tanh"", ""tanh"", ""tanh"", ""swish"", ""swish"", ""swish"", ""swish"", ""linear""], [""tanh"", ""tanh"", ""tanh"", ""tanh"", ""tanh"", ""tanh"", ""swish"", ""swish"", ""swish"", ""linear""]]",3,34,345,False
73bf245ce82f,"[[""tanh"", ""tanh"", ""tanh"", ""tanh"", ""tanh"", ""tanh"", ""tanh"", ""tanh"", ""swish"", ""swish"", ""swish"", ""linear""], [""tanh"", ""tanh"", ""tanh"", ""tanh"", ""tanh"", ""swish"", ""swish""], [""tanh"", ""tanh"", ""tanh"", ""tanh"", ""tanh"", ""tanh"", ""tanh"", ""tanh"", ""tanh"", ""swish"", ""swish"", ""swish"", ""swish"", ""linear""]]",3,33,254,False
775fc3ff1b1c,"[[""tanh"", ""tanh"", ""tanh"", ""tanh"", ""tanh"", ""tanh"", ""tanh"", ""tanh"", ""tanh"", ""tanh"", ""swish"", ""swish"", ""swish"", ""swish"", ""swish"", ""linear""], [""tanh"", ""tanh"", ""tanh"", ""tanh"", ""tanh"", ""tanh"", ""swish"", ""swish"", ""swish""], [""tanh"", ""tanh"", ""tanh"", ""tanh"", ""tanh"", ""tanh"", ""tanh"", ""tanh"", ""swish"", ""swish"", ""swish"", ""linear""]]",3,37,334,False
bae64425d479,"[[""tanh"", ""tanh"", ""tanh"", ""tanh"", ""tanh"", ""tanh"", ""tanh"", ""tanh"", ""tanh"", ""tanh"", ""swish"", ""swish"", ""swish"", ""swish"", ""swish"", ""linear""], [""tanh"", ""tanh"", ""tanh"", ""tanh"", ""tanh"", ""swish"", ""swish""], [""tanh"", ""tanh"", ""tanh"", ""tanh"", ""tanh"", ""swish"", ""swish"", ""swish""]]",3,31,240,False
6630bc015801,"[[""tanh"", ""tanh"", ""tanh"", ""tanh"", ""tanh"", ""tanh"", ""tanh"", ""tanh"", ""tanh"", ""tanh"", ""swish"", ""swish"", ""swish"", ""swish"", ""swish"", ""linear""], [""tanh"", ""tanh"", ""tanh"", ""tanh"", ""swish"", ""swish""], [""tanh"", ""tanh"", ""tanh"", ""tanh"", ""tanh"", ""tanh"", ""tanh"", ""tanh"", ""swish"", ""swish"", ""swish"", ""linear""]]",3,34,247,False
b9f923df0291,"[[""tanh"", ""tanh"", ""tanh"", ""tanh"", ""swish"", ""swish""], [""tanh"", ""tanh"", ""tanh"", ""tanh"", ""swish"", ""swish""], [""tanh"", ""tanh"", ""tanh"", ""tanh"", ""tanh"", ""tanh"", ""tanh"", ""tanh"", ""swish"", ""swish"", ""swish"", ""swish"", ""linear""]]",3,25,165,False
d95d171aa786,"[[""tanh"", ""tanh"", ""tanh"", ""tanh"", ""tanh"", ""tanh"", ""tanh"", ""tanh"", ""tanh"", ""swish"", ""swish"", ""swish"", ""swish"", ""linear""], [""tanh"", ""tanh"", ""tanh"", ""tanh"", ""tanh"", ""swish"", ""swish""], [""tanh"", ""tanh"", ""tanh"", ""tanh"", ""tanh"", ""tanh"", ""tanh"", ""tanh"", ""tanh"", ""swish"", ""swish"", ""swish"", ""swish"", ""linear""]]",3,35,274,False
926dcfe20eaf,"[[""tanh"", ""tanh"", ""tanh"", ""tanh"", ""tanh"", ""tanh"", ""swish"", ""swish"", ""swish"", ""linear""], [""tanh"", ""tanh"", ""tanh"", ""tanh"", ""tanh"", ""tanh"", ""tanh"", ""swish"", ""swish"", ""swish"", ""linear""], [""tanh"", ""tanh"", ""tanh"", ""tanh"", ""tanh"", ""tanh"", ""tanh"", ""swish"", ""swish"", ""swish"", ""linear""]]",3,32,295,False
623ccd600ca8,"[[""tanh"", ""tanh"", ""tanh"", ""tanh"", ""tanh"", ""swish"", ""swish""], [""tanh"", ""tanh"", ""tanh"", ""tanh"", ""tanh"", ""tanh"", ""tanh"", ""tanh"", ""tanh"", ""swish"", ""swish"", ""swish"", ""swish"", ""linear""], [""tanh"", ""tanh"", ""tanh"", ""tanh"", ""tanh"", ""tanh"", ""tanh"", ""tanh"", ""swish"", ""swish"", ""swish"", ""linear""]]",3,33,326,False
d524039f65a9,"[[""tanh"", ""tanh"", ""tanh"", ""tanh"", ""tanh"", ""swish"", ""swish"", ""swish""], [""tanh"", ""tanh"", ""tanh"", ""tanh"", ""tanh"", ""tanh"", ""tanh"", ""swish"", ""swish"", ""swish"", ""linear""], [""tanh"", ""tanh"", ""tanh"", ""tanh"", ""tanh"", ""tanh"", ""tanh"", ""tanh"", ""swish"", ""swish"", ""swish"", ""swish"", ""linear""]]",3,32,293,False
18db51652c72,"[[""tanh"", ""tanh"", ""tanh"", ""tanh"", ""tanh"", ""tanh"", ""tanh"", ""tanh"", ""swish"", ""swish"", ""swish"", ""linear""], [""tanh"", ""tanh"", ""tanh"", ""tanh"", ""tanh"", ""tanh"", ""tanh"", ""tanh"", ""tanh"", ""tanh"", ""swish"", ""swish"", ""swish"", ""swish"", ""swish"", ""linear""], [""tanh"", ""tanh"", ""tanh"", ""tanh"", ""tanh"", ""tanh"", ""tanh"", ""swish"", ""swish"", ""swish"", ""linear""]]",3,39,443,False
0f450b88f841,"[[""tanh"", ""tanh"", ""tanh"", ""tanh"", ""tanh"", ""swish"", ""swish""], [""tanh"", ""tanh"", ""tanh"", ""tanh"", ""tanh"", ""tanh"", ""tanh"", ""tanh"", ""swish"", ""swish"", ""swish"", ""swish"", ""linear""], [""tanh"", ""tanh"", ""tanh"", ""tanh"", ""swish"", ""swish""]]",3,26,216,False
aac6349006c1,"[[""tanh"", ""tanh"", ""tanh"", ""tanh"", ""tanh"", ""tanh"", ""tanh"", ""tanh"", ""swish"", ""swish"", ""swish"", ""swish"", ""linear""], [""tanh"", ""tanh"", ""tanh"", ""tanh"", ""tanh"", ""tanh"", ""swish"", ""swish"", ""swish""], [""tanh"", ""tanh"", ""tanh"", ""tanh"", ""tanh"", ""tanh"", ""tanh"", ""swish"", ""swish"", ""swish"", ""linear""]]",3,33,287,False
cacc4dc466d1,"[[""tanh"", ""tanh"", ""tanh"", ""tanh"", ""tanh"", ""tanh"", ""tanh"", ""tanh"", ""tanh"", ""tanh"", ""swish"", ""swish"", ""swish"", ""swish"", ""linear""], [""tanh"", ""tanh"", ""tanh"", ""tanh"", ""tanh"", ""tanh"", ""tanh"", ""tanh"", ""tanh"", ""swish"", ""swish"", ""swish"", ""swish"", ""linear""], [""tanh"", ""tanh"", ""tanh"", ""tanh"", ""tanh"", ""tanh"", ""tanh"", ""tanh"", ""swish"", ""swish"", ""swish"", ""linear""]]",3,41,462,False
8d580dcb2e06,"[[""tanh"", ""tanh"", ""tanh"", ""tanh"", ""tanh"", ""tanh"", ""tanh"", ""swish"", ""swish"", ""swish"", ""linear""], [""tanh"", ""tanh"", ""tanh"", ""tanh"", ""tanh"", ""tanh"", ""tanh"", ""tanh"", ""tanh"", ""tanh"", ""swish"", ""swish"", ""swish"", ""swish"", ""swish"", ""linear""], [""tanh"", ""tanh"", ""tanh"", ""tanh"", ""tanh"", ""tanh"", ""swish"", ""swish"", ""swish"", ""linear""]]",3,37,406,False
0afb6a64f8ba,"[[""tanh"", ""tanh"", ""tanh"", ""tanh"", ""tanh"", ""tanh"", ""swish"", ""swish"", ""swish"", ""linear""], [""tanh"", ""tanh"", ""tanh"", ""tanh"", ""tanh"", ""tanh"", ""tanh"", ""tanh"", ""swish"", ""swish"", ""swish"", ""linear""], [""tanh"", ""tanh"", ""tanh"", ""tanh"", ""tanh"", ""tanh"", ""tanh"", ""tanh"", ""tanh"", ""tanh"", ""swish"", ""swish"", ""swish"", ""swish"", ""swish"", ""linear""]]",3,38,387,False
925bb80c30c9,"[[""tanh"", ""tanh"", ""tanh"", ""tanh"", ""tanh"", ""tanh"", ""tanh"", ""tanh"", ""swish"", ""swish"", ""swish"", ""linear""], [""tanh"", ""tanh"", ""tanh"", ""tanh"", ""tanh"", ""tanh"", ""swish"", ""swish"", ""swish"", ""linear""], [""tanh"", ""tanh"", ""tanh"", ""tanh"", ""tanh"", ""tanh"", ""tanh"", ""tanh"", ""tanh"", ""tanh"", ""swish"", ""swish"", ""swish"", ""swish"", ""swish"", ""linear""]]",3,38,359,False
80992e401065,"[[""tanh"", ""tanh"", ""tanh"", ""tanh"", ""swish"", ""swish""], [""tanh"", ""tanh"", ""tanh"", ""tanh"", ""tanh"", ""tanh"", ""tanh"", ""tanh"", ""tanh"", ""tanh"", ""swish"", ""swish"", ""swish"", ""swish"", ""swish"", ""linear""], [""tanh"", ""tanh"", ""tanh"", ""tanh"", ""tanh"", ""tanh"", ""tanh"", ""tanh"", ""swish"", ""swish"", ""swish"", ""linear""]]",3,34,347,False
b8dfa41dc4d2,"[[""tanh"", ""tanh"", ""tanh"", ""tanh"", ""tanh"", ""tanh"", ""tanh"", ""tanh"", ""tanh"", ""swish"", ""swish"", ""swish"", ""swish"", ""linear""], [""tanh"", ""tanh"", ""tanh"", ""tanh"", ""tanh"", ""tanh"", ""tanh"", ""tanh"", ""swish"", ""swish"", ""swish"", ""linear""], [""tanh"", ""tanh"", ""tanh"", ""tanh"", ""tanh"", ""tanh"", ""tanh"", ""tanh"", ""tanh"", ""tanh"", ""swish"", ""swish"", ""swish"", ""swish"", ""linear""]]",3,41,433,False
b46a5135bd12,"[[""tanh"", ""tanh"", ""tanh"", ""tanh"", ""tanh"", ""tanh"", ""tanh"", ""tanh"", ""tanh"", ""swish"", ""swish"", ""swish"", ""swish"", ""linear""], [""tanh"", ""tanh"", ""tanh"", ""tanh"", ""swish"", ""swish""], [""tanh"", ""tanh"", ""tanh"", ""tanh"", ""tanh"", ""tanh"", ""tanh"", ""tanh"", ""swish"", ""swish"", ""swish"", ""linear""]]",3,32,229,False
d58a4e9b91f7,"[[""tanh"", ""tanh"", ""tanh"", ""tanh"", ""tanh"", ""tanh"", ""tanh"", ""swish"", ""swish"", ""swish"", ""linear""], [""tanh"", ""tanh"", ""tanh"", ""tanh"", ""tanh"", ""swish"", ""swish""], [""tanh"", ""tanh"", ""tanh"", ""tanh"", ""tanh"", ""tanh"", ""swish"", ""swish"", ""swish""]]",3,27,199,False
3c9dd9cd9c50,"[[""tanh"", ""tanh"", ""tanh"", ""tanh"", ""swish"", ""swish""], [""tanh"", ""tanh"", ""tanh"", ""tanh"", ""tanh"", ""tanh"", ""swish"", ""swish"", ""swish"", ""linear""], [""tanh"", ""tanh"", ""tanh"", ""tanh"", ""tanh"", ""tanh"", ""tanh"", ""tanh"", ""tanh"", ""tanh"", ""swish"", ""swish"", ""swish"", ""swish"", ""swish"", ""linear""]]",3,32,281,False
551042b59e67,"[[""tanh"", ""tanh"", ""tanh"", ""tanh"", ""tanh"", ""tanh"", ""tanh"", ""tanh"", ""tanh"", ""tanh"", ""swish"", ""swish"", ""swish"", ""swish"", ""linear""], [""tanh"", ""tanh"", ""tanh"", ""tanh"", ""tanh"", ""tanh"", ""tanh"", ""swish"", ""swish"", ""swish"", ""linear""], [""tanh"", ""tanh"", ""tanh"", ""tanh"", ""tanh"", ""tanh"", ""tanh"", ""swish"", ""swish"", ""swish"", ""linear""]]",3,37,365,False
b09c3669cb73,"[[""tanh"", ""tanh"", ""tanh"", ""tanh"", ""tanh"", ""tanh"", ""tanh"", ""tanh"", ""tanh"", ""tanh"", ""swish"", ""swish"", ""swish"", ""swish"", ""linear""], [""tanh"", ""tanh"", ""tanh"", ""tanh"", ""tanh"", ""tanh"", ""tanh"", ""swish"", ""swish"", ""swish"", ""linear""], [""tanh"", ""tanh"", ""tanh"", ""tanh"", ""tanh"", ""tanh"", ""tanh"", ""tanh"", ""swish"", ""swish"", ""swish"", ""linear""]]",3,38,378,False
72af5af8dba4,"[[""tanh"", ""tanh"", ""tanh"", ""tanh"", ""swish"", ""swish""], [""tanh"", ""tanh"", ""tanh"", ""tanh"", ""tanh"", ""swish"", ""swish""], [""tanh"", ""tanh"", ""tanh"", ""tanh"", ""tanh"", ""tanh"", ""swish"", ""swish"", ""swish""]]",3,22,149,False
01e600cf75bb,"[[""tanh"", ""tanh"", ""tanh"", ""tanh"", ""swish"", ""swish""], [""tanh"", ""tanh"", ""tanh"", ""tanh"", ""tanh"", ""tanh"", ""tanh"", ""tanh"", ""tanh"", ""swish"", ""swish"", ""swish"", ""swish"", ""linear""], [""tanh"", ""tanh"", ""tanh"", ""tanh"", ""tanh"", ""tanh"", ""tanh"", ""tanh"", ""swish"", ""swish"", ""swish"", ""linear""]]",3,32,309,False
9a54061675db,"[[""tanh"", ""tanh"", ""tanh"", ""tanh"", ""tanh"", ""tanh"", ""tanh"", ""tanh"", ""swish"", ""swish"", ""swish"", ""linear""], [""tanh"", ""tanh"", ""tanh"", ""tanh"", ""swish"", ""swish""], [""tanh"", ""tanh"", ""tanh"", ""tanh"", ""tanh"", ""tanh"", ""tanh"", ""tanh"", ""tanh"", ""tanh"", ""swish"", ""swish"", ""swish"", ""swish"", ""linear""]]",3,33,235,False
b395398e5afd,"[[""tanh"", ""tanh"", ""tanh"", ""tanh"", ""tanh"", ""tanh"", ""tanh"", ""tanh"", ""swish"", ""swish"", ""swish"", ""swish"", ""linear""], [""tanh"", ""tanh"", ""tanh"", ""tanh"", ""tanh"", ""swish"", ""swish"", ""swish""], [""tanh"", ""tanh"", ""tanh"", ""tanh"", ""tanh"", ""swish"", ""swish""]]",3,28,222,False
410a8d02b777,"[[""tanh"", ""tanh"", ""tanh"", ""tanh"", ""tanh"", ""tanh"", ""tanh"", ""tanh"", ""swish"", ""swish"", ""swish"", ""swish"", ""linear""], [""tanh"", ""tanh"", ""tanh"", ""tanh"", ""tanh"", ""tanh"", ""tanh"", ""tanh"", ""tanh"", ""swish"", ""swish"", ""swish"", ""swish"", ""linear""], [""tanh"", ""tanh"", ""tanh"", ""tanh"", ""tanh"", ""tanh"", ""swish"", ""swish"", ""swish""]]",3,36,380,False
bfa92be11a27,"[[""tanh"", ""tanh"", ""tanh"", ""tanh"", ""tanh"", ""tanh"", ""tanh"", ""tanh"", ""swish"", ""swish"", ""swish"", ""swish"", ""linear""], [""tanh"", ""tanh"", ""tanh"", ""tanh"", ""swish"", ""swish""], [""tanh"", ""tanh"", ""tanh"", ""tanh"", ""tanh"", ""tanh"", ""tanh"", ""tanh"", ""swish"", ""swish"", ""swish"", ""swish"", ""linear""]]",3,32,228,False
14c497052d40,"[[""tanh"", ""tanh"", ""tanh"", ""tanh"", ""tanh"", ""tanh"", ""tanh"", ""tanh"", ""tanh"", ""tanh"", ""swish"", ""swish"", ""swish"", ""swish"", ""swish"", ""linear""], [""tanh"", ""tanh"", ""tanh"", ""tanh"", ""tanh"", ""tanh"", ""tanh"", ""tanh"", ""swish"", ""swish"", ""swish"", ""swish"", ""linear""], [""tanh"", ""tanh"", ""tanh"", ""tanh"", ""tanh"", ""tanh"", ""tanh"", ""tanh"", ""tanh"", ""tanh"", ""swish"", ""swish"", ""swish"", ""swish"", ""swish"", ""linear""]]",3,45,510,False
410b46cab901,"[[""tanh"", ""tanh"", ""tanh"", ""tanh"", ""tanh"", ""tanh"", ""swish"", ""swish"", ""swish""], [""tanh"", ""tanh"", ""tanh"", ""tanh"", ""swish"", ""swish""], [""tanh"", ""tanh"", ""tanh"", ""tanh"", ""tanh"", ""tanh"", ""tanh"", ""swish"", ""swish"", ""swish"", ""linear""]]",3,26,176,False
ea6e45899dd4,"[[""tanh"", ""tanh"", ""tanh"", ""tanh"", ""tanh"", ""swish"", ""swish"", ""swish""], [""tanh"", ""tanh"", ""tanh"", ""tanh"", ""swish"", ""swish""], [""tanh"", ""tanh"", ""tanh"", ""tanh"", ""tanh"", ""tanh"", ""tanh"", ""tanh"", ""tanh"", ""tanh"", ""swish"", ""swish"", ""swish"", ""swish"", ""swish"", ""linear""]]",3,30,207,False
ba38b8b578e3,"[[""tanh"", ""tanh"", ""tanh"", ""tanh"", ""tanh"", ""tanh"", ""tanh"", ""swish"", ""swish"", ""swish"", ""linear""], [""tanh"", ""tanh"", ""tanh"", ""tanh"", ""tanh"", ""tanh"", ""swish"", ""swish"", ""swish""], [""tanh"", ""tanh"", ""tanh"", ""tanh"", ""tanh"", ""tanh"", ""tanh"", ""tanh"", ""tanh"", ""tanh"", ""swish"", ""swish"", ""swish"", ""swish"", ""swish"", ""linear""]]",3,36,318,False
dd88106b4667,"[[""tanh"", ""tanh"", ""tanh"", ""tanh"", ""tanh"", ""tanh"", ""tanh"", ""tanh"", ""tanh"", ""swish"", ""swish"", ""swish"", ""swish"", ""linear""], [""tanh"", ""tanh"", ""tanh"", ""tanh"", ""tanh"", ""swish"", ""swish""], [""tanh"", ""tanh"", ""tanh"", ""tanh"", ""tanh"", ""tanh"", ""tanh"", ""tanh"", ""tanh"", ""tanh"", ""swish"", ""swish"", ""swish"", ""swish"", ""linear""]]",3,36,283,False
1879dfeb8071,"[[""tanh"", ""tanh"", ""tanh"", ""tanh"", ""tanh"", ""tanh"", ""swish"", ""swish"", ""swish""], [""tanh"", ""tanh"", ""tanh"", ""tanh"", ""tanh"", ""swish"", ""swish""], [""tanh"", ""tanh"", ""tanh"", ""tanh"", ""tanh"", ""tanh"", ""tanh"", ""tanh"", ""tanh"", ""swish"", ""swish"", ""swish"", ""swish"", ""linear""]]",3,30,224,False
f36213cd2b14,"[[""tanh"", ""tanh"", ""tanh"", ""tanh"", ""tanh"", ""tanh"", ""tanh"", ""tanh"", ""swish"", ""swish"", ""swish"", ""swish"", ""linear""], [""tanh"", ""tanh"", ""tanh"", ""tanh"", ""swish"", ""swish""], [""tanh"", ""tanh"", ""tanh"", ""tanh"", ""tanh"", ""swish"", ""swish"", ""swish""]]",3,27,188,False
fef8aed7919b,"[[""tanh"", ""tanh"", ""tanh"", ""tanh"", ""tanh"", ""tanh"", ""tanh"", ""tanh"", ""tanh"", ""tanh"", ""swish"", ""swish"", ""swish"", ""swish"", ""linear""], [""tanh"", ""tanh"", ""tanh"", ""tanh"", ""tanh"", ""swish"", ""swish"", ""swish""], [""tanh"", ""tanh"", ""tanh"", ""tanh"", ""tanh"", ""tanh"", ""tanh"", ""tanh"", ""swish"", ""swish"", ""swish"", ""linear""]]",3,35,294,False
f575a02c2f59,"[[""tanh"", ""tanh"", ""tanh"", ""tanh"", ""swish"", ""swish""], [""tanh"", ""tanh"", ""tanh"", ""tanh"", ""tanh"", ""tanh"", ""swish"", ""swish"", ""swish""], [""tanh"", ""tanh"", ""tanh"", ""tanh"", ""tanh"", ""tanh"", ""tanh"", ""tanh"", ""swish"", ""swish"", ""swish"", ""linear""]]",3,27,214,False
fcc02e68cf2e,"[[""tanh"", ""tanh"", ""tanh"", ""tanh"", ""tanh"", ""tanh"", ""tanh"", ""tanh"", ""swish"", ""swish"", ""swish"", ""linear""], [""tanh"", ""tanh"", ""tanh"", ""tanh"", ""tanh"", ""tanh"", ""tanh"", ""tanh"", ""tanh"", ""tanh"", ""swish"", ""swish"", ""swish"", ""swish"", ""linear""], [""tanh"", ""tanh"", ""tanh"", ""tanh"", ""tanh"", ""swish"", ""swish""]]",3,34,351,False
ba6f4c0082f9,"[[""tanh"", ""tanh"", ""tanh"", ""tanh"", ""tanh"", ""tanh"", ""swish"", ""swish"", ""swish"", ""linear""], [""tanh"", ""tanh"", ""tanh"", ""tanh"", ""tanh"", ""tanh"", ""swish"", ""swish"", ""swish""], [""tanh"", ""tanh"", ""tanh"", ""tanh"", ""tanh"", ""tanh"", ""tanh"", ""tanh"", ""tanh"", ""tanh"", ""swish"", ""swish"", ""swish"", ""swish"", ""swish"", ""linear""]]",3,35,306,False
e2ac61e9991e,"[[""tanh"", ""tanh"", ""tanh"", ""tanh"", ""tanh"", ""tanh"", ""tanh"", ""tanh"", ""tanh"", ""tanh"", ""swish"", ""swish"", ""swish"", ""swish"", ""linear""], [""tanh"", ""tanh"", ""tanh"", ""tanh"", ""tanh"", ""tanh"", ""swish"", ""swish"", ""swish""], [""tanh"", ""tanh"", ""tanh"", ""tanh"", ""tanh"", ""tanh"", ""tanh"", ""tanh"", ""tanh"", ""tanh"", ""swish"", ""swish"", ""swish"", ""swish"", ""linear""]]",3,39,355,False
68d7abeff261,"[[""tanh"", ""tanh"", ""tanh"", ""tanh"", ""tanh"", ""swish"", ""swish""], [""tanh"", ""tanh"", ""tanh"", ""tanh"", ""tanh"", ""tanh"", ""swish"", ""swish"", ""swish"", ""linear""], [""tanh"", ""tanh"", ""tanh"", ""tanh"", ""tanh"", ""tanh"", ""tanh"", ""swish"", ""swish"", ""swish"", ""linear""]]",3,28,234,False
ed56c766fbf4,"[[""tanh"", ""tanh"", ""tanh"", ""tanh"", ""tanh"", ""tanh"", ""tanh"", ""tanh"", ""tanh"", ""tanh"", ""swish"", ""swish"", ""swish"", ""swish"", ""linear""], [""tanh"", ""tanh"", ""tanh"", ""tanh"", ""tanh"", ""tanh"", ""swish"", ""swish"", ""swish"", ""linear""], [""tanh"", ""tanh"", ""tanh"", ""tanh"", ""tanh"", ""tanh"", ""tanh"", ""tanh"", ""tanh"", ""tanh"", ""swish"", ""swish"", ""swish"", ""swish"", ""linear""]]",3,40,386,False
0ab5388108df,"[[""tanh"", ""tanh"", ""tanh"", ""tanh"", ""tanh"", ""tanh"", ""tanh"", ""tanh"", ""tanh"", ""tanh"", ""swish"", ""swish"", ""swish"", ""swish"", ""linear""], [""tanh"", ""tanh"", ""tanh"", ""tanh"", ""tanh"", ""tanh"", ""swish"", ""swish"", ""swish""], [""tanh"", ""tanh"", ""tanh"", ""tanh"", ""tanh"", ""tanh"", ""tanh"", ""tanh"", ""swish"", ""swish"", ""swish"", ""linear""]]",3,36,322,False
47901651ce68,"[[""tanh"", ""tanh"", ""tanh"", ""tanh"", ""tanh"", ""tanh"", ""swish"", ""swish"", ""swish""], [""tanh"", ""tanh"", ""tanh"", ""tanh"", ""tanh"", ""swish"", ""swish""], [""tanh"", ""tanh"", ""tanh"", ""tanh"", ""tanh"", ""swish"", ""swish""]]",3,23,161,False
ae13edfb5603,"[[""tanh"", ""tanh"", ""tanh"", ""tanh"", ""tanh"", ""tanh"", ""tanh"", ""tanh"", ""tanh"", ""tanh"", ""swish"", ""swish"", ""swish"", ""swish"", ""swish"", ""linear""], [""tanh"", ""tanh"", ""tanh"", ""tanh"", ""swish"", ""swish""], [""tanh"", ""tanh"", ""tanh"", ""tanh"", ""tanh"", ""swish"", ""swish""]]",3,29,207,False
0a3769838510,"[[""tanh"", ""tanh"", ""tanh"", ""tanh"", ""tanh"", ""tanh"", ""tanh"", ""tanh"", ""tanh"", ""tanh"", ""swish"", ""swish"", ""swish"", ""swish"", ""swish"", ""linear""], [""tanh"", ""tanh"", ""tanh"", ""tanh"", ""tanh"", ""tanh"", ""tanh"", ""tanh"", ""tanh"", ""tanh"", ""swish"", ""swish"", ""swish"", ""swish"", ""swish"", ""linear""], [""tanh"", ""tanh"", ""tanh"", ""tanh"", ""tanh"", ""tanh"", ""swish"", ""swish"", ""swish""]]",3,41,483,False
6229f9c59429,"[[""tanh"", ""tanh"", ""tanh"", ""tanh"", ""tanh"", ""tanh"", ""tanh"", ""tanh"", ""tanh"", ""tanh"", ""swish"", ""swish"", ""swish"", ""swish"", ""swish"", ""linear""], [""tanh"", ""tanh"", ""tanh"", ""tanh"", ""tanh"", ""tanh"", ""tanh"", ""swish"", ""swish"", ""swish"", ""linear""], [""tanh"", ""tanh"", ""tanh"", ""tanh"", ""tanh"", ""tanh"", ""swish"", ""swish"", ""swish"", ""linear""]]",3,37,366,False
f85f2dfbc28c,"[[""tanh"", ""tanh"", ""tanh"", ""tanh"", ""tanh"", ""tanh"", ""tanh"", ""tanh"", ""tanh"", ""tanh"", ""swish"", ""swish"", ""swish"", ""swish"", ""linear""], [""tanh"", ""tanh"", ""tanh"", ""tanh"", ""tanh"", ""tanh"", ""tanh"", ""tanh"", ""swish"", ""swish"", ""swish"", ""linear""], [""tanh"", ""tanh"", ""tanh"", ""tanh"", ""tanh"", ""tanh"", ""swish"", ""swish"", ""swish""]]",3,36,364,False
4f1748152504,"[[""tanh"", ""tanh"", ""tanh"", ""tanh"", ""tanh"", ""tanh"", ""tanh"", ""tanh"", ""tanh"", ""tanh"", ""swish"", ""swish"", ""swish"", ""swish"", ""linear""], [""tanh"", ""tanh"", ""tanh"", ""tanh"", ""tanh"", ""tanh"", ""tanh"", ""tanh"", ""swish"", ""swish"", ""swish"", ""linear""], [""tanh"", ""tanh"", ""tanh"", ""tanh"", ""tanh"", ""tanh"", ""tanh"", ""tanh"", ""tanh"", ""swish"", ""swish"", ""swish"", ""swish"", ""linear""]]",3,41,434,False
c7c364ece3f2,"[[""tanh"", ""tanh"", ""tanh"", ""tanh"", ""tanh"", ""swish"", ""swish""], [""tanh"", ""tanh"", ""tanh"", ""tanh"", ""swish"", ""swish""], [""tanh"", ""tanh"", ""tanh"", ""tanh"", ""tanh"", ""tanh"", ""swish"", ""swish"", ""swish"", ""linear""]]",3,23,150,False
70a62195e592,"[[""tanh"", ""tanh"", ""tanh"", ""tanh"", ""swish"", ""swish""], [""tanh"", ""tanh"", ""tanh"", ""tanh"", ""tanh"", ""swish"", ""swish""], [""tanh"", ""tanh"", ""tanh"", ""tanh"", ""tanh"", ""tanh"", ""tanh"", ""tanh"", ""tanh"", ""tanh"", ""swish"", ""swish"", ""swish"", ""swish"", ""swish"", ""linear""]]",3,29,212,False
690f0e216e28,"[[""tanh"", ""tanh"", ""tanh"", ""tanh"", ""tanh"", ""tanh"", ""tanh"", ""tanh"", ""swish"", ""swish"", ""swish"", ""linear""], [""tanh"", ""tanh"", ""tanh"", ""tanh"", ""tanh"", ""tanh"", ""tanh"", ""tanh"", ""swish"", ""swish"", ""swish"", ""linear""], [""tanh"", ""tanh"", ""tanh"", ""tanh"", ""tanh"", ""swish"", ""swish""]]",3,31,291,False
eebdb209a415,"[[""tanh"", ""tanh"", ""tanh"", ""tanh"", ""tanh"", ""tanh"", ""tanh"", ""tanh"", ""tanh"", ""swish"", ""swish"", ""swish"", ""swish"", ""linear""], [""tanh"", ""tanh"", ""tanh"", ""tanh"", ""tanh"", ""tanh"", ""tanh"", ""tanh"", ""tanh"", ""tanh"", ""swish"", ""swish"", ""swish"", ""swish"", ""swish"", ""linear""], [""tanh"", ""tanh"", ""tanh"", ""tanh"", ""tanh"", ""tanh"", ""tanh"", ""tanh"", ""tanh"", ""swish"", ""swish"", ""swish"", ""swish"", ""linear""]]",3,44,535,False
37c6f66e467f,"[[""tanh"", ""tanh"", ""tanh"", ""tanh"", ""tanh"", ""tanh"", ""swish"", ""swish"", ""swish"", ""linear""], [""tanh"", ""tanh"", ""tanh"", ""tanh"", ""tanh"", ""tanh"", ""tanh"", ""tanh"", ""swish"", ""swish"", ""swish"", ""linear""], [""tanh"", ""tanh"", ""tanh"", ""tanh"", ""tanh"", ""tanh"", ""tanh"", ""swish"", ""swish"", ""swish"", ""linear""]]",3,33,317,False
929c609885bc,"[[""tanh"", ""tanh"", ""tanh"", ""tanh"", ""tanh"", ""tanh"", ""tanh"", ""tanh"", ""tanh"", ""tanh"", ""swish"", ""swish"", ""swish"", ""swish"", ""swish"", ""linear""], [""tanh"", ""tanh"", ""tanh"", ""tanh"", ""tanh"", ""tanh"", ""tanh"", ""tanh"", ""tanh"", ""tanh"", ""swish"", ""swish"", ""swish"", ""swish"", ""linear""], [""tanh"", ""tanh"", ""tanh"", ""tanh"", ""tanh"", ""tanh"", ""tanh"", ""tanh"", ""tanh"", ""swish"", ""swish"", ""swish"", ""swish"", ""linear""]]",3,45,542,False
b8ccd6acf9f1,"[[""tanh"", ""tanh"", ""tanh"", ""tanh"", ""tanh"", ""tanh"", ""tanh"", ""tanh"", ""swish"", ""swish"", ""swish"", ""linear""], [""tanh"", ""tanh"", ""tanh"", ""tanh"", ""tanh"", ""swish"", ""swish""], [""tanh"", ""tanh"", ""tanh"", ""tanh"", ""tanh"", ""tanh"", ""swish"", ""swish"", ""swish""]]",3,28,209,False
42c015a382e3,"[[""tanh"", ""tanh"", ""tanh"", ""tanh"", ""tanh"", ""tanh"", ""tanh"", ""tanh"", ""swish"", ""swish"", ""swish"", ""swish"", ""linear""], [""tanh"", ""tanh"", ""tanh"", ""tanh"", ""tanh"", ""tanh"", ""tanh"", ""tanh"", ""swish"", ""swish"", ""swish"", ""linear""], [""tanh"", ""tanh"", ""tanh"", ""tanh"", ""tanh"", ""swish"", ""swish""]]",3,32,306,False
0561bdb8436d,"[[""tanh"", ""tanh"", ""tanh"", ""tanh"", ""tanh"", ""tanh"", ""tanh"", ""swish"", ""swish"", ""swish"", ""linear""], [""tanh"", ""tanh"", ""tanh"", ""tanh"", ""tanh"", ""swish"", ""swish""], [""tanh"", ""tanh"", ""tanh"", ""tanh"", ""tanh"", ""tanh"", ""swish"", ""swish"", ""swish"", ""linear""]]",3,28,208,False
8ab67e098a0a,"[[""tanh"", ""tanh"", ""tanh"", ""tanh"", ""tanh"", ""tanh"", ""tanh"", ""tanh"", ""swish"", ""swish"", ""swish"", ""swish"", ""linear""], [""tanh"", ""tanh"", ""tanh"", ""tanh"", ""tanh"", ""tanh"", ""tanh"", ""tanh"", ""tanh"", ""swish"", ""swish"", ""swish"", ""swish"", ""linear""], [""tanh"", ""tanh"", ""tanh"", ""tanh"", ""tanh"", ""swish"", ""swish"", ""swish""]]",3,35,364,False
0290c8b40089,"[[""tanh"", ""tanh"", ""tanh"", ""tanh"", ""tanh"", ""swish"", ""swish""], [""tanh"", ""tanh"", ""tanh"", ""tanh"", ""tanh"", ""swish"", ""swish"", ""swish""], [""tanh"", ""tanh"", ""tanh"", ""tanh"", ""tanh"", ""tanh"", ""tanh"", ""tanh"", ""tanh"", ""tanh"", ""swish"", ""swish"", ""swish"", ""swish"", ""swish"", ""linear""]]",3,31,246,False
8a1ac2f848a3,"[[""tanh"", ""tanh"", ""tanh"", ""tanh"", ""tanh"", ""swish"", ""swish"", ""swish""], [""tanh"", ""tanh"", ""tanh"", ""tanh"", ""swish"", ""swish""], [""tanh"", ""tanh"", ""tanh"", ""tanh"", ""tanh"", ""tanh"", ""swish"", ""swish"", ""swish"", ""linear""]]",3,24,159,False
685e6cceff91,"[[""tanh"", ""tanh"", ""tanh"", ""tanh"", ""tanh"", ""swish"", ""swish"", ""swish""], [""tanh"", ""tanh"", ""tanh"", ""tanh"", ""tanh"", ""swish"", ""swish"", ""swish""], [""tanh"", ""tanh"", ""tanh"", ""tanh"", ""tanh"", ""swish"", ""swish""]]",3,23,167,False
5aa2b9f95dc4,"[[""tanh"", ""tanh"", ""tanh"", ""tanh"", ""swish"", ""swish""], [""tanh"", ""tanh"", ""tanh"", ""tanh"", ""swish"", ""swish""], [""tanh"", ""tanh"", ""tanh"", ""tanh"", ""tanh"", ""tanh"", ""tanh"", ""swish"", ""swish"", ""swish"", ""linear""]]",3,23,149,False
aa0aa031c364,"[[""tanh"", ""tanh"", ""tanh"", ""tanh"", ""tanh"", ""tanh"", ""tanh"", ""tanh"", ""tanh"", ""swish"", ""swish"", ""swish"", ""swish"", ""linear""], [""tanh"", ""tanh"", ""tanh"", ""tanh"", ""tanh"", ""tanh"", ""swish"", ""swish"", ""swish""], [""tanh"", ""tanh"", ""tanh"", ""tanh"", ""tanh"", ""tanh"", ""tanh"", ""tanh"", ""tanh"", ""swish"", ""swish"", ""swish"", ""swish"", ""linear""]]",3,37,332,False
9bcd0e5336b3,"[[""tanh"", ""tanh"", ""tanh"", ""tanh"", ""tanh"", ""tanh"", ""tanh"", ""tanh"", ""swish"", ""swish"", ""swish"", ""swish"", ""linear""], [""tanh"", ""tanh"", ""tanh"", ""tanh"", ""tanh"", ""tanh"", ""tanh"", ""tanh"", ""swish"", ""swish"", ""swish"", ""linear""], [""tanh"", ""tanh"", ""tanh"", ""tanh"", ""tanh"", ""tanh"", ""tanh"", ""tanh"", ""swish"", ""swish"", ""swish"", ""swish"", ""linear""]]",3,38,390,False
a8e52f92823d,"[[""tanh"", ""tanh"", ""tanh"", ""tanh"", ""tanh"", ""tanh"", ""swish"", ""swish"", ""swish"", ""linear""], [""tanh"", ""tanh"", ""tanh"", ""tanh"", ""tanh"", ""tanh"", ""tanh"", ""tanh"", ""tanh"", ""tanh"", ""swish"", ""swish"", ""swish"", ""swish"", ""swish"", ""linear""], [""tanh"", ""tanh"", ""tanh"", ""tanh"", ""tanh"", ""swish"", ""swish""]]",3,33,333,False
e56558706a5a,"[[""tanh"", ""tanh"", ""tanh"", ""tanh"", ""tanh"", ""tanh"", ""swish"", ""swish"", ""swish"", ""linear""], [""tanh"", ""tanh"", ""tanh"", ""tanh"", ""tanh"", ""swish"", ""swish""], [""tanh"", ""tanh"", ""tanh"", ""tanh"", ""tanh"", ""swish"", ""swish""]]",3,24,171,False
8d5247517de8,"[[""tanh"", ""tanh"", ""tanh"", ""tanh"", ""tanh"", ""tanh"", ""swish"", ""swish"", ""swish""], [""tanh"", ""tanh"", ""tanh"", ""tanh"", ""tanh"", ""tanh"", ""tanh"", ""tanh"", ""tanh"", ""tanh"", ""swish"", ""swish"", ""swish"", ""swish"", ""linear""], [""tanh"", ""tanh"", ""tanh"", ""tanh"", ""tanh"", ""tanh"", ""swish"", ""swish"", ""swish""]]",3,33,331,False
354ccf36916b,"[[""tanh"", ""tanh"", ""tanh"", ""tanh"", ""tanh"", ""swish"", ""swish""], [""tanh"", ""tanh"", ""tanh"", ""tanh"", ""tanh"", ""swish"", ""swish"", ""swish""], [""tanh"", ""tanh"", ""tanh"", ""tanh"", ""tanh"", ""tanh"", ""tanh"", ""swish"", ""swish"", ""swish"", ""linear""]]",3,26,196,False
9cc67e23f5ff,"[[""tanh"", ""tanh"", ""tanh"", ""tanh"", ""tanh"", ""swish"", ""swish""], [""tanh"", ""tanh"", ""tanh"", ""tanh"", ""tanh"", ""tanh"", ""tanh"", ""tanh"", ""tanh"", ""tanh"", ""swish"", ""swish"", ""swish"", ""swish"", ""linear""], [""tanh"", ""tanh"", ""tanh"", ""tanh"", ""tanh"", ""tanh"", ""tanh"", ""tanh"", ""tanh"", ""swish"", ""swish"", ""swish"", ""swish"", ""linear""]]",3,36,380,False
bd82a7c3efb3,"[[""tanh"", ""tanh"", ""tanh"", ""tanh"", ""tanh"", ""swish"", ""swish"", ""swish""], [""tanh"", ""tanh"", ""tanh"", ""tanh"", ""tanh"", ""tanh"", ""swish"", ""swish"", ""swish""], [""tanh"", ""tanh"", ""tanh"", ""tanh"", ""tanh"", ""swish"", ""swish"", ""swish""]]",3,25,194,False
4e38f920193c,"[[""tanh"", ""tanh"", ""tanh"", ""tanh"", ""swish"", ""swish""], [""tanh"", ""tanh"", ""tanh"", ""tanh"", ""tanh"", ""tanh"", ""swish"", ""swish"", ""swish"", ""linear""], [""tanh"", ""tanh"", ""tanh"", ""tanh"", ""tanh"", ""tanh"", ""tanh"", ""swish"", ""swish"", ""swish"", ""linear""]]",3,27,221,False
1c49bd533cd8,"[[""tanh"", ""tanh"", ""tanh"", ""tanh"", ""tanh"", ""swish"", ""swish""], [""tanh"", ""tanh"", ""tanh"", ""tanh"", ""tanh"", ""swish"", ""swish""], [""tanh"", ""tanh"", ""tanh"", ""tanh"", ""tanh"", ""tanh"", ""tanh"", ""tanh"", ""tanh"", ""tanh"", ""swish"", ""swish"", ""swish"", ""swish"", ""linear""]]",3,29,213,False
123b046d3761,"[[""tanh"", ""tanh"", ""tanh"", ""tanh"", ""tanh"", ""swish"", ""swish"", ""swish""], [""tanh"", ""tanh"", ""tanh"", ""tanh"", ""tanh"", ""tanh"", ""tanh"", ""tanh"", ""tanh"", ""tanh"", ""swish"", ""swish"", ""swish"", ""swish"", ""swish"", ""linear""], [""tanh"", ""tanh"", ""tanh"", ""tanh"", ""tanh"", ""tanh"", ""tanh"", ""tanh"", ""tanh"", ""tanh"", ""swish"", ""swish"", ""swish"", ""swish"", ""linear""]]",3,39,439,False
c92fbd91d94b,"[[""tanh"", ""tanh"", ""tanh"", ""tanh"", ""tanh"", ""tanh"", ""tanh"", ""tanh"", ""swish"", ""swish"", ""swish"", ""swish"", ""linear""], [""tanh"", ""tanh"", ""tanh"", ""tanh"", ""swish"", ""swish""], [""tanh"", ""tanh"", ""tanh"", ""tanh"", ""tanh"", ""swish"", ""swish""]]",3,26,180,False
d8f4dc164e0a,"[[""tanh"", ""tanh"", ""tanh"", ""tanh"", ""tanh"", ""swish"", ""swish"", ""swish""], [""tanh"", ""tanh"", ""tanh"", ""tanh"", ""tanh"", ""tanh"", ""swish"", ""swish"", ""swish"", ""linear""], [""tanh"", ""tanh"", ""tanh"", ""tanh"", ""tanh"", ""tanh"", ""swish"", ""swish"", ""swish""]]",3,27,223,False
f96e56c3ac08,"[[""tanh"", ""tanh"", ""tanh"", ""tanh"", ""tanh"", ""tanh"", ""tanh"", ""tanh"", ""tanh"", ""tanh"", ""swish"", ""swish"", ""swish"", ""swish"", ""swish"", ""linear""], [""tanh"", ""tanh"", ""tanh"", ""tanh"", ""tanh"", ""tanh"", ""swish"", ""swish"", ""swish"", ""linear""], [""tanh"", ""tanh"", ""tanh"", ""tanh"", ""tanh"", ""tanh"", ""swish"", ""swish"", ""swish""]]",3,35,327,False
a588c1346e48,"[[""tanh"", ""tanh"", ""tanh"", ""tanh"", ""tanh"", ""tanh"", ""tanh"", ""tanh"", ""tanh"", ""tanh"", ""swish"", ""swish"", ""swish"", ""swish"", ""linear""], [""tanh"", ""tanh"", ""tanh"", ""tanh"", ""tanh"", ""tanh"", ""tanh"", ""tanh"", ""swish"", ""swish"", ""swish"", ""swish"", ""linear""], [""tanh"", ""tanh"", ""tanh"", ""tanh"", ""tanh"", ""tanh"", ""tanh"", ""tanh"", ""tanh"", ""tanh"", ""swish"", ""swish"", ""swish"", ""swish"", ""swish"", ""linear""]]",3,44,494,False
6217f2f4d042,"[[""tanh"", ""tanh"", ""tanh"", ""tanh"", ""tanh"", ""swish"", ""swish""], [""tanh"", ""tanh"", ""tanh"", ""tanh"", ""tanh"", ""tanh"", ""tanh"", ""swish"", ""swish"", ""swish"", ""linear""], [""tanh"", ""tanh"", ""tanh"", ""tanh"", ""tanh"", ""tanh"", ""tanh"", ""tanh"", ""tanh"", ""swish"", ""swish"", ""swish"", ""swish"", ""linear""]]",3,32,292,False
7c1e2d0cad9b,"[[""tanh"", ""tanh"", ""tanh"", ""tanh"", ""tanh"", ""swish"", ""swish""], [""tanh"", ""tanh"", ""tanh"", ""tanh"", ""tanh"", ""swish"", ""swish""], [""tanh"", ""tanh"", ""tanh"", ""tanh"", ""tanh"", ""tanh"", ""tanh"", ""tanh"", ""swish"", ""swish"", ""swish"", ""swish"", ""linear""]]",3,27,195,False
da3c18d1e918,"[[""tanh"", ""tanh"", ""tanh"", ""tanh"", ""swish"", ""swish""], [""tanh"", ""tanh"", ""tanh"", ""tanh"", ""tanh"", ""tanh"", ""tanh"", ""tanh"", ""tanh"", ""tanh"", ""swish"", ""swish"", ""swish"", ""swish"", ""linear""], [""tanh"", ""tanh"", ""tanh"", ""tanh"", ""tanh"", ""swish"", ""swish"", ""swish""]]",3,29,260,False
7bf9a1e65214,"[[""tanh"", ""tanh"", ""tanh"", ""tanh"", ""tanh"", ""tanh"", ""tanh"", ""tanh"", ""swish"", ""swish"", ""swish"", ""swish"", ""linear""], [""tanh"", ""tanh"", ""tanh"", ""tanh"", ""tanh"", ""swish"", ""swish"", ""swish""], [""tanh"", ""tanh"", ""tanh"", ""tanh"", ""tanh"", ""tanh"", ""swish"", ""swish"", ""swish""]]",3,30,242,False
82548a59b458,"[[""tanh"", ""tanh"", ""tanh"", ""tanh"", ""tanh"", ""tanh"", ""tanh"", ""tanh"", ""tanh"", ""tanh"", ""swish"", ""swish"", ""swish"", ""swish"", ""linear""], [""tanh"", ""tanh"", ""tanh"", ""tanh"", ""tanh"", ""swish"", ""swish"", ""swish""], [""tanh"", ""tanh"", ""tanh"", ""tanh"", ""tanh"", ""tanh"", ""tanh"", ""tanh"", ""tanh"", ""swish"", ""swish"", ""swish"", ""swish"", ""linear""]]",3,37,314,False
5fca9e6d5c7d,"[[""tanh"", ""tanh"", ""tanh"", ""tanh"", ""tanh"", ""tanh"", ""swish"", ""swish"", ""swish"", ""linear""], [""tanh"", ""tanh"", ""tanh"", ""tanh"", ""tanh"", ""tanh"", ""tanh"", ""tanh"", ""tanh"", ""tanh"", ""swish"", ""swish"", ""swish"", ""swish"", ""swish"", ""linear""], [""tanh"", ""tanh"", ""tanh"", ""tanh"", ""tanh"", ""tanh"", ""tanh"", ""tanh"", ""tanh"", ""swish"", ""swish"", ""swish"", ""swish"", ""linear""]]",3,40,459,False
2f190b6f13d0,"[[""tanh"", ""tanh"", ""tanh"", ""tanh"", ""tanh"", ""tanh"", ""tanh"", ""swish"", ""swish"", ""swish"", ""linear""], [""tanh"", ""tanh"", ""tanh"", ""tanh"", ""tanh"", ""swish"", ""swish"", ""swish""], [""tanh"", ""tanh"", ""tanh"", ""tanh"", ""swish"", ""swish""]]",3,25,190,False
fced97a4b075,"[[""tanh"", ""tanh"", ""tanh"", ""tanh"", ""tanh"", ""swish"", ""swish""], [""tanh"", ""tanh"", ""tanh"", ""tanh"", ""tanh"", ""swish"", ""swish""], [""tanh"", ""tanh"", ""tanh"", ""tanh"", ""tanh"", ""tanh"", ""swish"", ""swish"", ""swish""]]",3,23,159,False
a6e8e0036dc9,"[[""tanh"", ""tanh"", ""tanh"", ""tanh"", ""tanh"", ""tanh"", ""swish"", ""swish"", ""swish""], [""tanh"", ""tanh"", ""tanh"", ""tanh"", ""tanh"", ""swish"", ""swish""], [""tanh"", ""tanh"", ""tanh"", ""tanh"", ""tanh"", ""tanh"", ""tanh"", ""swish"", ""swish"", ""swish"", ""linear""]]",3,27,197,False
8661f4d443f0,"[[""tanh"", ""tanh"", ""tanh"", ""tanh"", ""tanh"", ""tanh"", ""tanh"", ""tanh"", ""tanh"", ""swish"", ""swish"", ""swish"", ""swish"", ""linear""], [""tanh"", ""tanh"", ""tanh"", ""tanh"", ""tanh"", ""swish"", ""swish""], [""tanh"", ""tanh"", ""tanh"", ""tanh"", ""tanh"", ""tanh"", ""tanh"", ""swish"", ""swish"", ""swish"", ""linear""]]",3,32,247,False
49c6698b6a02,"[[""tanh"", ""tanh"", ""tanh"", ""tanh"", ""tanh"", ""tanh"", ""tanh"", ""tanh"", ""swish"", ""swish"", ""swish"", ""linear""], [""tanh"", ""tanh"", ""tanh"", ""tanh"", ""tanh"", ""swish"", ""swish""], [""tanh"", ""tanh"", ""tanh"", ""tanh"", ""swish"", ""swish""]]",3,25,182,False
671c2071f219,"[[""tanh"", ""tanh"", ""tanh"", ""tanh"", ""swish"", ""swish""], [""tanh"", ""tanh"", ""tanh"", ""tanh"", ""tanh"", ""swish"", ""swish""], [""tanh"", ""tanh"", ""tanh"", ""tanh"", ""tanh"", ""tanh"", ""swish"", ""swish"", ""swish"", ""linear""]]",3,23,158,False
4f5028e5dc4e,"[[""tanh"", ""tanh"", ""tanh"", ""tanh"", ""tanh"", ""tanh"", ""tanh"", ""tanh"", ""tanh"", ""swish"", ""swish"", ""swish"", ""swish"", ""linear""], [""tanh"", ""tanh"", ""tanh"", ""tanh"", ""tanh"", ""tanh"", ""tanh"", ""tanh"", ""tanh"", ""swish"", ""swish"", ""swish"", ""swish"", ""linear""], [""tanh"", ""tanh"", ""tanh"", ""tanh"", ""tanh"", ""tanh"", ""swish"", ""swish"", ""swish""]]",3,37,397,False
0df1250df06b,"[[""tanh"", ""tanh"", ""tanh"", ""tanh"", ""tanh"", ""tanh"", ""swish"", ""swish"", ""swish"", ""linear""], [""tanh"", ""tanh"", ""tanh"", ""tanh"", ""tanh"", ""tanh"", ""tanh"", ""tanh"", ""tanh"", ""tanh"", ""swish"", ""swish"", ""swish"", ""swish"", ""swish"", ""linear""], [""tanh"", ""tanh"", ""tanh"", ""tanh"", ""tanh"", ""tanh"", ""tanh"", ""tanh"", ""tanh"", ""tanh"", ""swish"", ""swish"", ""swish"", ""swish"", ""linear""]]",3,41,477,False
e6acefebb0c4,"[[""tanh"", ""tanh"", ""tanh"", ""tanh"", ""tanh"", ""tanh"", ""tanh"", ""swish"", ""swish"", ""swish"", ""linear""], [""tanh"", ""tanh"", ""tanh"", ""tanh"", ""tanh"", ""tanh"", ""swish"", ""swish"", ""swish""], [""tanh"", ""tanh"", ""tanh"", ""tanh"", ""tanh"", ""swish"", ""swish"", ""swish""]]",3,28,230,False
4b5484bde41d,"[[""tanh"", ""tanh"", ""tanh"", ""tanh"", ""swish"", ""swish""], [""tanh"", ""tanh"", ""tanh"", ""tanh"", ""tanh"", ""swish"", ""swish"", ""swish""], [""tanh"", ""tanh"", ""tanh"", ""tanh"", ""tanh"", ""tanh"", ""swish"", ""swish"", ""swish"", ""linear""]]",3,24,175,False
901149bd54b0,"[[""tanh"", ""tanh"", ""tanh"", ""tanh"", ""swish"", ""swish""], [""tanh"", ""tanh"", ""tanh"", ""tanh"", ""swish"", ""swish""], [""tanh"", ""tanh"", ""tanh"", ""tanh"", ""tanh"", ""tanh"", ""tanh"", ""tanh"", ""swish"", ""swish"", ""swish"", ""linear""]]",3,24,157,False
7dbfff13d838,"[[""tanh"", ""tanh"", ""tanh"", ""tanh"", ""tanh"", ""tanh"", ""tanh"", ""swish"", ""swish"", ""swish"", ""linear""], [""tanh"", ""tanh"", ""tanh"", ""tanh"", ""tanh"", ""tanh"", ""tanh"", ""tanh"", ""swish"", ""swish"", ""swish"", ""linear""], [""tanh"", ""tanh"", ""tanh"", ""tanh"", ""tanh"", ""tanh"", ""swish"", ""swish"", ""swish"", ""linear""]]",3,33,318,False
491c2d22f334,"[[""tanh"", ""tanh"", ""tanh"", ""tanh"", ""tanh"", ""tanh"", ""tanh"", ""tanh"", ""swish"", ""swish"", ""swish"", ""swish"", ""linear""], [""tanh"", ""tanh"", ""tanh"", ""tanh"", ""tanh"", ""tanh"", ""tanh"", ""tanh"", ""swish"", ""swish"", ""swish"", ""swish"", ""linear""], [""tanh"", ""tanh"", ""tanh"", ""tanh"", ""tanh"", ""tanh"", ""swish"", ""swish"", ""swish"", ""linear""]]",3,36,372,False
2bbef547be69,"[[""tanh"", ""tanh"", ""tanh"", ""tanh"", ""tanh"", ""tanh"", ""tanh"", ""tanh"", ""tanh"", ""tanh"", ""swish"", ""swish"", ""swish"", ""swish"", ""linear""], [""tanh"", ""tanh"", ""tanh"", ""tanh"", ""swish"", ""swish""], [""tanh"", ""tanh"", ""tanh"", ""tanh"", ""swish"", ""swish""]]",3,27,190,False
ea9c6cd11e9d,"[[""tanh"", ""tanh"", ""tanh"", ""tanh"", ""tanh"", ""tanh"", ""tanh"", ""tanh"", ""swish"", ""swish"", ""swish"", ""linear""], [""tanh"", ""tanh"", ""tanh"", ""tanh"", ""tanh"", ""swish"", ""swish"", ""swish""], [""tanh"", ""tanh"", ""tanh"", ""tanh"", ""tanh"", ""tanh"", ""tanh"", ""tanh"", ""tanh"", ""tanh"", ""swish"", ""swish"", ""swish"", ""swish"", ""swish"", ""linear""]]",3,36,301,False
4e49a749bc22,"[[""tanh"", ""tanh"", ""tanh"", ""tanh"", ""tanh"", ""tanh"", ""tanh"", ""tanh"", ""swish"", ""swish"", ""swish"", ""swish"", ""linear""], [""tanh"", ""tanh"", ""tanh"", ""tanh"", ""tanh"", ""swish"", ""swish"", ""swish""], [""tanh"", ""tanh"", ""tanh"", ""tanh"", ""tanh"", ""tanh"", ""tanh"", ""tanh"", ""tanh"", ""tanh"", ""swish"", ""swish"", ""swish"", ""swish"", ""linear""]]",3,36,302,False
5ec6a2db2dae,"[[""tanh"", ""tanh"", ""tanh"", ""tanh"", ""tanh"", ""tanh"", ""swish"", ""swish"", ""swish""], [""tanh"", ""tanh"", ""tanh"", ""tanh"", ""tanh"", ""tanh"", ""tanh"", ""tanh"", ""tanh"", ""tanh"", ""swish"", ""swish"", ""swish"", ""swish"", ""swish"", ""linear""], [""tanh"", ""tanh"", ""tanh"", ""tanh"", ""tanh"", ""tanh"", ""tanh"", ""tanh"", ""tanh"", ""swish"", ""swish"", ""swish"", ""swish"", ""linear""]]",3,39,440,False
bcfa9c8b65ee,"[[""tanh"", ""tanh"", ""tanh"", ""tanh"", ""tanh"", ""tanh"", ""tanh"", ""tanh"", ""tanh"", ""tanh"", ""swish"", ""swish"", ""swish"", ""swish"", ""swish"", ""linear""], [""tanh"", ""tanh"", ""tanh"", ""tanh"", ""tanh"", ""tanh"", ""tanh"", ""tanh"", ""tanh"", ""swish"", ""swish"", ""swish"", ""swish"", ""linear""], [""tanh"", ""tanh"", ""tanh"", ""tanh"", ""tanh"", ""tanh"", ""tanh"", ""swish"", ""swish"", ""swish"", ""linear""]]",3,41,463,False
891cc07d15ce,"[[""tanh"", ""tanh"", ""tanh"", ""tanh"", ""tanh"", ""swish"", ""swish"", ""swish""], [""tanh"", ""tanh"", ""tanh"", ""tanh"", ""tanh"", ""tanh"", ""swish"", ""swish"", ""swish"", ""linear""], [""tanh"", ""tanh"", ""tanh"", ""tanh"", ""tanh"", ""tanh"", ""tanh"", ""tanh"", ""tanh"", ""tanh"", ""swish"", ""swish"", ""swish"", ""swish"", ""swish"", ""linear""]]",3,34,307,False
e80b3550cb25,"[[""tanh"", ""tanh"", ""tanh"", ""tanh"", ""tanh"", ""tanh"", ""tanh"", ""tanh"", ""swish"", ""swish"", ""swish"", ""linear""], [""tanh"", ""tanh"", ""tanh"", ""tanh"", ""tanh"", ""tanh"", ""tanh"", ""swish"", ""swish"", ""swish"", ""linear""], [""tanh"", ""tanh"", ""tanh"", ""tanh"", ""tanh"", ""tanh"", ""tanh"", ""tanh"", ""swish"", ""swish"", ""swish"", ""swish"", ""linear""]]",3,36,349,False
81ccc682c018,"[[""tanh"", ""tanh"", ""tanh"", ""tanh"", ""tanh"", ""tanh"", ""tanh"", ""tanh"", ""tanh"", ""swish"", ""swish"", ""swish"", ""swish"", ""linear""], [""tanh"", ""tanh"", ""tanh"", ""tanh"", ""tanh"", ""tanh"", ""tanh"", ""tanh"", ""tanh"", ""swish"", ""swish"", ""swish"", ""swish"", ""linear""], [""tanh"", ""tanh"", ""tanh"", ""tanh"", ""tanh"", ""tanh"", ""tanh"", ""tanh"", ""swish"", ""swish"", ""swish"", ""linear""]]",3,40,445,False
5372261f54d1,"[[""tanh"", ""tanh"", ""tanh"", ""tanh"", ""tanh"", ""tanh"", ""tanh"", ""tanh"", ""swish"", ""swish"", ""swish"", ""swish"", ""linear""], [""tanh"", ""tanh"", ""tanh"", ""tanh"", ""swish"", ""swish""], [""tanh"", ""tanh"", ""tanh"", ""tanh"", ""tanh"", ""tanh"", ""tanh"", ""tanh"", ""tanh"", ""swish"", ""swish"", ""swish"", ""swish"", ""linear""]]",3,33,236,False
4b8a7e1b9275,"[[""tanh"", ""tanh"", ""tanh"", ""tanh"", ""tanh"", ""swish"", ""swish""], [""tanh"", ""tanh"", ""tanh"", ""tanh"", ""tanh"", ""tanh"", ""swish"", ""swish"", ""swish""], [""tanh"", ""tanh"", ""tanh"", ""tanh"", ""tanh"", ""swish"", ""swish"", ""swish""]]",3,24,182,False
e7146282d81e,"[[""tanh"", ""tanh"", ""tanh"", ""tanh"", ""tanh"", ""swish"", ""swish""], [""tanh"", ""tanh"", ""tanh"", ""tanh"", ""tanh"", ""tanh"", ""swish"", ""swish"", ""swish""], [""tanh"", ""tanh"", ""tanh"", ""tanh"", ""tanh"", ""tanh"", ""tanh"", ""tanh"", ""tanh"", ""tanh"", ""swish"", ""swish"", ""swish"", ""swish"", ""swish"", ""linear""]]",3,32,270,False
23e26f927826,"[[""tanh"", ""tanh"", ""tanh"", ""tanh"", ""tanh"", ""tanh"", ""tanh"", ""tanh"", ""tanh"", ""tanh"", ""swish"", ""swish"", ""swish"", ""swish"", ""linear""], [""tanh"", ""tanh"", ""tanh"", ""tanh"", ""tanh"", ""tanh"", ""tanh"", ""tanh"", ""tanh"", ""tanh"", ""swish"", ""swish"", ""swish"", ""swish"", ""linear""], [""tanh"", ""tanh"", ""tanh"", ""tanh"", ""tanh"", ""tanh"", ""tanh"", ""tanh"", ""tanh"", ""swish"", ""swish"", ""swish"", ""swish"", ""linear""]]",3,44,524,False
a1061081d074,"[[""tanh"", ""tanh"", ""tanh"", ""tanh"", ""tanh"", ""tanh"", ""tanh"", ""tanh"", ""swish"", ""swish"", ""swish"", ""linear""], [""tanh"", ""tanh"", ""tanh"", ""tanh"", ""tanh"", ""tanh"", ""tanh"", ""tanh"", ""tanh"", ""tanh"", ""swish"", ""swish"", ""swish"", ""swish"", ""linear""], [""tanh"", ""tanh"", ""tanh"", ""tanh"", ""tanh"", ""tanh"", ""swish"", ""swish"", ""swish"", ""linear""]]",3,37,402,False
21e7ee990356,"[[""tanh"", ""tanh"", ""tanh"", ""tanh"", ""tanh"", ""tanh"", ""swish"", ""swish"", ""swish""], [""tanh"", ""tanh"", ""tanh"", ""tanh"", ""tanh"", ""tanh"", ""tanh"", ""tanh"", ""tanh"", ""tanh"", ""swish"", ""swish"", ""swish"", ""swish"", ""swish"", ""linear""], [""tanh"", ""tanh"", ""tanh"", ""tanh"", ""tanh"", ""swish"", ""swish"", ""swish""]]",3,33,332,False
4966eeb8fb35,"[[""tanh"", ""tanh"", ""tanh"", ""tanh"", ""tanh"", ""tanh"", ""tanh"", ""tanh"", ""tanh"", ""tanh"", ""swish"", ""swish"", ""swish"", ""swish"", ""linear""], [""tanh"", ""tanh"", ""tanh"", ""tanh"", ""tanh"", ""tanh"", ""tanh"", ""tanh"", ""tanh"", ""tanh"", ""swish"", ""swish"", ""swish"", ""swish"", ""swish"", ""linear""], [""tanh"", ""tanh"", ""tanh"", ""tanh"", ""tanh"", ""tanh"", ""tanh"", ""tanh"", ""tanh"", ""swish"", ""swish"", ""swish"", ""swish"", ""linear""]]",3,45,554,False
8bee86e89650,"[[""tanh"", ""tanh"", ""tanh"", ""tanh"", ""tanh"", ""swish"", ""swish""], [""tanh"", ""tanh"", ""tanh"", ""tanh"", ""tanh"", ""tanh"", ""swish"", ""swish"", ""swish"", ""linear""], [""tanh"", ""tanh"", ""tanh"", ""tanh"", ""tanh"", ""swish"", ""swish""]]",3,24,186,False
3b431b6cfca5,"[[""tanh"", ""tanh"", ""tanh"", ""tanh"", ""tanh"", ""tanh"", ""tanh"", ""tanh"", ""tanh"", ""tanh"", ""swish"", ""swish"", ""swish"", ""swish"", ""swish"", ""linear""], [""tanh"", ""tanh"", ""tanh"", ""tanh"", ""tanh"", ""swish"", ""swish""], [""tanh"", ""tanh"", ""tanh"", ""tanh"", ""tanh"", ""tanh"", ""swish"", ""swish"", ""swish""]]",3,32,249,False
9bd32342cd3f,"[[""tanh"", ""tanh"", ""tanh"", ""tanh"", ""swish"", ""swish""], [""tanh"", ""tanh"", ""tanh"", ""tanh"", ""tanh"", ""tanh"", ""swish"", ""swish"", ""swish"", ""linear""], [""tanh"", ""tanh"", ""tanh"", ""tanh"", ""tanh"", ""tanh"", ""tanh"", ""tanh"", ""swish"", ""swish"", ""swish"", ""linear""]]",3,28,233,False
f1d7820c9abd,"[[""tanh"", ""tanh"", ""tanh"", ""tanh"", ""tanh"", ""tanh"", ""swish"", ""swish"", ""swish""], [""tanh"", ""tanh"", ""tanh"", ""tanh"", ""tanh"", ""tanh"", ""tanh"", ""tanh"", ""tanh"", ""swish"", ""swish"", ""swish"", ""swish"", ""linear""], [""tanh"", ""tanh"", ""tanh"", ""tanh"", ""tanh"", ""tanh"", ""tanh"", ""swish"", ""swish"", ""swish"", ""linear""]]",3,34,344,False
f20038d40290,"[[""tanh"", ""tanh"", ""tanh"", ""tanh"", ""tanh"", ""tanh"", ""tanh"", ""tanh"", ""tanh"", ""tanh"", ""swish"", ""swish"", ""swish"", ""swish"", ""swish"", ""linear""], [""tanh"", ""tanh"", ""tanh"", ""tanh"", ""tanh"", ""tanh"", ""swish"", ""swish"", ""swish""], [""tanh"", ""tanh"", ""tanh"", ""tanh"", ""tanh"", ""tanh"", ""tanh"", ""tanh"", ""tanh"", ""tanh"", ""swish"", ""swish"", ""swish"", ""swish"", ""swish"", ""linear""]]",3,41,378,False
91544adfbcbc,"[[""tanh"", ""tanh"", ""tanh"", ""tanh"", ""tanh"", ""tanh"", ""tanh"", ""swish"", ""swish"", ""swish"", ""linear""], [""tanh"", ""tanh"", ""tanh"", ""tanh"", ""tanh"", ""tanh"", ""tanh"", ""tanh"", ""tanh"", ""tanh"", ""swish"", ""swish"", ""swish"", ""swish"", ""linear""], [""tanh"", ""tanh"", ""tanh"", ""tanh"", ""tanh"", ""swish"", ""swish"", ""swish""]]",3,34,350,False
b0968935d25d,"[[""tanh"", ""tanh"", ""tanh"", ""tanh"", ""tanh"", ""tanh"", ""tanh"", ""swish"", ""swish"", ""swish"", ""linear""], [""tanh"", ""tanh"", ""tanh"", ""tanh"", ""tanh"", ""tanh"", ""tanh"", ""tanh"", ""swish"", ""swish"", ""swish"", ""linear""], [""tanh"", ""tanh"", ""tanh"", ""tanh"", ""tanh"", ""tanh"", ""tanh"", ""tanh"", ""tanh"", ""swish"", ""swish"", ""swish"", ""swish"", ""linear""]]",3,37,374,False
8cd794006915,"[[""tanh"", ""tanh"", ""tanh"", ""tanh"", ""tanh"", ""tanh"", ""tanh"", ""tanh"", ""tanh"", ""swish"", ""swish"", ""swish"", ""swish"", ""linear""], [""tanh"", ""tanh"", ""tanh"", ""tanh"", ""tanh"", ""tanh"", ""swish"", ""swish"", ""swish"", ""linear""], [""tanh"", ""tanh"", ""tanh"", ""tanh"", ""tanh"", ""tanh"", ""tanh"", ""tanh"", ""tanh"", ""swish"", ""swish"", ""swish"", ""swish"", ""linear""]]",3,38,361,False
68adb0300ab2,"[[""tanh"", ""tanh"", ""tanh"", ""tanh"", ""tanh"", ""tanh"", ""tanh"", ""tanh"", ""tanh"", ""tanh"", ""swish"", ""swish"", ""swish"", ""swish"", ""swish"", ""linear""], [""tanh"", ""tanh"", ""tanh"", ""tanh"", ""tanh"", ""tanh"", ""tanh"", ""tanh"", ""swish"", ""swish"", ""swish"", ""linear""], [""tanh"", ""tanh"", ""tanh"", ""tanh"", ""swish"", ""swish""]]",3,34,337,False
a2722202fa0f,"[[""tanh"", ""tanh"", ""tanh"", ""tanh"", ""tanh"", ""tanh"", ""tanh"", ""swish"", ""swish"", ""swish"", ""linear""], [""tanh"", ""tanh"", ""tanh"", ""tanh"", ""tanh"", ""tanh"", ""swish"", ""swish"", ""swish"", ""linear""], [""tanh"", ""tanh"", ""tanh"", ""tanh"", ""tanh"", ""tanh"", ""tanh"", ""tanh"", ""tanh"", ""tanh"", ""swish"", ""swish"", ""swish"", ""swish"", ""linear""]]",3,36,334,False
f8e87852df26,"[[""tanh"", ""tanh"", ""tanh"", ""tanh"", ""swish"", ""swish""], [""tanh"", ""tanh"", ""tanh"", ""tanh"", ""tanh"", ""tanh"", ""tanh"", ""tanh"", ""tanh"", ""tanh"", ""swish"", ""swish"", ""swish"", ""swish"", ""linear""], [""tanh"", ""tanh"", ""tanh"", ""tanh"", ""tanh"", ""tanh"", ""tanh"", ""tanh"", ""swish"", ""swish"", ""swish"", ""swish"", ""linear""]]",3,34,345,False
66efecb97c7c,"[[""tanh"", ""tanh"", ""tanh"", ""tanh"", ""tanh"", ""tanh"", ""tanh"", ""tanh"", ""tanh"", ""tanh"", ""swish"", ""swish"", ""swish"", ""swish"", ""swish"", ""linear""], [""tanh"", ""tanh"", ""tanh"", ""tanh"", ""tanh"", ""tanh"", ""swish"", ""swish"", ""swish"", ""linear""], [""tanh"", ""tanh"", ""tanh"", ""tanh"", ""tanh"", ""tanh"", ""tanh"", ""tanh"", ""swish"", ""swish"", ""swish"", ""swish"", ""linear""]]",3,39,375,False
7842439647c2,"[[""tanh"", ""tanh"", ""tanh"", ""tanh"", ""tanh"", ""tanh"", ""tanh"", ""tanh"", ""tanh"", ""swish"", ""swish"", ""swish"", ""swish"", ""linear""], [""tanh"", ""tanh"", ""tanh"", ""tanh"", ""tanh"", ""tanh"", ""tanh"", ""swish"", ""swish"", ""swish"", ""linear""], [""tanh"", ""tanh"", ""tanh"", ""tanh"", ""tanh"", ""tanh"", ""swish"", ""swish"", ""swish""]]",3,34,325,False
254a39f15904,"[[""tanh"", ""tanh"", ""tanh"", ""tanh"", ""tanh"", ""tanh"", ""swish"", ""swish"", ""swish"", ""linear""], [""tanh"", ""tanh"", ""tanh"", ""tanh"", ""tanh"", ""swish"", ""swish""], [""tanh"", ""tanh"", ""tanh"", ""tanh"", ""tanh"", ""tanh"", ""tanh"", ""tanh"", ""tanh"", ""tanh"", ""swish"", ""swish"", ""swish"", ""swish"", ""swish"", ""linear""]]",3,33,252,False
eb4e556c6625,"[[""tanh"", ""tanh"", ""tanh"", ""tanh"", ""tanh"", ""tanh"", ""tanh"", ""tanh"", ""tanh"", ""tanh"", ""swish"", ""swish"", ""swish"", ""swish"", ""linear""], [""tanh"", ""tanh"", ""tanh"", ""tanh"", ""tanh"", ""tanh"", ""tanh"", ""tanh"", ""swish"", ""swish"", ""swish"", ""swish"", ""linear""], [""tanh"", ""tanh"", ""tanh"", ""tanh"", ""tanh"", ""tanh"", ""tanh"", ""tanh"", ""swish"", ""swish"", ""swish"", ""linear""]]",3,40,434,False
0f0eddd17d0d,"[[""tanh"", ""tanh"", ""tanh"", ""tanh"", ""tanh"", ""tanh"", ""tanh"", ""tanh"", ""tanh"", ""tanh"", ""swish"", ""swish"", ""swish"", ""swish"", ""linear""], [""tanh"", ""tanh"", ""tanh"", ""tanh"", ""tanh"", ""tanh"", ""swish"", ""swish"", ""swish""], [""tanh"", ""tanh"", ""tanh"", ""tanh"", ""tanh"", ""swish"", ""swish""]]",3,31,267,False
f5e22740aad1,"[[""tanh"", ""tanh"", ""tanh"", ""tanh"", ""tanh"", ""tanh"", ""swish"", ""swish"", ""swish""], [""tanh"", ""tanh"", ""tanh"", ""tanh"", ""tanh"", ""tanh"", ""tanh"", ""tanh"", ""tanh"", ""tanh"", ""swish"", ""swish"", ""swish"", ""swish"", ""linear""], [""tanh"", ""tanh"", ""tanh"", ""tanh"", ""tanh"", ""tanh"", ""tanh"", ""swish"", ""swish"", ""swish"", ""linear""]]",3,35,365,False
b5aa48b20d7b,"[[""tanh"", ""tanh"", ""tanh"", ""tanh"", ""tanh"", ""tanh"", ""swish"", ""swish"", ""swish""], [""tanh"", ""tanh"", ""tanh"", ""tanh"", ""tanh"", ""tanh"", ""tanh"", ""tanh"", ""swish"", ""swish"", ""swish"", ""linear""], [""tanh"", ""tanh"", ""tanh"", ""tanh"", ""tanh"", ""tanh"", ""tanh"", ""tanh"", ""tanh"", ""tanh"", ""swish"", ""swish"", ""swish"", ""swish"", ""linear""]]",3,36,358,False
cefe5251ed18,"[[""tanh"", ""tanh"", ""tanh"", ""tanh"", ""tanh"", ""tanh"", ""swish"", ""swish"", ""swish"", ""linear""], [""tanh"", ""tanh"", ""tanh"", ""tanh"", ""tanh"", ""tanh"", ""tanh"", ""tanh"", ""tanh"", ""tanh"", ""swish"", ""swish"", ""swish"", ""swish"", ""linear""], [""tanh"", ""tanh"", ""tanh"", ""tanh"", ""tanh"", ""swish"", ""swish"", ""swish""]]",3,33,332,False
c5ae5608b0d3,"[[""tanh"", ""tanh"", ""tanh"", ""tanh"", ""tanh"", ""tanh"", ""tanh"", ""tanh"", ""tanh"", ""tanh"", ""swish"", ""swish"", ""swish"", ""swish"", ""linear""], [""tanh"", ""tanh"", ""tanh"", ""tanh"", ""tanh"", ""tanh"", ""swish"", ""swish"", ""swish""], [""tanh"", ""tanh"", ""tanh"", ""tanh"", ""tanh"", ""tanh"", ""tanh"", ""tanh"", ""swish"", ""swish"", ""swish"", ""swish"", ""linear""]]",3,37,333,False
4e4cc6da1d69,"[[""tanh"", ""tanh"", ""tanh"", ""tanh"", ""tanh"", ""tanh"", ""swish"", ""swish"", ""swish""], [""tanh"", ""tanh"", ""tanh"", ""tanh"", ""tanh"", ""swish"", ""swish"", ""swish""], [""tanh"", ""tanh"", ""tanh"", ""tanh"", ""tanh"", ""tanh"", ""tanh"", ""tanh"", ""tanh"", ""tanh"", ""swish"", ""swish"", ""swish"", ""swish"", ""swish"", ""linear""]]",3,33,268,False
4eff036511e1,"[[""tanh"", ""tanh"", ""tanh"", ""tanh"", ""tanh"", ""tanh"", ""tanh"", ""tanh"", ""swish"", ""swish"", ""swish"", ""linear""], [""tanh"", ""tanh"", ""tanh"", ""tanh"", ""tanh"", ""swish"", ""swish""], [""tanh"", ""tanh"", ""tanh"", ""tanh"", ""tanh"", ""swish"", ""swish""]]",3,26,191,False
cd6a0f0e5772,"[[""tanh"", ""tanh"", ""tanh"", ""tanh"", ""tanh"", ""tanh"", ""tanh"", ""tanh"", ""swish"", ""swish"", ""swish"", ""swish"", ""linear""], [""tanh"", ""tanh"", ""tanh"", ""tanh"", ""tanh"", ""tanh"", ""swish"", ""swish"", ""swish""], [""tanh"", ""tanh"", ""tanh"", ""tanh"", ""tanh"", ""tanh"", ""tanh"", ""tanh"", ""tanh"", ""swish"", ""swish"", ""swish"", ""swish"", ""linear""]]",3,36,320,False
85e5ed78fa34,"[[""tanh"", ""tanh"", ""tanh"", ""tanh"", ""swish"", ""swish""], [""tanh"", ""tanh"", ""tanh"", ""tanh"", ""swish"", ""swish""], [""tanh"", ""tanh"", ""tanh"", ""tanh"", ""tanh"", ""swish"", ""swish"", ""swish""]]",3,20,125,False
7831951541c0,"[[""tanh"", ""tanh"", ""tanh"", ""tanh"", ""tanh"", ""tanh"", ""tanh"", ""tanh"", ""tanh"", ""tanh"", ""swish"", ""swish"", ""swish"", ""swish"", ""swish"", ""linear""], [""tanh"", ""tanh"", ""tanh"", ""tanh"", ""tanh"", ""tanh"", ""tanh"", ""tanh"", ""swish"", ""swish"", ""swish"", ""swish"", ""linear""], [""tanh"", ""tanh"", ""tanh"", ""tanh"", ""tanh"", ""tanh"", ""tanh"", ""tanh"", ""swish"", ""swish"", ""swish"", ""linear""]]",3,41,450,False
fd7b5f5f2e44,"[[""tanh"", ""tanh"", ""tanh"", ""tanh"", ""tanh"", ""tanh"", ""tanh"", ""tanh"", ""swish"", ""swish"", ""swish"", ""linear""], [""tanh"", ""tanh"", ""tanh"", ""tanh"", ""tanh"", ""tanh"", ""tanh"", ""tanh"", ""swish"", ""swish"", ""swish"", ""swish"", ""linear""], [""tanh"", ""tanh"", ""tanh"", ""tanh"", ""tanh"", ""tanh"", ""tanh"", ""tanh"", ""tanh"", ""tanh"", ""swish"", ""swish"", ""swish"", ""swish"", ""swish"", ""linear""]]",3,41,446,False
